LMK_KEY,ADDRESS1,ADDRESS2,ADDRESS3,POSTCODE,BUILDING_REFERENCE_NUMBER,CURRENT_ENERGY_RATING,POTENTIAL_ENERGY_RATING,CURRENT_ENERGY_EFFICIENCY,POTENTIAL_ENERGY_EFFICIENCY,PROPERTY_TYPE,BUILT_FORM,INSPECTION_DATE,LOCAL_AUTHORITY,CONSTITUENCY,COUNTY,LODGEMENT_DATE,TRANSACTION_TYPE,ENVIRONMENT_IMPACT_CURRENT,ENVIRONMENT_IMPACT_POTENTIAL,ENERGY_CONSUMPTION_CURRENT,ENERGY_CONSUMPTION_POTENTIAL,CO2_EMISSIONS_CURRENT,CO2_EMISS_CURR_PER_FLOOR_AREA,CO2_EMISSIONS_POTENTIAL,LIGHTING_COST_CURRENT,LIGHTING_COST_POTENTIAL,HEATING_COST_CURRENT,HEATING_COST_POTENTIAL,HOT_WATER_COST_CURRENT,HOT_WATER_COST_POTENTIAL,TOTAL_FLOOR_AREA,ENERGY_TARIFF,MAINS_GAS_FLAG,FLOOR_LEVEL,FLAT_TOP_STOREY,FLAT_STOREY_COUNT,MAIN_HEATING_CONTROLS,MULTI_GLAZE_PROPORTION,GLAZED_TYPE,GLAZED_AREA,EXTENSION_COUNT,NUMBER_HABITABLE_ROOMS,NUMBER_HEATED_ROOMS,LOW_ENERGY_LIGHTING,NUMBER_OPEN_FIREPLACES,HOTWATER_DESCRIPTION,HOT_WATER_ENERGY_EFF,HOT_WATER_ENV_EFF,FLOOR_DESCRIPTION,FLOOR_ENERGY_EFF,FLOOR_ENV_EFF,WINDOWS_DESCRIPTION,WINDOWS_ENERGY_EFF,WINDOWS_ENV_EFF,WALLS_DESCRIPTION,WALLS_ENERGY_EFF,WALLS_ENV_EFF,SECONDHEAT_DESCRIPTION,SHEATING_ENERGY_EFF,SHEATING_ENV_EFF,ROOF_DESCRIPTION,ROOF_ENERGY_EFF,ROOF_ENV_EFF,MAINHEAT_DESCRIPTION,MAINHEAT_ENERGY_EFF,MAINHEAT_ENV_EFF,MAINHEATCONT_DESCRIPTION,MAINHEATC_ENERGY_EFF,MAINHEATC_ENV_EFF,LIGHTING_DESCRIPTION,LIGHTING_ENERGY_EFF,LIGHTING_ENV_EFF,MAIN_FUEL,WIND_TURBINE_COUNT,HEAT_LOSS_CORRIDOR,UNHEATED_CORRIDOR_LENGTH,FLOOR_HEIGHT,PHOTO_SUPPLY,SOLAR_WATER_HEATING_FLAG,MECHANICAL_VENTILATION,ADDRESS,LOCAL_AUTHORITY_LABEL,CONSTITUENCY_LABEL,POSTTOWN,CONSTRUCTION_AGE_BAND,LODGEMENT_DATETIME,TENURE,FIXED_LIGHTING_OUTLETS_COUNT,LOW_ENERGY_FIXED_LIGHT_COUNT,UPRN,UPRN_SOURCE,REPORT_TYPE
5864abb88e9ab63f9ed241df7d4906e745f616478fb2768ecb804e5b566c0418,Flat 116,4 Whitehall Court,,SW1A 2EP,10007378177,D,B,64,81,Flat,Mid-Terrace,2025-03-05,E09000033,E14001172,,2025-03-07,marketed sale,56,80,226,105,4.1,40,1.9,177,107,870,349,186,186,103.0,Unknown,N,03,N,,,0,not defined,Normal,0,4,4,31,0,Community scheme,Good,Good,(another dwelling below),N/A,N/A,Single glazed,Very Poor,Very Poor,"Solid brick, as built, no insulation (assumed)",Very Poor,Very Poor,None,N/A,N/A,(another dwelling above),N/A,N/A,Community scheme,Good,Good,"Flat rate charging, no thermostatic control of room temperature",Very Poor,Very Poor,Low energy lighting in 31% of fixed outlets,Average,Average,mains gas (community),0,heated corridor,,3.22,0.0,N,natural,"Flat 116, 4 Whitehall Court",Westminster,,LONDON,England and Wales: 1900-1929,2025-03-07 13:34:31,Owner-occupied,16,,100023337040,Energy Assessor,100
8957695737903ce1fff3a2876ff1b76f018ae9014624e2dbe5694edbb5d049c6,Flat 1,24 St. James's Place,,SW1A 1NH,10007225666,D,D,63,63,Flat,Mid-Terrace,2025-02-12,E09000033,E14001172,,2025-02-13,marketed sale,59,59,224,224,7.9,38,7.9,209,209,2928,2928,357,357,209.0,dual,N,00,N,,,100,"double glazing, unknown install date",Normal,0,4,4,100,0,"Electric immersion, off-peak",Poor,Poor,(another dwelling below),N/A,N/A,Fully double glazed,Average,Average,"System built, as built, no insulation (assumed)",Very Poor,Very Poor,None,N/A,N/A,(another dwelling above),N/A,N/A,"Boiler and underfloor heating, electric",Very Poor,Very Poor,Time and temperature zone control,Very Good,Very Good,Low energy lighting in all fixed outlets,Very Good,Very Good,electricity (not community),0,heated corridor,,2.51,0.0,N,natural,"Flat 1, 24 St. James's Place",Westminster,,LONDON,England and Wales: 1950-1966,2025-02-13 10:20:09,Owner-occupied,18,,100022805112,Energy Assessor,100
c8a40e104835f766ee9c8dc2141041e765ed9441a1269eb44d515d2a39ac1a3c,Flat 24,73 St. James's Street,,SW1A 1PH,10007091005,D,D,66,66,Flat,Mid-Terrace,2025-01-20,E09000033,E14001172,,2025-01-21,marketed sale,69,69,195,195,2.1,33,2.1,88,88,663,663,165,165,64.0,Single,N,04,N,,,100,"double glazing, unknown install date",Normal,0,2,2,79,0,Community scheme,Good,Good,(another dwelling below),N/A,N/A,Fully double glazed,Average,Average,"Timber frame, as built, no insulation (assumed)",Very Poor,Very Poor,None,N/A,N/A,(another dwelling above),N/A,N/A,Electric underfloor heating,Very Poor,Very Poor,Time and temperature zone control,Very Good,Very Good,Low energy lighting in 79% of fixed outlets,Very Good,Very Good,electricity (not community),0,heated corridor,,2.14,0.0,N,natural,"Flat 24, 73 St. James's Street",Westminster,,LONDON,England and Wales: before 1900,2025-01-21 13:19:23,Owner-occupied,14,,100022805220,Energy Assessor,100
627edf405576a5f499fd6c59433c070f08b01bb10e7ac0219ff2550585826746,Flat 115,4 Whitehall Court,,SW1A 2EP,10007087433,C,B,69,81,Flat,Mid-Terrace,2025-01-14,E09000033,E14001172,,2025-01-16,marketed sale,66,82,211,112,2.4,37,1.3,128,73,492,233,166,166,65.0,Single,N,02,N,,,0,not defined,Normal,0,2,2,21,0,Community scheme,Good,Good,(another dwelling below),N/A,N/A,Single glazed,Very Poor,Very Poor,"Solid brick, as built, no insulation (assumed)",Very Poor,Very Poor,None,N/A,N/A,(another dwelling above),N/A,N/A,Community scheme,Good,Good,"Flat rate charging, no thermostatic control of room temperature",Very Poor,Very Poor,Low energy lighting in 21% of fixed outlets,Poor,Poor,mains gas (community),0,heated corridor,,3.41,0.0,N,natural,"Flat 115, 4 Whitehall Court",Westminster,,LONDON,England and Wales: 1900-1929,2025-01-16 14:22:33,Owner-occupied,14,,100023337055,Energy Assessor,100
b0203cc95d663241cfde2f6c06cd97ee977cbdee6c13173fafb02ab65fa9dea8,Flat 148,4 Whitehall Court,,SW1A 2EP,10006972726,D,C,55,75,Flat,End-Terrace,2024-11-27,E09000033,E14001172,,2024-12-06,marketed sale,43,70,247,124,11.0,44,5.7,249,192,2931,1395,202,203,262.0,Unknown,Y,07,Y,,,60,"double glazing, unknown install date",Normal,1,6,6,70,0,From main system,Good,Good,(another dwelling below),N/A,N/A,Partial double glazing,Poor,Poor,"Solid brick, as built, no insulation (assumed)",Very Poor,Very Poor,None,N/A,N/A,"Pitched, no insulation (assumed)",Very Poor,Very Poor,"Boiler and radiators, mains gas",Good,Good,"Programmer, room thermostat and TRVs",Good,Good,Low energy lighting in 70% of fixed outlets,Very Good,Very Good,mains gas (not community),0,no corridor,,2.5,0.0,N,natural,"Flat 148, 4 Whitehall Court",Westminster,,LONDON,England and Wales: 1900-1929,2024-12-06 11:18:44,Owner-occupied,20,,100023337113,Energy Assessor,100
50e5d0f91f0a882981d5ab43f3d59fa6005dc07b756b183c4837a7b62770db58,Flat 1,16 Whitehall,,SW1A 2DY,10006867546,C,C,69,77,Flat,Mid-Terrace,2024-11-06,E09000033,E14001172,,2024-11-08,marketed sale,64,75,215,152,4.3,38,3.0,117,119,1040,690,203,205,113.0,Unknown,Y,02,N,,,50,"double glazing, unknown install date",Normal,1,3,3,100,0,From main system,Good,Good,(another dwelling below),N/A,N/A,Partial double glazing,Poor,Poor,"Solid brick, as built, no insulation (assumed)",Poor,Poor,None,N/A,N/A,(another dwelling above),N/A,N/A,"Boiler and underfloor heating, mains gas",Good,Good,Time and temperature zone control,Very Good,Very Good,Low energy lighting in all fixed outlets,Very Good,Very Good,mains gas (not community),0,unheated corridor,8.75,3.71,0.0,N,natural,"Flat 1, 16 Whitehall",Westminster,,LONDON,England and Wales: before 1900,2024-11-08 07:33:23,Owner-occupied,10,,100022819781,Energy Assessor,100
7c0034eb3d90fc681c44d57444499ed43c5a3978495f821243322ab159930be2,Flat 143b,4 Whitehall Court,,SW1A 2EP,10006743087,D,C,62,79,Flat,Mid-Terrace,2024-10-17,E09000033,E14001172,,2024-10-17,marketed sale,52,78,256,117,4.1,45,1.9,100,102,953,360,189,189,91.0,Unknown,N,06,N,,,20,secondary glazing,Normal,0,3,3,100,0,Community scheme,Good,Good,(another dwelling below),N/A,N/A,Some secondary glazing,Poor,Poor,"Solid brick, as built, no insulation (assumed)",Very Poor,Very Poor,None,N/A,N/A,(another dwelling above),N/A,N/A,Community scheme,Good,Good,"Flat rate charging, no thermostatic control of room temperature",Very Poor,Very Poor,Low energy lighting in all fixed outlets,Very Good,Very Good,mains gas (community),0,heated corridor,,2.98,0.0,N,natural,"Flat 143b, 4 Whitehall Court",Westminster,,LONDON,England and Wales: before 1900,2024-10-17 16:21:38,Owner-occupied,10,,100023337105,Energy Assessor,100
b5663a7a2910f4cac9606d9a15f25da600be7d0ee2c3007944e8165e3298a322,Flat 123a,4 Whitehall Court,,SW1A 2EP,10006607075,C,B,77,84,Flat,Mid-Terrace,2024-09-18,E09000033,E14001172,,2024-09-18,marketed sale,74,85,137,83,2.3,24,1.4,117,120,552,252,236,236,95.0,Single,N,03,N,,,0,not defined,Normal,0,3,3,100,0,Community scheme,Good,Good,(another dwelling below),N/A,N/A,Single glazed,Very Poor,Very Poor,"Solid brick, as built, no insulation (assumed)",Poor,Poor,None,N/A,N/A,(another dwelling above),N/A,N/A,Community scheme,Good,Good,"Flat rate charging, no thermostatic control of room temperature",Very Poor,Very Poor,Low energy lighting in all fixed outlets,Very Good,Very Good,mains gas (community),0,heated corridor,,2.3,0.0,N,natural,"Flat 123a, 4 Whitehall Court",Westminster,,LONDON,England and Wales: 1930-1949,2024-09-18 08:10:51,Owner-occupied,10,,100023337101,Energy Assessor,100
a47ab44f1e973dd58bf10e6aaa33e4743291ec6a6aa730b26e0ae84fff28791f,Flat 2,25 Whitehall,,SW1A 2BS,10006479286,C,C,71,76,Flat,Mid-Terrace,2023-08-29,E09000033,E14000639,,2024-08-30,rental,69,77,194,144,2.2,34,1.6,84,84,602,453,202,167,63.0,Unknown,Y,01,N,,,100,secondary glazing,Normal,0,2,2,100,0,From main system,Good,Good,(other premises below),N/A,N/A,Full secondary glazing,Good,Good,"Solid brick, as built, no insulation (assumed)",Very Poor,Very Poor,None,N/A,N/A,(another dwelling above),N/A,N/A,"Boiler and radiators, mains gas",Good,Good,"Programmer, room thermostat and TRVs",Good,Good,Low energy lighting in all fixed outlets,Very Good,Very Good,mains gas (not community),0,unheated corridor,3.02,2.7,0.0,N,natural,"Flat 2, 25 Whitehall",Westminster,Cities of London and Westminster,LONDON,England and Wales: before 1900,2024-08-30 13:20:07,Rented (private),13,,200002413574,Energy Assessor,100
6a966bc56a2370584d2ea4e00ceabb72ac851746db9337e60283796550da53b2,Flat 79/A,"3, Whitehall Court",,SW1A 2EL,5352618768,C,C,70,80,Flat,Mid-Terrace,2024-08-06,E09000033,E14000639,,2024-08-06,rental,65,81,202,113,2.5,36,1.4,91,93,649,288,218,218,70.0,Unknown,N,06,N,,,0,not defined,Normal,0,3,3,100,0,Community scheme,Good,Good,(another dwelling below),N/A,N/A,Single glazed,Very Poor,Very Poor,"Solid brick, as built, no insulation (assumed)",Very Poor,Very Poor,None,N/A,N/A,(another dwelling above),N/A,N/A,Community scheme,Good,Good,"Flat rate charging, TRVs",Average,Average,Low energy lighting in all fixed outlets,Very Good,Very Good,mains gas (community),0,unheated corridor,4.81,3.46,0.0,N,natural,"Flat 79/A, 3, Whitehall Court",Westminster,Cities of London and Westminster,LONDON,England and Wales: before 1900,2024-08-06 15:04:32,Rented (private),10,,10033612021,Address Matched,100
4d52dfb18faf047b69ca8fa1b16318cc083ebfb65da6e408675906fdab6157c1,Flat 14,25 Whitehall,,SW1A 2BS,10006351956,C,B,69,81,Flat,Mid-Terrace,2024-07-29,E09000033,E14000639,,2024-07-29,marketed sale,65,79,192,118,3.1,32,1.9,121,121,828,358,330,276,96.0,Unknown,N,02,N,,,100,secondary glazing,Normal,0,4,4,100,0,From main system,Poor,Poor,(another dwelling below),N/A,N/A,Full secondary glazing,Good,Good,"Solid brick, as built, no insulation (assumed)",Very Poor,Very Poor,None,N/A,N/A,(another dwelling above),N/A,N/A,"Boiler and radiators, electric",Very Poor,Poor,Room thermostat only,Poor,Poor,Low energy lighting in all fixed outlets,Very Good,Very Good,electricity (not community),0,heated corridor,,2.4,0.0,N,natural,"Flat 14, 25 Whitehall",Westminster,Cities of London and Westminster,LONDON,England and Wales: 1930-1949,2024-07-29 13:28:55,Owner-occupied,12,,200002373318,Energy Assessor,100
4cf647704d287590fb17e911287442bf817ea17efe15e8a40263c0b18b37b262,"Flat 5, The Penthouse",1-3 Arlington Street,,SW1A 1RA,10006360372,C,C,80,80,Flat,Detached,2024-07-04,E09000033,E14000639,,2024-07-05,rental,73,73,125,125,15.9,22,15.9,484,484,6615,6615,386,386,722.0,Unknown,N,04,Y,,,100,"double glazing, unknown install date",Normal,0,5,5,100,0,Community scheme,Good,Good,(another dwelling below),N/A,N/A,Fully double glazed,Average,Average,"Solid brick, as built, insulated (assumed)",Good,Good,None,N/A,N/A,"Flat, insulated (assumed)",Good,Good,Community scheme,Good,Good,"Charging system linked to use of community heating, programmer and room thermostat",Average,Average,Low energy lighting in all fixed outlets,Very Good,Very Good,mains gas (community),0,heated corridor,,2.8,0.0,N,natural,"Flat 5, The Penthouse, 1-3 Arlington Street",Westminster,Cities of London and Westminster,LONDON,England and Wales: 2007-2011,2024-07-05 12:40:32,Rented (private),21,,,,100
857868795632ada34c5d82878f262b15a1026f7d1c59b7bf738f912e3b08be91,Flat 152,4 Whitehall Court,,SW1A 2EP,10006213459,D,D,55,60,Flat,Mid-Terrace,2024-06-24,E09000033,E14000639,,2024-06-25,marketed sale,46,52,350,301,3.8,62,3.3,107,83,1084,924,209,209,62.0,Single,N,07,Y,,,60,"double glazing, unknown install date",Normal,0,2,2,69,0,Community scheme,Good,Good,(another dwelling below),N/A,N/A,Partial double glazing,Poor,Poor,"Solid brick, as built, no insulation (assumed)",Very Poor,Very Poor,None,N/A,N/A,"Pitched, no insulation (assumed)",Very Poor,Very Poor,Community scheme,Good,Good,"Flat rate charging, TRVs",Average,Average,Low energy lighting in 69% of fixed outlets,Good,Good,mains gas (community),0,heated corridor,,2.89,0.0,N,natural,"Flat 152, 4 Whitehall Court",Westminster,Cities of London and Westminster,LONDON,England and Wales: before 1900,2024-06-25 08:14:18,Rented (private),13,,100023337081,Energy Assessor,100
23cea9bce884779c3659e99bf2c4f06e92980c253a418181bd0b891e92e97f32,9 Cleveland Row,,,SW1A 1DH,10006202843,E,C,45,75,House,Mid-Terrace,2024-06-19,E09000033,E14000639,,2024-06-20,marketed sale,30,63,277,112,13.0,59,5.3,308,185,3425,1602,246,248,219.0,Single,Y,,,,,0,not defined,Normal,2,5,5,29,3,From main system,Good,Good,"Solid, no insulation (assumed)",N/A,N/A,Single glazed,Very Poor,Very Poor,"Solid brick, as built, no insulation (assumed)",Very Poor,Very Poor,"Room heaters, smokeless fuel",N/A,N/A,"Roof room(s), no insulation (assumed)",Very Poor,Very Poor,"Boiler and radiators, mains gas",Good,Good,"Programmer, room thermostat and TRVs",Good,Good,Low energy lighting in 29% of fixed outlets,Average,Average,mains gas (not community),0,,,2.36,0.0,N,natural,9 Cleveland Row,Westminster,Cities of London and Westminster,LONDON,England and Wales: before 1900,2024-06-20 17:20:48,Owner-occupied,17,,100022736764,Energy Assessor,100
f1378848ec1c44c5fd46b30c051cb9d1ffd0f47f720e70e4b1765a438d77e0fc,Flat 5,73 St. James's Street,,SW1A 1PH,10006220410,D,C,57,79,Flat,Enclosed End-Terrace,2024-06-19,E09000033,E14000639,,2024-06-20,marketed sale,62,77,283,169,2.2,48,1.3,85,99,853,242,190,190,45.0,Unknown,N,01,N,,,100,secondary glazing,Normal,0,2,0,60,0,Community scheme,Good,Good,(another dwelling below),N/A,N/A,Full secondary glazing,Good,Good,"Solid brick, as built, no insulation (assumed)",Very Poor,Very Poor,None,N/A,N/A,(another dwelling above),N/A,N/A,No system present: electric heaters assumed,Very Poor,Poor,None,Very Poor,Very Poor,Low energy lighting in 60% of fixed outlets,Good,Good,To be used only when there is no heating/hot-water system or data is from a community network,0,unheated corridor,6.58,2.78,0.0,N,natural,"Flat 5, 73 St. James's Street",Westminster,Cities of London and Westminster,LONDON,England and Wales: before 1900,2024-06-20 17:17:20,Owner-occupied,5,,100022805205,Energy Assessor,100
50d32d394f96a7b1b328346e7d6ff74aa6d0c88f1dff90b4863bbe8a8d448aac,Flat 150,4 Whitehall Court,,SW1A 2EP,10006085331,E,D,48,57,Flat,Mid-Terrace,2024-05-21,E09000033,E14000639,,2024-05-23,marketed sale,39,49,403,323,4.6,71,3.7,161,94,1353,1079,220,220,65.0,Single,N,07,Y,,,0,not defined,Normal,0,3,3,25,0,Community scheme,Good,Good,(another dwelling below),N/A,N/A,Single glazed,Very Poor,Very Poor,"Solid brick, as built, no insulation (assumed)",Very Poor,Very Poor,None,N/A,N/A,"Pitched, no insulation (assumed)",Very Poor,Very Poor,Community scheme,Good,Good,"Flat rate charging, no thermostatic control of room temperature",Very Poor,Very Poor,Low energy lighting in 25% of fixed outlets,Average,Average,mains gas (community),0,heated corridor,,3.25,0.0,N,natural,"Flat 150, 4 Whitehall Court",Westminster,Cities of London and Westminster,LONDON,England and Wales: before 1900,2024-05-23 08:21:44,Owner-occupied,16,,100023337079,Energy Assessor,100
33cfdfb1f601888eabae51fd5337e00cb4b8760a84c9000b5917784228028946,Flat 84 3 Whitehall Court,,,SW1A 2EL,10004662996,C,B,76,83,Flat,Mid-Terrace,2024-05-07,E09000033,E14000639,,2024-05-08,marketed sale,70,81,131,82,4.7,23,3.0,204,210,1334,736,257,257,206.0,Unknown,N,05,N,,,0,not defined,Normal,0,5,5,100,0,Community scheme,Good,Good,(another dwelling below),N/A,N/A,Single glazed,Very Poor,Very Poor,"Solid brick, as built, no insulation (assumed)",Poor,Poor,None,N/A,N/A,(another dwelling above),N/A,N/A,Community scheme,Good,Good,"Flat rate charging, no thermostatic control of room temperature",Very Poor,Very Poor,Low energy lighting in all fixed outlets,Very Good,Very Good,mains gas (community),0,heated corridor,,3.19,0.0,N,natural,Flat 84 3 Whitehall Court,Westminster,Cities of London and Westminster,LONDON ,England and Wales: 1900-1929,2024-05-08 07:48:28,Owner-occupied,28,,100023337025,Address Matched,100
b3bc9656ff55061f4a943d1837c30b2b36396dcdfcc90fe84909e58f2218b469,Flat 74a,3 Whitehall Court,,SW1A 2EL,10005955228,C,B,76,81,Flat,Mid-Terrace,2024-04-23,E09000033,E14000639,,2024-04-25,marketed sale,75,83,171,121,2.2,30,1.5,166,131,688,413,307,307,73.0,Unknown,N,03,N,,,40,"double glazing, unknown install date",Less Than Typical,0,3,3,71,0,Community scheme,Good,Good,(another dwelling below),N/A,N/A,Partial double glazing,Poor,Poor,"Sandstone or limestone, as built, no insulation (assumed)",Poor,Poor,None,N/A,N/A,(another dwelling above),N/A,N/A,Community scheme,Good,Good,"Flat rate charging, TRVs",Average,Average,Low energy lighting in 71% of fixed outlets,Very Good,Very Good,mains gas (community),0,heated corridor,,3.02,0.0,N,natural,"Flat 74a, 3 Whitehall Court",Westminster,Cities of London and Westminster,LONDON,England and Wales: before 1900,2024-04-25 01:07:02,Owner-occupied,7,,10033554118,Energy Assessor,100
c86cdf4160eaecbefd5663c8d527ab3c7b9d34d55962c1984039de9b341958eb,Flat 52,3 Whitehall Court,,SW1A 2EL,10005953597,C,C,70,76,Flat,Mid-Terrace,2024-04-19,E09000033,E14000639,,2024-04-21,marketed sale,75,81,127,98,2.6,21,2.0,152,152,1063,756,251,251,120.0,Unknown,Y,00,N,,,70,"double glazing, unknown install date",Normal,0,5,5,100,0,Community scheme,Good,Very Good,"Solid, no insulation (assumed)",N/A,N/A,Partial double glazing,Poor,Poor,"Solid brick, as built, no insulation (assumed)",Very Poor,Very Poor,None,N/A,N/A,(another dwelling above),N/A,N/A,Community scheme,Good,Very Good,"Flat rate charging, TRVs",Average,Average,Low energy lighting in all fixed outlets,Very Good,Very Good,electricity (community),0,no corridor,,2.7,0.0,N,natural,"Flat 52, 3 Whitehall Court",Westminster,Cities of London and Westminster,LONDON,England and Wales: 1930-1949,2024-04-21 11:29:52,Owner-occupied,7,,10033551298,Energy Assessor,100
7b1cd75b464a7ccc75efc50839298f97a9acc51901512aa3709b82b6aedf1a7b,Flat 21,73 St. James's Street,,SW1A 1PH,10005948464,C,C,75,80,Flat,End-Terrace,2024-04-05,E09000033,E14000639,,2024-04-08,marketed sale,77,85,211,143,1.1,37,0.8,48,48,274,153,180,180,30.0,Single,N,03,N,,,0,not defined,Normal,0,2,2,100,0,Community scheme,Good,Good,(another dwelling below),N/A,N/A,Single glazed,Very Poor,Very Poor,"Solid brick, as built, no insulation (assumed)",Poor,Poor,None,N/A,N/A,(another dwelling above),N/A,N/A,Community scheme,Good,Good,"Flat rate charging, room thermostat only",Poor,Poor,Low energy lighting in all fixed outlets,Very Good,Very Good,mains gas (community),0,unheated corridor,2.69,2.74,0.0,N,natural,"Flat 21, 73 St. James's Street",Westminster,Cities of London and Westminster,LONDON,England and Wales: before 1900,2024-04-08 12:05:20,Owner-occupied,7,,100022805218,Energy Assessor,100
3eff694d54207df6860ba12478c3061bd7cb442d61df72e355ea4d74fa0c5bf7,Flat 4,25 Whitehall,,SW1A 2BS,10005814193,D,C,67,75,Flat,End-Terrace,2024-03-12,E09000033,E14000639,,2024-03-14,rental,64,74,217,155,2.6,38,1.9,96,98,805,540,181,183,68.0,Unknown,Y,01,N,,,0,not defined,Normal,0,3,3,100,0,From main system,Good,Good,(other premises below),N/A,N/A,Single glazed,Very Poor,Very Poor,"Solid brick, as built, no insulation (assumed)",Poor,Poor,None,N/A,N/A,(another dwelling above),N/A,N/A,"Boiler and radiators, mains gas",Good,Good,"Programmer, room thermostat and TRVs",Good,Good,Low energy lighting in all fixed outlets,Very Good,Very Good,mains gas (not community),0,unheated corridor,5.29,2.88,0.0,N,natural,"Flat 4, 25 Whitehall",Westminster,Cities of London and Westminster,LONDON,England and Wales: 1900-1929,2024-03-14 07:57:36,Rented (private),8,,200002422686,Energy Assessor,100
7a0e736523ce227eef95261872e734a26464cf30f923c0966414a64e4a51e874,132 133,4 Whitehall Court,,SW1A 2EP,10005715245,C,B,70,82,Flat,Mid-Terrace,2024-03-07,E09000033,E14000639,,2024-03-07,marketed sale,61,79,167,88,6.0,29,3.2,289,209,1725,813,245,245,204.0,Unknown,N,04,N,,,60,secondary glazing,Normal,0,5,5,60,0,Community scheme,Good,Good,(another dwelling below),N/A,N/A,Partial secondary glazing,Poor,Poor,"Sandstone or limestone, as built, no insulation (assumed)",Very Poor,Very Poor,None,N/A,N/A,(another dwelling above),N/A,N/A,Community scheme,Good,Good,"Charging system linked to use of community heating, room thermostat only",Poor,Poor,Low energy lighting in 60% of fixed outlets,Good,Good,mains gas (community),0,heated corridor,,3.45,0.0,N,natural,"132 133, 4 Whitehall Court",Westminster,Cities of London and Westminster,london,England and Wales: before 1900,2024-03-07 19:52:38,Owner-occupied,10,,,,100
78fd316ada801dc46d28b83f4535602fbbc1c85e6749db78c80de6b5063c6a57,Apartment 4,Corinthia Residences,10 Whitehall Place,SW1A 2BD,10005665658,C,B,79,85,Flat,Mid-Terrace,2024-02-16,E09000033,E14000639,,2024-02-27,rental,74,82,110,75,4.5,19,3.0,223,223,1234,750,246,246,229.0,Unknown,N,02,N,,,100,secondary glazing,Normal,0,5,5,100,0,Community scheme,Good,Good,(another dwelling below),N/A,N/A,Full secondary glazing,Good,Good,"Solid brick, as built, no insulation (assumed)",Poor,Poor,None,N/A,N/A,(another dwelling above),N/A,N/A,Community scheme,Good,Good,"Charging system linked to use of community heating, programmer and at least two room thermostats",Good,Good,Low energy lighting in all fixed outlets,Very Good,Very Good,mains gas (community),0,unheated corridor,8.52,2.81,0.0,N,natural,"Apartment 4, Corinthia Residences, 10 Whitehall Place",Westminster,Cities of London and Westminster,LONDON,England and Wales: 1900-1929,2024-02-27 06:04:13,Rented (private),16,,10033615872,Energy Assessor,100
7b9ad936c976db4d9f5b2bc3a93f0c09d8d9f3f1c49051626d203ff2fc856a29,Apartment 8,Corinthia Residences,10 Whitehall Place,SW1A 2BD,10005666438,B,B,81,85,Flat,Mid-Terrace,2024-02-12,E09000033,E14000639,,2024-02-27,rental,76,83,101,69,4.1,18,2.8,223,223,1107,676,246,246,229.0,Unknown,N,04,N,,,100,secondary glazing,Normal,0,5,5,100,0,Community scheme,Good,Good,(another dwelling below),N/A,N/A,Full secondary glazing,Good,Good,"Solid brick, as built, no insulation (assumed)",Poor,Poor,None,N/A,N/A,(another dwelling above),N/A,N/A,Community scheme,Good,Good,"Charging system linked to use of community heating, programmer and at least two room thermostats",Good,Good,Low energy lighting in all fixed outlets,Very Good,Very Good,mains gas (community),0,unheated corridor,8.52,2.52,0.0,N,natural,"Apartment 8, Corinthia Residences, 10 Whitehall Place",Westminster,Cities of London and Westminster,LONDON,England and Wales: 1900-1929,2024-02-27 06:02:20,Rented (private),16,,10033615876,Energy Assessor,100
9647ea5328b59ed549bef2416ef1f8e0062fc91c86e6a8ad9c5b5d6037a21e20,Apartment 1,Corinthia Residences,10 Whitehall Place,SW1A 2BD,10005663921,B,B,81,85,Flat,Mid-Terrace,2024-02-16,E09000033,E14000639,,2024-02-27,rental,76,82,99,74,4.7,17,3.5,245,245,1309,898,248,248,270.0,Unknown,N,01,N,,,100,secondary glazing,Normal,0,5,5,100,0,Community scheme,Good,Good,(another dwelling below),N/A,N/A,Full secondary glazing,Good,Good,"Solid brick, as built, no insulation (assumed)",Poor,Poor,None,N/A,N/A,(another dwelling above),N/A,N/A,Community scheme,Good,Good,"Charging system linked to use of community heating, programmer and at least two room thermostats",Good,Good,Low energy lighting in all fixed outlets,Very Good,Very Good,mains gas (community),0,unheated corridor,3.22,3.2,0.0,N,natural,"Apartment 1, Corinthia Residences, 10 Whitehall Place",Westminster,Cities of London and Westminster,LONDON,England and Wales: 1900-1929,2024-02-27 06:05:11,Rented (private),16,,10033615869,Energy Assessor,100
f8fce9fc879a766e4e81bb064e1d7a513082c232f492bb197fa1bca210f6e969,Apartment 6,Corinthia Residences,10 Whitehall Place,SW1A 2BD,10005666131,C,B,80,85,Flat,Mid-Terrace,2024-02-12,E09000033,E14000639,,2024-02-27,rental,75,83,106,72,4.3,19,2.9,223,223,1181,716,246,246,229.0,Unknown,N,03,N,,,100,secondary glazing,Normal,0,5,5,100,0,Community scheme,Good,Good,(another dwelling below),N/A,N/A,Full secondary glazing,Good,Good,"Solid brick, as built, no insulation (assumed)",Poor,Poor,None,N/A,N/A,(another dwelling above),N/A,N/A,Community scheme,Good,Good,"Charging system linked to use of community heating, programmer and at least two room thermostats",Good,Good,Low energy lighting in all fixed outlets,Very Good,Very Good,mains gas (community),0,unheated corridor,8.52,2.7,0.0,N,natural,"Apartment 6, Corinthia Residences, 10 Whitehall Place",Westminster,Cities of London and Westminster,LONDON,England and Wales: 1900-1929,2024-02-27 06:01:40,Rented (private),16,,10033615874,Energy Assessor,100
2c9c00dd0fb94e8772f3e2cf957b57352d825bde7d4dc6eb23a417c60a9b7d7c,10 Cleveland Row,,,SW1A 1DH,10005554786,D,C,65,78,House,Mid-Terrace,2024-02-16,E09000033,E14000639,,2024-02-22,marketed sale,36,51,293,189,11.0,50,7.2,235,240,2568,1907,428,262,226.0,Unknown,N,,,,,15,double glazing installed during or after 2002,Normal,1,6,6,100,0,From main system,Average,Poor,"Solid, no insulation (assumed)",N/A,N/A,Some double glazing,Poor,Poor,"Solid brick, as built, no insulation (assumed)",Poor,Poor,None,N/A,N/A,"Pitched, 150 mm loft insulation",Good,Good,"Boiler and radiators, electric",Average,Very Poor,"Programmer, room thermostat and TRVs",Good,Good,Low energy lighting in all fixed outlets,Very Good,Very Good,electricity (not community),0,,,2.88,0.0,N,natural,10 Cleveland Row,Westminster,Cities of London and Westminster,LONDON,England and Wales: before 1900,2024-02-22 10:46:34,Owner-occupied,16,,100022736765,Energy Assessor,100
865168119a6d9fab266b0356f0d3bce4425a00a208ec1a708ea426ba5fbe7223,Flat 55,3 Whitehall Court,,SW1A 2EL,10005682220,C,C,73,80,Maisonette,Mid-Terrace,2024-02-21,E09000033,E14000639,,2024-02-21,marketed sale,66,77,193,132,4.5,34,3.0,160,161,1268,787,505,505,131.0,Single,Y,00,N,,,60,"double glazing, unknown install date",Normal,0,4,4,100,0,Community scheme,Good,Good,"Solid, no insulation (assumed)",N/A,N/A,Partial double glazing,Poor,Poor,"Granite or whinstone, as built, no insulation (assumed)",Very Poor,Very Poor,None,N/A,N/A,(another dwelling above),N/A,N/A,Community scheme,Good,Good,"Flat rate charging, TRVs",Average,Average,Low energy lighting in all fixed outlets,Very Good,Very Good,mains gas (community),0,heated corridor,,2.9,0.0,N,natural,"Flat 55, 3 Whitehall Court",Westminster,Cities of London and Westminster,LONDON,England and Wales: before 1900,2024-02-21 15:31:11,Rented (private),35,,10033558056,Energy Assessor,100
200217ed020c19386cff9814e8050416293ae7e1dacc17f38bb06def79ca7029,Flat 71,3 Whitehall Court,,SW1A 2EL,10005537488,C,B,72,82,Flat,Mid-Terrace,2024-01-29,E09000033,E14000639,,2024-01-31,marketed sale,69,83,172,95,2.5,30,1.4,153,118,637,270,237,237,84.0,Single,N,02,N,,,0,not defined,Normal,0,3,3,67,0,Community scheme,Good,Good,(another dwelling below),N/A,N/A,Single glazed,Very Poor,Very Poor,"Solid brick, as built, no insulation (assumed)",Very Poor,Very Poor,None,N/A,N/A,(another dwelling above),N/A,N/A,Community scheme,Good,Good,"Flat rate charging, no thermostatic control of room temperature",Very Poor,Very Poor,Low energy lighting in 67% of fixed outlets,Good,Good,mains gas (community),0,heated corridor,,3.25,0.0,N,natural,"Flat 71, 3 Whitehall Court",Westminster,Cities of London and Westminster,LONDON,England and Wales: before 1900,2024-01-31 18:53:10,Owner-occupied,9,,100023337014,Energy Assessor,100
864c1531a2176ed7a44609e127c22c8a94688b5e956ef8f6532272a2a5fa8fa0,Penthouse,Apartment 93-95,"Arlington House, Arlington Street",SW1A 1RL,10005540798,F,D,36,56,Flat,End-Terrace,2024-01-12,E09000033,E14000639,,2024-01-16,marketed sale,44,60,245,163,16.0,42,11.0,601,301,8622,5692,267,267,387.0,Unknown,Y,08,Y,,,100,"double glazing, unknown install date",Normal,0,6,6,0,0,Community scheme,Good,Good,(another dwelling below),N/A,N/A,Fully double glazed,Average,Average,"System built, as built, no insulation (assumed)",Very Poor,Very Poor,None,N/A,N/A,"Flat, no insulation (assumed)",Very Poor,Very Poor,"Air source heat pump, warm air, electric",Poor,Good,Time and temperature zone control,Very Good,Very Good,No low energy lighting,Very Poor,Very Poor,electricity (not community),0,unheated corridor,37.55,2.36,0.0,N,natural,"Penthouse, Apartment 93-95, Arlington House, Arlington Street",Westminster,Cities of London and Westminster,London,England and Wales: 1930-1949,2024-01-16 09:50:39,Owner-occupied,12,,,,100
827432e40aa147c2ec24d542d7b125416555409a4391c8b76b1c69f052275356,Flat 85-86,3 Whitehall Court,,SW1A 2EL,10005422095,C,B,75,82,Flat,Mid-Terrace,2023-12-01,E09000033,E14000639,,2023-12-05,marketed sale,69,79,132,90,4.5,23,3.1,237,240,1663,1000,345,345,194.0,Single,N,05,N,,,50,double glazing installed before 2002,Normal,0,5,5,100,0,Community scheme,Good,Good,(another dwelling below),N/A,N/A,Partial double glazing,Poor,Poor,"Solid brick, as built, no insulation (assumed)",Poor,Poor,None,N/A,N/A,(another dwelling above),N/A,N/A,Community scheme,Good,Good,"Flat rate charging, room thermostat only",Poor,Poor,Low energy lighting in all fixed outlets,Very Good,Very Good,mains gas (community),0,unheated corridor,16.8,3.24,0.0,N,natural,"Flat 85-86, 3 Whitehall Court",Westminster,Cities of London and Westminster,London,England and Wales: before 1900,2023-12-05 06:24:20,Owner-occupied,12,,,,100
ce9f6ce34b6e3dcfbc6e587fd35d060459d584cd44dfd9687719707d13bad2f4,"Flat 4, 35 Whitehall",,,SW1A 2BX,10005417187,D,C,62,78,Flat,Mid-Terrace,2023-12-01,E09000033,E14000639,,2023-12-04,marketed sale,58,81,277,128,2.7,49,1.3,96,96,1128,420,229,234,56.0,Unknown,Y,04,Y,,,80,secondary glazing,Normal,0,3,3,100,0,From main system,Good,Good,(another dwelling below),N/A,N/A,Mostly secondary glazing,Average,Average,"Solid brick, as built, no insulation (assumed)",Very Poor,Very Poor,None,N/A,N/A,"Flat, no insulation (assumed)",Very Poor,Very Poor,"Boiler and radiators, mains gas",Good,Good,"Programmer, room thermostat and TRVs",Good,Good,Low energy lighting in all fixed outlets,Very Good,Very Good,mains gas (not community),0,unheated corridor,3.0,2.6,0.0,N,natural,"Flat 4, 35 Whitehall",Westminster,Cities of London and Westminster,London,England and Wales: 1900-1929,2023-12-04 16:01:10,Owner-occupied,7,,,,100
d8b7303e5cad85f4a3fceef96715dd2bfbf36de00cb35a083f76d70175e51957,Flat 11,73 St. James's Street,,SW1A 1PH,10005185026,D,B,56,82,Flat,Enclosed Mid-Terrace,2023-10-19,E09000033,E14000639,,2023-10-23,marketed sale,60,79,244,128,2.5,42,1.3,102,130,1290,220,289,289,61.0,Single,N,02,N,,,0,not defined,Normal,0,2,2,100,1,Community scheme,Good,Good,(another dwelling below),N/A,N/A,Single glazed,Very Poor,Very Poor,"Solid brick, as built, no insulation (assumed)",Very Poor,Very Poor,None,N/A,N/A,(another dwelling above),N/A,N/A,"Room heaters, electric",Very Poor,Poor,Programmer and room thermostat,Good,Good,Low energy lighting in all fixed outlets,Very Good,Very Good,electricity (not community),0,heated corridor,,2.67,0.0,N,natural,"Flat 11, 73 St. James's Street",Westminster,Cities of London and Westminster,LONDON,England and Wales: 1930-1949,2023-10-23 11:45:19,Owner-occupied,10,,100022805209,Energy Assessor,100
ee3c1210380c0b365973bfd2103c9d3634ca356277fb42d6bf8a02162460ec83,Flat 5b,6 Arlington Street,,SW1A 1RE,10004660691,C,C,73,73,Flat,Enclosed End-Terrace,2023-10-16,E09000033,E14000639,,2023-10-23,marketed sale,55,55,285,285,3.3,48,3.3,155,155,624,624,264,264,68.0,dual,N,05,Y,,,100,double glazing installed during or after 2002,Normal,0,2,2,100,0,"Electric immersion, off-peak",Average,Poor,(another dwelling below),N/A,N/A,Fully double glazed,Good,Good,"Timber frame, as built, insulated (assumed)",Good,Good,Portable electric heaters (assumed),N/A,N/A,"Flat, insulated",Average,Average,Electric storage heaters,Average,Poor,Controls for high heat retention storage heaters,Good,Good,Low energy lighting in all fixed outlets,Very Good,Very Good,electricity (not community),0,unheated corridor,7.4,2.6,0.0,N,natural,"Flat 5b, 6 Arlington Street",Westminster,Cities of London and Westminster,LONDON,England and Wales: 1983-1990,2023-10-23 14:45:58,Owner-occupied,13,,100022722196,Energy Assessor,100
3dd39fffb60ff566d1a30260a4fd6ab832c5168ca60ccd96511fe06dbfd00cf7,44 St. James's Place,,,SW1A 1NS,10005145449,G,F,9,35,House,Mid-Terrace,2023-09-27,E09000033,E14000639,,2023-10-20,marketed sale,23,43,397,231,19.0,67,11.0,266,271,12254,7666,795,457,280.0,Single,N,,,,,15,"double glazing, unknown install date",Normal,0,9,9,100,0,"Electric immersion, standard tariff",Very Poor,Poor,"Solid, no insulation (assumed)",N/A,N/A,Some double glazing,Very Poor,Very Poor,"Solid brick, as built, no insulation (assumed)",Very Poor,Very Poor,None,N/A,N/A,"Pitched, 100 mm loft insulation",Average,Average,"Boiler and radiators, electric",Very Poor,Poor,"Programmer, TRVs and bypass",Average,Average,Low energy lighting in all fixed outlets,Very Good,Very Good,electricity (not community),0,,,2.32,0.0,N,natural,44 St. James's Place,Westminster,Cities of London and Westminster,LONDON,England and Wales: 1900-1929,2023-10-20 12:01:58,Owner-occupied,36,,100022805140,Energy Assessor,100
7b22fcee21c123fefd75118202103bd113fe1ed9cef87a55e7ec7a939499dc6b,0.06,The OWO Residences,,SW1A 2EU,10005076302,D,C,65,71,Flat,Enclosed Mid-Terrace,2023-10-09,E09000033,E14000639,,2023-10-13,marketed sale,64,72,206,161,3.0,36,2.3,138,138,1283,981,303,303,83.0,Single,N,01,N,,,100,secondary glazing,Normal,0,2,2,100,0,Community scheme,Good,Good,(another dwelling below),N/A,N/A,Full secondary glazing,Good,Good,"Solid brick, as built, no insulation (assumed)",Very Poor,Very Poor,None,N/A,N/A,(another dwelling above),N/A,N/A,Community scheme,Good,Good,"Charging system linked to use of community heating, programmer and room thermostat",Average,Average,Low energy lighting in all fixed outlets,Very Good,Very Good,mains gas (community),0,heated corridor,,3.33,0.0,N,"mechanical, supply and extract","0.06, The OWO Residences",Westminster,Cities of London and Westminster,London,England and Wales: 1900-1929,2023-10-13 06:18:16,Owner-occupied,10,,,,100
ca44e768e9f733c607bd5b56283e43e997ff2cfe6bf65ed838661d97b3ead965,0.11 The OWO Residences,,,SW1A 2EU,10005076305,D,C,66,71,Flat,End-Terrace,2023-10-09,E09000033,E14000639,,2023-10-13,marketed sale,64,72,199,156,3.2,35,2.5,152,152,1411,1087,311,311,94.0,Single,N,01,N,,,100,secondary glazing,Normal,0,2,2,100,0,Community scheme,Good,Good,(another dwelling below),N/A,N/A,Full secondary glazing,Good,Good,"Solid brick, as built, no insulation (assumed)",Very Poor,Very Poor,None,N/A,N/A,(another dwelling above),N/A,N/A,Community scheme,Good,Good,"Charging system linked to use of community heating, programmer and room thermostat",Average,Average,Low energy lighting in all fixed outlets,Very Good,Very Good,mains gas (community),0,heated corridor,,3.3,0.0,N,"mechanical, supply and extract",0.11 The OWO Residences,Westminster,Cities of London and Westminster,London,England and Wales: 1900-1929,2023-10-13 06:27:00,Owner-occupied,10,,,,100
e5c6cc9548a42d23564a25f14dfe573647081afe1d5f39faba8273afebfb963a,0.07,The OWO Residences,,SW1A 2EU,10005076303,D,C,67,71,Flat,End-Terrace,2023-10-09,E09000033,E14000639,,2023-10-13,marketed sale,64,70,168,139,5.1,29,4.2,226,226,2402,2002,327,327,175.0,Single,N,01,N,,,100,secondary glazing,Normal,0,3,3,100,0,Community scheme,Good,Good,(another dwelling below),N/A,N/A,Full secondary glazing,Good,Good,"Solid brick, as built, no insulation (assumed)",Very Poor,Very Poor,None,N/A,N/A,(another dwelling above),N/A,N/A,Community scheme,Good,Good,"Charging system linked to use of community heating, programmer and room thermostat",Average,Average,Low energy lighting in all fixed outlets,Very Good,Very Good,mains gas (community),0,heated corridor,,3.3,0.0,N,"mechanical, supply and extract","0.07, The OWO Residences",Westminster,Cities of London and Westminster,London,England and Wales: 1900-1929,2023-10-13 06:22:47,Owner-occupied,10,,,,100
ef1df6a8d9daa6a80bb424f5389bf624d10a46ba60abb503de17360101add203,0.11 The OWO Residences,,,SW1A 2EU,10005076305,D,C,68,71,Flat,End-Terrace,2023-10-09,E09000033,E14000639,,2023-10-13,marketed sale,66,71,157,137,4.8,27,4.1,226,226,2253,1975,327,327,175.0,Single,N,01,N,,,100,secondary glazing,Normal,0,2,2,100,0,Community scheme,Good,Good,(another dwelling below),N/A,N/A,Full secondary glazing,Good,Good,"Solid brick, as built, no insulation (assumed)",Very Poor,Very Poor,None,N/A,N/A,(another dwelling above),N/A,N/A,Community scheme,Good,Good,"Charging system linked to use of community heating, programmer and room thermostat",Average,Average,Low energy lighting in all fixed outlets,Very Good,Very Good,mains gas (community),0,heated corridor,,3.3,0.0,N,"mechanical, supply and extract",0.11 The OWO Residences,Westminster,Cities of London and Westminster,London,England and Wales: 1900-1929,2023-10-13 06:25:18,Owner-occupied,10,,,,100
2b55aa406d422a3fc4854066a5304eb42995dadd0a96e5d5743acd01e98a5803,Flat 1,46 St James's Place,,SW1A 1NS,10005183669,C,C,69,71,Flat,Enclosed Mid-Terrace,2023-10-04,E09000033,E14000639,,2023-10-04,marketed sale,72,74,156,145,2.4,26,2.2,152,152,743,743,801,678,91.0,Single,N,02,N,,,100,"double glazing, unknown install date",Normal,0,3,3,100,0,"Electric immersion, standard tariff",Very Poor,Poor,(another dwelling below),N/A,N/A,Fully double glazed,Average,Average,"Solid brick, with internal insulation",Good,Good,None,N/A,N/A,(another dwelling above),N/A,N/A,"Warm air, Electricaire",Very Poor,Very Poor,Programmer and room thermostat,Average,Average,Low energy lighting in all fixed outlets,Very Good,Very Good,electricity (not community),0,heated corridor,,2.4,0.0,N,natural,"Flat 1, 46 St James's Place",Westminster,Cities of London and Westminster,LONDON,England and Wales: 1950-1966,2023-10-04 13:56:37,Owner-occupied,33,,10033623812,Energy Assessor,100
78605654910cecd59a84817612db4e34f7d27ede32358b225f1917cb0c4c60e8,Penthouse,46 St James's Place,,SW1A 1NS,10005200953,E,E,51,52,Flat,Enclosed Mid-Terrace,2023-10-04,E09000033,E14000639,,2023-10-04,marketed sale,56,57,190,185,7.6,32,7.4,288,288,4210,4210,861,721,236.0,Single,N,03,Y,,,100,"double glazing, unknown install date",Normal,0,4,4,100,0,"Electric immersion, standard tariff",Very Poor,Poor,(another dwelling below),N/A,N/A,Fully double glazed,Average,Average,"Solid brick, with internal insulation",Good,Good,None,N/A,N/A,"Flat, insulated",Average,Average,"Warm air, Electricaire",Very Poor,Very Poor,Room thermostat only,Poor,Poor,Low energy lighting in all fixed outlets,Very Good,Very Good,electricity (not community),0,heated corridor,,2.4,0.0,N,natural,"Penthouse, 46 St James's Place",Westminster,Cities of London and Westminster,LONDON,England and Wales: 1950-1966,2023-10-04 13:50:02,Owner-occupied,33,,10033623816,Energy Assessor,100
fac6f21aef4f42f8155fce04f189024167e3271867affd297635c1a0537f6795,Flat 2,46 St James's Place,,SW1A 1NS,10005188043,C,C,69,71,Flat,Enclosed Mid-Terrace,2023-10-04,E09000033,E14000639,,2023-10-04,marketed sale,72,74,156,145,2.4,26,2.2,152,152,743,743,801,678,91.0,Single,N,02,N,,,100,"double glazing, unknown install date",Normal,0,3,3,100,0,"Electric immersion, standard tariff",Very Poor,Poor,(another dwelling below),N/A,N/A,Fully double glazed,Average,Average,"Solid brick, with internal insulation",Good,Good,None,N/A,N/A,(another dwelling above),N/A,N/A,"Warm air, Electricaire",Very Poor,Very Poor,Programmer and room thermostat,Average,Average,Low energy lighting in all fixed outlets,Very Good,Very Good,electricity (not community),0,heated corridor,,2.4,0.0,N,natural,"Flat 2, 46 St James's Place",Westminster,Cities of London and Westminster,LONDON,England and Wales: 1950-1966,2023-10-04 13:58:33,Owner-occupied,33,,10033623814,Energy Assessor,100
fb859b1cd0c4177f59304f487b12f898fe140536aec039a599dc2fe3c7725d12,Flat 3,46 St James's Place,,SW1A 1NS,10005190840,C,C,69,71,Flat,Enclosed Mid-Terrace,2023-10-04,E09000033,E14000639,,2023-10-04,marketed sale,72,74,156,145,2.4,26,2.2,152,152,743,743,801,678,91.0,Single,N,02,N,,,100,"double glazing, unknown install date",Normal,0,3,3,100,0,"Electric immersion, standard tariff",Very Poor,Poor,(another dwelling below),N/A,N/A,Fully double glazed,Average,Average,"Solid brick, with internal insulation",Good,Good,None,N/A,N/A,(another dwelling above),N/A,N/A,"Warm air, Electricaire",Very Poor,Very Poor,Programmer and room thermostat,Average,Average,Low energy lighting in all fixed outlets,Very Good,Very Good,electricity (not community),0,heated corridor,,2.4,0.0,N,natural,"Flat 3, 46 St James's Place",Westminster,Cities of London and Westminster,LONDON,England and Wales: 1950-1966,2023-10-04 14:00:25,Owner-occupied,33,,10033623815,Energy Assessor,100
f6317023427559ceed386f027d03c59e9c4a5cfcb730f97adb58463ebfda17e9,Flat G,1-3,Spring Gardens,SW1A 2BB,10004801621,D,B,60,81,Flat,Mid-Terrace,2023-07-20,E09000033,E14000639,,2023-07-20,rental,55,70,321,217,2.7,54,1.9,110,127,1069,248,353,256,51.0,dual,N,02,N,,,100,"double glazing, unknown install date",Normal,0,2,2,83,0,"Electric immersion, off-peak",Poor,Poor,(another dwelling below),N/A,N/A,Fully double glazed,Average,Average,"Solid brick, as built, no insulation (assumed)",Very Poor,Very Poor,None,N/A,N/A,(another dwelling above),N/A,N/A,"Room heaters, electric",Very Poor,Poor,Room thermostats only,Good,Good,Low energy lighting in 83% of fixed outlets,Very Good,Very Good,electricity (not community),0,heated corridor,,3.5,0.0,N,natural,"Flat G, 1-3, Spring Gardens",Westminster,Cities of London and Westminster,LONDON,England and Wales: 1900-1929,2023-07-20 17:54:13,Rented (private),12,,10033555037,Energy Assessor,100
6081add2429a024438679382dc5ba9cfd6ef3bb7cf8992e9db07f7782badf5d7,Flat 63,3 Whitehall Court,,SW1A 2EL,10004798952,C,B,69,82,Flat,Mid-Terrace,2023-07-12,E09000033,E14000639,,2023-07-17,marketed sale,48,73,174,90,4.8,49,2.5,251,158,1112,439,330,330,99.0,Single,N,02,N,,,0,not defined,Normal,0,3,3,38,0,Community scheme,Good,Poor,(another dwelling below),N/A,N/A,Single glazed,Very Poor,Very Poor,"Solid brick, as built, no insulation (assumed)",Very Poor,Very Poor,None,N/A,N/A,(another dwelling above),N/A,N/A,Community scheme,Good,Poor,"Flat rate charging, no thermostatic control of room temperature",Very Poor,Very Poor,Low energy lighting in 38% of fixed outlets,Average,Average,oil (community),0,heated corridor,,3.39,0.0,N,natural,"Flat 63, 3 Whitehall Court",Westminster,Cities of London and Westminster,LONDON,England and Wales: 1900-1929,2023-07-17 11:11:38,Owner-occupied,8,,100023337006,Energy Assessor,100
73865c5be19b50051a7c88cc995a52aef31b3038965a7de49be11b4b158eeeb1,Selwyn House,15 Cleveland Row,,SW1A 1DH,10004804201,C,C,76,77,House,Detached,2023-05-23,E09000033,E14000639,,2023-07-12,marketed sale,68,69,111,107,24.0,20,23.0,840,840,10767,10767,423,423,1238.0,dual,Y,,,,,100,double glazing installed during or after 2002,Normal,4,20,20,100,0,From main system,Good,Good,"Solid, insulated",N/A,N/A,Fully double glazed,Good,Good,"Solid brick, with internal insulation",Good,Good,None,N/A,N/A,"Flat, insulated",Good,Good,"Boiler and radiators, mains gas",Good,Good,Time and temperature zone control,Very Good,Very Good,Low energy lighting in all fixed outlets,Very Good,Very Good,mains gas (not community),0,,,2.8,0.0,N,natural,"Selwyn House, 15 Cleveland Row",Westminster,Cities of London and Westminster,LONDON,England and Wales: before 1900,2023-07-12 09:22:52,Owner-occupied,100,,10033599492,Energy Assessor,100
af073d93d5c8f90104644a619b325af512d524bc0d66557a2598c1498faf98e4,Flat 4,25 St. James's Place,,SW1A 1NH,10004795228,C,C,76,78,Flat,Mid-Terrace,2023-07-12,E09000033,E14000639,,2023-07-12,rental,69,72,127,118,5.6,22,5.2,295,298,2103,1911,349,349,249.0,Single,N,04,N,,,40,secondary glazing,Normal,0,6,6,100,0,Community scheme,Good,Good,(another dwelling below),N/A,N/A,Partial secondary glazing,Poor,Poor,"System built, as built, no insulation (assumed)",Very Poor,Very Poor,None,N/A,N/A,(another dwelling above),N/A,N/A,Community scheme,Good,Good,"Flat rate charging, programmer and TRVs",Average,Average,Low energy lighting in all fixed outlets,Very Good,Very Good,mains gas (community),0,heated corridor,,2.8,0.0,N,natural,"Flat 4, 25 St. James's Place",Westminster,Cities of London and Westminster,LONDON,England and Wales: 1950-1966,2023-07-12 11:05:19,Rented (private),30,,100022805121,Energy Assessor,100
4eb2ae531ade54846bc5fcb1e50b3d4e92a73a38aef099daa7565fb2621dc31b,Flat 6,Castlemaine House,21 - 22 St James's Place,SW1A 1NH,10004660981,D,C,67,80,Flat,Mid-Terrace,2023-06-28,E09000033,E14000639,,2023-06-29,marketed sale,58,76,164,91,12.0,29,6.8,415,415,5308,2682,345,345,430.0,Single,N,07,Y,,,100,double glazing installed during or after 2002,Normal,0,9,9,100,0,Community scheme,Good,Good,(another dwelling below),N/A,N/A,Fully double glazed,Good,Good,"Solid brick, as built, no insulation (assumed)",Very Poor,Very Poor,"Room heaters, electric",N/A,N/A,(another dwelling above),N/A,N/A,Community scheme,Good,Good,"Flat rate charging, programmer and room thermostat",Poor,Poor,Low energy lighting in all fixed outlets,Very Good,Very Good,mains gas (community),0,heated corridor,,2.7,0.0,N,natural,"Flat 6, Castlemaine House, 21 - 22 St James's Place",Westminster,Cities of London and Westminster,London,England and Wales: 1950-1966,2023-06-29 13:09:20,Owner-occupied,20,,100023336841,Address Matched,100
e22376a4030383b35b3af3d9ef9d195837dbf50f6731e1ea6e6568a7fe79f8e5,Flat 6,26 St. James's Place,,SW1A 1NH,10004660792,E,D,39,56,Flat,Detached,2023-06-26,E09000033,E14000639,,2023-06-29,marketed sale,27,42,352,248,25.0,62,18.0,497,497,10361,7121,343,343,406.0,Unknown,N,05,N,,,80,"double glazing, unknown install date",Normal,0,7,7,76,0,Community scheme,Good,Good,(another dwelling below),N/A,N/A,Mostly double glazing,Poor,Poor,"System built, as built, no insulation (assumed)",Very Poor,Very Poor,None,N/A,N/A,"Flat, no insulation (assumed)",Very Poor,Very Poor,Community scheme,Good,Good,"Flat rate charging, no thermostatic control of room temperature",Very Poor,Very Poor,Low energy lighting in 76% of fixed outlets,Very Good,Very Good,mains gas (community),0,heated corridor,,2.46,0.0,N,natural,"Flat 6, 26 St. James's Place",Westminster,Cities of London and Westminster,LONDON,England and Wales: 1950-1966,2023-06-29 07:05:57,Owner-occupied,41,,100023336823,Energy Assessor,100
ad0135abe4593be846336d9f1b488745e1c28f31ba700909c6bf1b708c3df20d,Flat 5,26 St. James's Place,,SW1A 1NH,10004659641,D,D,64,64,Flat,Semi-Detached,2023-06-23,E09000033,E14000639,,2023-06-24,marketed sale,52,52,207,207,9.4,36,9.4,306,306,3655,3655,333,333,259.0,Single,N,05,N,,,100,"double glazing, unknown install date",Normal,0,7,7,100,0,Community scheme,Good,Good,(another dwelling below),N/A,N/A,Fully double glazed,Average,Average,"System built, as built, no insulation (assumed)",Very Poor,Very Poor,None,N/A,N/A,(another dwelling above),N/A,N/A,Community scheme,Good,Good,"Flat rate charging, no thermostatic control of room temperature",Very Poor,Very Poor,Low energy lighting in all fixed outlets,Very Good,Very Good,mains gas (community),0,heated corridor,,2.68,0.0,N,natural,"Flat 5, 26 St. James's Place",Westminster,Cities of London and Westminster,LONDON,England and Wales: 1950-1966,2023-06-24 11:22:51,Owner-occupied,39,,100023336820,Energy Assessor,100
12f1bf43095746672b50a96143f293f04c4b1e2ee02df743669a936d9d61a516,Flat 5b,6 Arlington Street,,SW1A 1RE,10004660691,F,D,30,61,Flat,End-Terrace,2023-03-09,E09000033,E14000639,,2023-06-15,rental,39,39,374,375,5.6,63,5.6,146,160,3059,1324,764,268,88.0,Single,N,05,Y,,,100,double glazing installed during or after 2002,Normal,0,2,2,100,0,"Electric immersion, standard tariff",Very Poor,Poor,(another dwelling below),N/A,N/A,Fully double glazed,Good,Good,"Timber frame, as built, no insulation (assumed)",Very Poor,Very Poor,None,N/A,N/A,"Flat, insulated",Average,Average,"Room heaters, electric",Very Poor,Poor,Appliance thermostats,Good,Good,Low energy lighting in all fixed outlets,Very Good,Very Good,electricity (not community),0,unheated corridor,4.58,2.57,0.0,N,natural,"Flat 5b, 6 Arlington Street",Westminster,Cities of London and Westminster,LONDON,England and Wales: 1900-1929,2023-06-15 08:29:38,Rented (private),7,,100022722196,Energy Assessor,100
4e5d7120d2c8127696adc2e980f866c497f88dd1ead010b6792f2f2fef83eebe,Flat 2,1 St. James's Street,,SW1A 1EF,10004652717,C,C,71,79,Flat,End-Terrace,2023-06-02,E09000033,E14000639,,2023-06-04,marketed sale,67,79,206,133,3.4,36,2.2,180,180,1167,607,399,405,95.0,Single,Y,02,N,,,100,secondary glazing,Normal,0,4,4,83,0,From main system,Good,Good,(another dwelling below),N/A,N/A,Full secondary glazing,Good,Good,"Solid brick, as built, no insulation (assumed)",Very Poor,Very Poor,None,N/A,N/A,(another dwelling above),N/A,N/A,"Boiler and radiators, mains gas",Good,Good,"Programmer, room thermostat and TRVs",Good,Good,Low energy lighting in 83% of fixed outlets,Very Good,Very Good,mains gas (not community),0,heated corridor,,2.98,0.0,N,natural,"Flat 2, 1 St. James's Street",Westminster,Cities of London and Westminster,LONDON,England and Wales: before 1900,2023-06-04 15:57:17,Owner-occupied,12,,100023336809,Energy Assessor,100
a60c53a2a9af59897a8161e080f0e5845777953e8c5937019531d06df374569b,Flat 94,3 Whitehall Court,,SW1A 2EL,10004663586,D,B,60,82,Flat,Mid-Terrace,2023-06-01,E09000033,E14000639,,2023-06-02,marketed sale,32,69,211,83,12.0,61,4.5,353,237,2907,946,328,328,189.0,Single,N,07,N,,,0,not defined,Normal,1,6,6,47,0,Community scheme,Good,Poor,(another dwelling below),N/A,N/A,Single glazed,Very Poor,Very Poor,"Solid brick, as built, no insulation (assumed)",Very Poor,Very Poor,None,N/A,N/A,(another dwelling above),N/A,N/A,Community scheme,Good,Poor,"Flat rate charging, no thermostatic control of room temperature",Very Poor,Very Poor,Low energy lighting in 47% of fixed outlets,Good,Good,oil (community),0,heated corridor,,2.88,0.0,N,natural,"Flat 94, 3 Whitehall Court",Westminster,Cities of London and Westminster,LONDON,England and Wales: before 1900,2023-06-02 13:37:23,Owner-occupied,34,,100023337035,Energy Assessor,100
987b609225b69f65d5c63c730dfa4e3ff65283ef1f01a1c4940a02158ecd84fb,Flat 84 3 Whitehall Court,,,SW1A 2EL,10004662996,D,B,65,83,Flat,Mid-Terrace,2023-05-31,E09000033,E14000639,,2023-06-01,rental,54,81,230,97,8.7,41,3.7,136,139,1394,542,113,113,210.0,Single,Y,02,N,,,0,not defined,Normal,0,5,5,100,0,Community scheme,Good,Good,(another dwelling below),N/A,N/A,Single glazed,Very Poor,Very Poor,"Solid brick, as built, no insulation (assumed)",Very Poor,Very Poor,None,N/A,N/A,(another dwelling above),N/A,N/A,Community scheme,Good,Good,"Flat rate charging, programmer and room thermostat",Poor,Poor,Low energy lighting in all fixed outlets,Very Good,Very Good,mains gas (community),0,heated corridor,,2.2,0.0,N,natural,Flat 84 3 Whitehall Court,Westminster,Cities of London and Westminster,LONDON ,England and Wales: before 1900,2023-06-01 09:36:04,Rented (private),17,,100023337025,Address Matched,100
58e49a11fc9b33774f279426df528c27594931ea1852503b1479649859ad3ebc,0.05 The OWO Residences,,,SW1A 2EU,10004390057,C,C,76,79,Flat,Mid-Terrace,2023-05-24,E09000033,E14000639,,2023-05-25,marketed sale,93,94,67,56,0.5,12,0.4,71,71,441,328,232,232,40.0,Unknown,Y,01,N,,,100,secondary glazing,Normal,0,1,1,100,0,Community scheme,Good,Very Good,(another dwelling below),N/A,N/A,Full secondary glazing,Good,Good,"Solid brick, as built, no insulation (assumed)",Poor,Poor,None,N/A,N/A,(another dwelling above),N/A,N/A,Community scheme,Good,Very Good,"Charging system linked to use of community heating, room thermostat only",Poor,Poor,Low energy lighting in all fixed outlets,Very Good,Very Good,mains gas (community),0,heated corridor,,3.39,0.0,N,natural,0.05 The OWO Residences,Westminster,Cities of London and Westminster,London,England and Wales: 1900-1929,2023-05-25 06:44:37,Owner-occupied,6,,,,100
9fce62c6e2048e14dc92afdb5d42bae9a4bcea2a23197f5013ec6a2011055163,2 Catherine Wheel Yard,,,SW1A 1DR,10004420321,D,C,64,79,Flat,Mid-Terrace,2023-05-23,E09000033,E14000639,,2023-05-24,marketed sale,57,77,216,115,4.3,38,2.3,176,181,1618,703,337,342,113.0,Unknown,Y,01,Y,,,0,not defined,Normal,1,4,4,100,0,From main system,Good,Good,"To unheated space, no insulation (assumed)",N/A,N/A,Single glazed,Very Poor,Very Poor,"Solid brick, as built, no insulation (assumed)",Very Poor,Very Poor,None,N/A,N/A,"Pitched, 150 mm loft insulation",Good,Good,"Boiler and radiators, mains gas",Good,Good,"Programmer, room thermostat and TRVs",Good,Good,Low energy lighting in all fixed outlets,Very Good,Very Good,mains gas (not community),0,unheated corridor,5.53,2.48,0.0,N,natural,2 Catherine Wheel Yard,Westminster,Cities of London and Westminster,LONDON,England and Wales: 1950-1966,2023-05-24 16:51:12,Owner-occupied,14,,100023336886,Energy Assessor,100
950ebd74d136e1a9f82c396cf3cc71ae70af8bf7e6d7b5afb37c7bf9bfdcd36a,412 The OWO Residences,Whitehall,,SW1A 2EU,10004456613,C,B,74,81,Flat,Mid-Terrace,2023-05-22,E09000033,E14000639,,2023-05-23,marketed sale,90,92,60,43,1.5,10,1.1,200,200,1626,1004,309,309,141.0,Unknown,Y,03,N,,,100,secondary glazing,Normal,0,3,3,100,0,Community scheme,Good,Very Good,(another dwelling below),N/A,N/A,Full secondary glazing,Good,Good,"Solid brick, as built, no insulation (assumed)",Poor,Poor,None,N/A,N/A,(another dwelling above),N/A,N/A,Community scheme,Good,Very Good,"Charging system linked to use of community heating, room thermostat only",Poor,Poor,Low energy lighting in all fixed outlets,Very Good,Very Good,mains gas (community),0,heated corridor,,3.55,0.0,N,natural,"412 The OWO Residences, Whitehall",Westminster,Cities of London and Westminster,London,England and Wales: 1900-1929,2023-05-23 05:52:23,Owner-occupied,12,,,,100
f4d4de048e45462733f03d5cc67a98f8b86cdb076cedf7b4bc3d8c4c72490043,Flat 7,25 Whitehall,,SW1A 2BS,10004509940,B,B,83,84,Flat,Semi-Detached,2023-05-15,E09000033,E14000639,,2023-05-23,marketed sale,87,88,99,89,1.1,17,1.0,58,58,202,183,70,71,61.0,Unknown,Y,02,N,,,100,secondary glazing,Normal,0,2,2,100,0,From main system,Good,Good,(another dwelling below),N/A,N/A,Full secondary glazing,Good,Good,"Solid brick, as built, no insulation (assumed)",Poor,Poor,None,N/A,N/A,(another dwelling above),N/A,N/A,"Boiler and radiators, mains gas",Good,Good,"Programmer, room thermostat and TRVs",Good,Good,Low energy lighting in all fixed outlets,Very Good,Very Good,mains gas (not community),0,heated corridor,,2.369,0.0,N,natural,"Flat 7, 25 Whitehall",Westminster,Cities of London and Westminster,LONDON,England and Wales: 1900-1929,2023-05-23 08:11:17,Rented (private),12,,200002431222,Energy Assessor,100
ca679f11ed9d1798ceab55c2e40c9420ec6aaba6327b49c25de09cb73b36f36e,Flat 74,3 Whitehall Court,,SW1A 2EL,10004510494,C,B,76,84,Flat,Enclosed Mid-Terrace,2023-05-12,E09000033,E14000639,,2023-05-18,rental,72,84,137,81,2.7,24,1.6,179,184,852,365,320,320,113.0,Unknown,N,05,N,,,0,not defined,Normal,1,3,3,95,0,Community scheme,Good,Good,(another dwelling below),N/A,N/A,Single glazed,Very Poor,Very Poor,"Solid brick, as built, no insulation (assumed)",Very Poor,Very Poor,None,N/A,N/A,(another dwelling above),N/A,N/A,Community scheme,Good,Good,"Flat rate charging, no thermostatic control of room temperature",Very Poor,Very Poor,Low energy lighting in 95% of fixed outlets,Very Good,Very Good,mains gas (community),0,unheated corridor,4.54,3.02,0.0,N,natural,"Flat 74, 3 Whitehall Court",Westminster,Cities of London and Westminster,LONDON,England and Wales: before 1900,2023-05-18 18:08:10,Rented (private),20,,100023337017,Energy Assessor,100
27f3be4846b716232546b3d582ba69489b5528e333a3b38c1f57f7887afe5b8f,Apartment 2,Walpole Mayfair,5 Arlington Street,SW1A 1RA,6473478968,C,C,69,69,Flat,Mid-Terrace,2023-04-03,E09000033,E14000639,,2023-04-27,rental,72,72,114,114,5.7,19,5.7,303,303,2851,2851,875,875,294.0,Single,N,02,N,,,100,triple glazing,Normal,0,5,5,100,0,"Electric immersion, standard tariff",Very Poor,Poor,(another dwelling below),N/A,N/A,Fully triple glazed,Good,Good,"Solid brick, as built, insulated (assumed)",Good,Good,None,N/A,N/A,(another dwelling above),N/A,N/A,Electric underfloor heating,Very Poor,Very Poor,Temperature zone control,Good,Good,Low energy lighting in all fixed outlets,Very Good,Very Good,electricity (not community),0,unheated corridor,19.41,2.76,0.0,N,natural,"Apartment 2, Walpole Mayfair, 5 Arlington Street",Westminster,Cities of London and Westminster,LONDON,England and Wales: 2007-2011,2023-04-27 07:42:25,Rented (private),25,,10033617163,Address Matched,100
21685a2bfed4bd7adb635946687bc0263148d8e83fb37dd0f25594609a000af9,Flat 76,3 Whitehall Court,,SW1A 2EL,10004370375,E,B,45,83,Flat,Mid-Terrace,2023-04-18,E09000033,E14000639,,2023-04-19,marketed sale,52,72,217,118,8.7,37,4.8,533,295,4309,930,1345,319,238.0,Single,N,03,N,,,50,"double glazing, unknown install date",Normal,0,5,0,0,0,No system present: electric immersion assumed,Very Poor,Poor,(another dwelling below),N/A,N/A,Partial double glazing,Poor,Poor,"Solid brick, as built, no insulation (assumed)",Very Poor,Very Poor,None,N/A,N/A,(another dwelling above),N/A,N/A,No system present: electric heaters assumed,Very Poor,Poor,None,Very Poor,Very Poor,No low energy lighting,Very Poor,Very Poor,To be used only when there is no heating/hot-water system or data is from a community network,0,heated corridor,,3.01,0.0,N,natural,"Flat 76, 3 Whitehall Court",Westminster,Cities of London and Westminster,LONDON,England and Wales: before 1900,2023-04-19 16:52:43,Owner-occupied,4,,100023337019,Energy Assessor,100
414f3c095fa86e7cc7640b7ebdc26493c6b1133e7a4ee0d86b8f8a60021e420e,16a Arlington Street,,,SW1A 1RD,3974908868,C,B,73,81,Flat,Mid-Terrace,2023-04-06,E09000033,E14000639,,2023-04-09,marketed sale,73,83,166,103,2.0,29,1.3,163,119,706,383,233,234,70.0,Single,Y,01,N,,,100,secondary glazing,Normal,0,3,3,63,0,From main system,Good,Good,(another dwelling below),N/A,N/A,Full secondary glazing,Good,Good,"Solid brick, as built, no insulation (assumed)",Very Poor,Very Poor,None,N/A,N/A,(another dwelling above),N/A,N/A,"Boiler and radiators, mains gas",Good,Good,Programmer and room thermostat,Average,Average,Low energy lighting in 63% of fixed outlets,Good,Good,mains gas (not community),0,unheated corridor,9.66,2.8,0.0,N,natural,16a Arlington Street,Westminster,Cities of London and Westminster,LONDON,England and Wales: 1900-1929,2023-04-09 10:57:10,Owner-occupied,16,,100022722199,Energy Assessor,100
289621cca8261ee145a4d69a2295291efe9a6515a420c44757214e020aa49a70,Flat 108,4 Whitehall Court,,SW1A 2EP,10004352902,D,C,65,79,Flat,Mid-Terrace,2023-04-04,E09000033,E14000639,,2023-04-05,marketed sale,58,78,230,119,3.4,41,1.7,188,139,1143,469,303,303,83.0,Unknown,N,01,N,,,0,not defined,Normal,0,3,3,62,1,Community scheme,Good,Good,(another dwelling below),N/A,N/A,Single glazed,Very Poor,Very Poor,"Solid brick, as built, no insulation (assumed)",Very Poor,Very Poor,None,N/A,N/A,(another dwelling above),N/A,N/A,Community scheme,Good,Good,"Flat rate charging, no thermostatic control of room temperature",Very Poor,Very Poor,Low energy lighting in 62% of fixed outlets,Good,Good,mains gas (community),0,heated corridor,,3.35,0.0,N,natural,"Flat 108, 4 Whitehall Court",Westminster,Cities of London and Westminster,LONDON,England and Wales: before 1900,2023-04-05 13:34:52,Owner-occupied,13,,100023337039,Energy Assessor,100
22df9e36ff34b833615f195e51471636d21be283d11594325436e0db499efbaf,Flat D,1-3,Spring Gardens,SW1A 2BB,10004226089,E,C,39,76,Flat,Enclosed Mid-Terrace,2023-03-08,E09000033,E14000639,,2023-03-09,marketed sale,47,59,386,287,3.5,65,2.6,91,100,1720,437,645,238,53.0,Unknown,N,01,N,,,100,"double glazing, unknown install date",Normal,1,2,2,100,0,"Electric immersion, standard tariff",Very Poor,Poor,(other premises below),N/A,N/A,Fully double glazed,Average,Average,"Solid brick, as built, no insulation (assumed)",Very Poor,Very Poor,None,N/A,N/A,(another dwelling above),N/A,N/A,"Room heaters, electric",Very Poor,Poor,Room thermostats only,Good,Good,Low energy lighting in all fixed outlets,Very Good,Very Good,electricity (not community),0,heated corridor,,3.8,0.0,N,natural,"Flat D, 1-3, Spring Gardens",Westminster,Cities of London and Westminster,LONDON,England and Wales: before 1900,2023-03-09 17:48:30,Owner-occupied,13,,10033548871,Energy Assessor,100
2bb9a4d16beb9bf5ebc514d9daccd437973504a38d253c98c45cf49ce156c863,Penthouse,66 St. James's Street,,SW1A 1NE,1666426078,D,D,57,58,Flat,End-Terrace,2023-03-09,E09000033,E14000639,,2023-03-09,marketed sale,62,62,167,162,7.9,28,7.7,550,319,4198,4266,873,873,280.0,Unknown,Y,05,Y,,,100,"double glazing, unknown install date",Normal,4,6,6,28,0,"Electric immersion, standard tariff",Very Poor,Poor,(another dwelling below),N/A,N/A,Fully double glazed,Average,Average,"System built, as built, insulated (assumed)",Good,Good,None,N/A,N/A,"Flat, insulated (assumed)",Average,Average,"Air source heat pump, warm air, electric",Poor,Good,Time and temperature zone control,Very Good,Very Good,Low energy lighting in 28% of fixed outlets,Average,Average,electricity (not community),0,heated corridor,,2.32,0.0,N,"mechanical, extract only","Penthouse, 66 St. James's Street",Westminster,Cities of London and Westminster,LONDON,England and Wales: 1983-1990,2023-03-09 18:31:05,Owner-occupied,18,,10033636964,Address Matched,100
07a71bc23249d973c265bcbbcb3373febb6b9c8b4ee2549062205acba2236da2,Flat 5,1 St. James's Street,,SW1A 1EF,10003923193,C,B,74,83,Flat,End-Terrace,2023-02-27,E09000033,E14000639,,2023-02-27,marketed sale,71,82,165,102,4.1,29,2.5,251,201,1548,864,281,283,142.0,Single,Y,04,N,,,100,secondary glazing,Normal,0,4,4,75,0,From main system,Good,Good,(another dwelling below),N/A,N/A,Full secondary glazing,Good,Good,"Solid brick, as built, no insulation (assumed)",Very Poor,Very Poor,None,N/A,N/A,(another dwelling above),N/A,N/A,"Boiler and radiators, mains gas",Good,Good,Programmer and at least two room thermostats,Good,Good,Low energy lighting in 75% of fixed outlets,Very Good,Very Good,mains gas (not community),0,heated corridor,,2.8,0.0,N,natural,"Flat 5, 1 St. James's Street",Westminster,Cities of London and Westminster,LONDON,England and Wales: before 1900,2023-02-27 17:14:07,Owner-occupied,16,,100023336812,Energy Assessor,100
7c64fa434e06bffb9e53c65b5dbb3a179301ed8880145198b04144208d8f132e,Flat 6,1 St. James's Street,,SW1A 1EF,10004066156,D,D,59,63,Flat,End-Terrace,2023-02-27,E09000033,E14000639,,2023-02-27,marketed sale,49,55,288,253,7.3,51,6.4,253,202,2978,2620,279,279,144.0,Single,Y,05,Y,,,100,secondary glazing,Normal,0,4,4,75,0,From main system,Good,Good,(another dwelling below),N/A,N/A,Full secondary glazing,Good,Good,"Timber frame, as built, no insulation (assumed)",Very Poor,Very Poor,None,N/A,N/A,"Pitched, 150 mm loft insulation",Good,Good,"Boiler and radiators, mains gas",Good,Good,Programmer and at least two room thermostats,Good,Good,Low energy lighting in 75% of fixed outlets,Very Good,Very Good,mains gas (not community),0,heated corridor,,2.8,0.0,N,natural,"Flat 6, 1 St. James's Street",Westminster,Cities of London and Westminster,LONDON,England and Wales: before 1900,2023-02-27 16:41:39,Owner-occupied,16,,100023336813,Energy Assessor,100
21ab7cd552083623e589b0f73dd85f4f422b0c2ca825d9ea9c496e14679bb627,Flat 5b,Denham Building,27 St. James's Street,SW1A 1HA,10004066143,C,C,78,79,Flat,Semi-Detached,2022-08-23,E09000033,E14000639,,2023-02-06,marketed sale,82,84,137,121,1.3,23,1.1,62,62,172,172,222,185,54.0,Unknown,N,05,N,,,100,secondary glazing,Normal,0,2,2,100,0,"Electric immersion, off-peak",Average,Poor,(another dwelling below),N/A,N/A,Full secondary glazing,Good,Good,"System built, with internal insulation",Good,Good,None,N/A,N/A,(another dwelling above),N/A,N/A,Community scheme,Good,Very Good,"Flat rate charging, programmer and at least two room thermostats",Average,Average,Low energy lighting in all fixed outlets,Very Good,Very Good,electricity (community),0,heated corridor,,2.33,0.0,N,natural,"Flat 5b, Denham Building, 27 St. James's Street",Westminster,Cities of London and Westminster,LONDON,England and Wales: 1950-1966,2023-02-06 13:57:13,Owner-occupied,14,,10033642543,Energy Assessor,100
6baef683037d4d39afd727d5342b4d942e83ed5a9afc5e1ff20e081a67449e51,Flat 4a,Denham Building,27 St. James's Street,SW1A 1HA,10004064960,D,D,61,62,Flat,Semi-Detached,2022-08-23,E09000033,E14000639,,2023-02-06,marketed sale,66,68,243,228,2.2,41,2.1,62,62,458,458,222,185,54.0,Unknown,N,04,N,,,100,secondary glazing,Normal,0,2,2,100,0,"Electric immersion, off-peak",Average,Poor,(other premises below),N/A,N/A,Full secondary glazing,Good,Good,"System built, as built, no insulation (assumed)",Very Poor,Very Poor,None,N/A,N/A,(another dwelling above),N/A,N/A,Community scheme,Good,Very Good,"Flat rate charging, programmer and at least two room thermostats",Average,Average,Low energy lighting in all fixed outlets,Very Good,Very Good,electricity (community),0,heated corridor,,2.33,0.0,N,natural,"Flat 4a, Denham Building, 27 St. James's Street",Westminster,Cities of London and Westminster,LONDON,England and Wales: 1950-1966,2023-02-06 13:56:53,Owner-occupied,14,,10033642545,Energy Assessor,100
84e7f6a88a5cec6ef7a7edac201e1f6c41bd4ec73eef992587dbe64f728dba77,Flat 5A,27 St. James's Street,,SW1A 1HA,0871269578,D,C,68,69,Flat,Semi-Detached,2022-08-23,E09000033,E14000639,,2023-02-06,marketed sale,72,74,200,184,1.8,34,1.7,62,62,342,342,222,185,54.0,Unknown,N,05,N,,,100,secondary glazing,Normal,0,2,2,100,0,"Electric immersion, off-peak",Average,Poor,(another dwelling below),N/A,N/A,Full secondary glazing,Good,Good,"System built, as built, no insulation (assumed)",Very Poor,Very Poor,None,N/A,N/A,(another dwelling above),N/A,N/A,Community scheme,Good,Very Good,"Flat rate charging, programmer and at least two room thermostats",Average,Average,Low energy lighting in all fixed outlets,Very Good,Very Good,electricity (community),0,heated corridor,,2.33,0.0,N,natural,"Flat 5A, 27 St. James's Street",Westminster,Cities of London and Westminster,LONDON,England and Wales: 1950-1966,2023-02-06 13:57:32,Owner-occupied,14,,,,100
cc620768ba1b137a5efbe636c6d876333fc346133718a1132c3c49e7a9a8a907,Flat 4b,Denham Building,27 St. James's Street,SW1A 1HA,10004064965,D,D,61,62,Flat,Semi-Detached,2022-08-23,E09000033,E14000639,,2023-02-06,marketed sale,66,68,243,228,2.2,41,2.1,62,62,458,458,222,185,54.0,Unknown,N,04,N,,,100,secondary glazing,Normal,0,2,2,100,0,"Electric immersion, off-peak",Average,Poor,(other premises below),N/A,N/A,Full secondary glazing,Good,Good,"System built, as built, no insulation (assumed)",Very Poor,Very Poor,None,N/A,N/A,(another dwelling above),N/A,N/A,Community scheme,Good,Very Good,"Flat rate charging, programmer and at least two room thermostats",Average,Average,Low energy lighting in all fixed outlets,Very Good,Very Good,electricity (community),0,heated corridor,,2.33,0.0,N,natural,"Flat 4b, Denham Building, 27 St. James's Street",Westminster,Cities of London and Westminster,LONDON,England and Wales: 1950-1966,2023-02-06 13:57:50,Owner-occupied,14,,10033642544,Energy Assessor,100
261986fb470ad695120026c2c22db02b3175347ab370d61627694d32e141a920,Flat 4,1 St. James's Street,,SW1A 1EF,10003921784,C,B,73,82,Flat,End-Terrace,2023-01-10,E09000033,E14000639,,2023-01-11,marketed sale,68,82,179,104,4.5,32,2.6,140,112,730,412,108,109,144.0,Single,Y,03,N,,,100,secondary glazing,Normal,0,4,4,75,0,From main system,Good,Good,(another dwelling below),N/A,N/A,Full secondary glazing,Good,Good,"Solid brick, as built, no insulation (assumed)",Very Poor,Very Poor,None,N/A,N/A,(another dwelling above),N/A,N/A,"Boiler and radiators, mains gas",Good,Good,Programmer and at least two room thermostats,Good,Good,Low energy lighting in 75% of fixed outlets,Very Good,Very Good,mains gas (not community),0,heated corridor,,2.8,0.0,N,natural,"Flat 4, 1 St. James's Street",Westminster,Cities of London and Westminster,LONDON,England and Wales: before 1900,2023-01-11 02:19:05,Owner-occupied,16,,100023336811,Energy Assessor,100
a23c1881e6a3e7e7c0a209fdbdc2df3c14c20bd424fdbde16a35daf7f749bb4b,Flat 3,1 St. James's Street,,SW1A 1EF,10003919968,C,C,75,79,Flat,End-Terrace,2023-01-10,E09000033,E14000639,,2023-01-11,marketed sale,78,83,192,144,1.5,34,1.1,54,54,277,210,77,77,45.0,Single,Y,02,N,,,100,secondary glazing,Normal,0,2,2,75,0,From main system,Good,Good,(another dwelling below),N/A,N/A,Full secondary glazing,Good,Good,"Solid brick, as built, no insulation (assumed)",Very Poor,Very Poor,None,N/A,N/A,(another dwelling above),N/A,N/A,"Boiler and radiators, mains gas",Good,Good,Programmer and room thermostat,Average,Average,Low energy lighting in 75% of fixed outlets,Very Good,Very Good,mains gas (not community),0,heated corridor,,3.1,0.0,N,natural,"Flat 3, 1 St. James's Street",Westminster,Cities of London and Westminster,LONDON,England and Wales: before 1900,2023-01-11 02:13:51,Owner-occupied,8,,100023336810,Energy Assessor,100
abcd8c1d39b98a9c272d08abde9c383f5ae5a66d94cfb4a4d1599e10e7a4a77d,Flat 1,1 St. James's Street,,SW1A 1EF,10003913885,D,C,62,74,Flat,End-Terrace,2023-01-10,E09000033,E14000639,,2023-01-11,marketed sale,54,69,259,172,6.6,46,4.4,141,113,1094,721,107,108,146.0,Single,Y,01,N,,,100,secondary glazing,Normal,0,4,4,75,0,From main system,Good,Good,(other premises below),N/A,N/A,Full secondary glazing,Good,Good,"Solid brick, as built, no insulation (assumed)",Very Poor,Very Poor,None,N/A,N/A,(another dwelling above),N/A,N/A,"Boiler and radiators, mains gas",Good,Good,Programmer and at least two room thermostats,Good,Good,Low energy lighting in 75% of fixed outlets,Very Good,Very Good,mains gas (not community),0,heated corridor,,3.3,0.0,N,natural,"Flat 1, 1 St. James's Street",Westminster,Cities of London and Westminster,LONDON,England and Wales: before 1900,2023-01-11 01:54:53,Owner-occupied,16,,100023336806,Energy Assessor,100
0274a24ab38d7e7c9ac18fde578425a4df8c4bd6ac1baa41928a020c0b049cad,Flat K,1-3,Spring Gardens,SW1A 2BB,10003927412,E,C,50,75,Maisonette,Enclosed End-Terrace,2022-08-22,E09000033,E14000639,,2023-01-06,rental,49,73,288,147,5.0,49,2.5,93,93,1331,507,277,231,102.0,Unknown,N,03,Y,,,90,"double glazing, unknown install date",Normal,0,4,4,100,0,"Electric immersion, off-peak",Poor,Poor,(another dwelling below),N/A,N/A,Mostly double glazing,Average,Average,"Solid brick, as built, no insulation (assumed)",Very Poor,Very Poor,"Room heaters, electric",N/A,N/A,"Flat, no insulation (assumed)",Very Poor,Very Poor,"Air source heat pump, warm air, electric",Average,Good,Time and temperature zone control,Very Good,Very Good,Low energy lighting in all fixed outlets,Very Good,Very Good,electricity (not community),0,heated corridor,,2.74,0.0,N,natural,"Flat K, 1-3, Spring Gardens",Westminster,Cities of London and Westminster,LONDON,England and Wales: before 1900,2023-01-06 12:11:50,Rented (private),11,,10033555622,Energy Assessor,100
5b2ac67ca8ef898951cb5da488e7bbc8b5dffefc655ca69a2a7e63a1ebce6118,Flat 1,1-3 Arlington Street,,SW1A 1RA,4162721868,C,B,80,86,Flat,Enclosed End-Terrace,2022-12-12,E09000033,E14000639,,2022-12-20,marketed sale,74,83,102,66,6.1,18,3.9,196,196,900,536,130,130,341.0,Single,N,02,N,,,100,triple glazing,Normal,0,7,7,96,0,Community scheme,Good,Good,(another dwelling below),N/A,N/A,Fully triple glazed,Good,Good,"Solid brick, as built, no insulation (assumed)",Very Poor,Very Poor,None,N/A,N/A,(another dwelling above),N/A,N/A,Community scheme,Good,Good,"Flat rate charging, TRVs",Average,Average,Low energy lighting in 96% of fixed outlets,Very Good,Very Good,mains gas (community),0,heated corridor,,2.81,0.0,N,natural,"Flat 1, 1-3 Arlington Street",Westminster,Cities of London and Westminster,LONDON,England and Wales: before 1900,2022-12-20 15:16:57,Owner-occupied,49,,10033568518,Address Matched,100
b9ce06802ea1975f0cd641a38926585584dec6b65832025e081210e5559bc803,Flat A,1-3,Spring Gardens,SW1A 2BB,10003813858,E,C,44,71,Flat,Enclosed End-Terrace,2022-12-09,E09000033,E14000639,,2022-12-13,rental,42,52,382,299,4.5,65,3.6,62,73,1071,556,234,185,70.0,dual,N,01,N,,,100,double glazing installed before 2002,Normal,0,2,2,100,0,"Electric immersion, off-peak",Poor,Poor,(other premises below),N/A,N/A,Fully double glazed,Average,Average,"Solid brick, as built, no insulation (assumed)",Poor,Poor,None,N/A,N/A,(another dwelling above),N/A,N/A,"Room heaters, electric",Very Poor,Poor,Appliance thermostats,Good,Good,Low energy lighting in all fixed outlets,Very Good,Very Good,electricity (not community),0,unheated corridor,6.05,2.87,0.0,N,natural,"Flat A, 1-3, Spring Gardens",Westminster,Cities of London and Westminster,LONDON,England and Wales: 1900-1929,2022-12-13 19:51:39,Owner-occupied,8,,10033552756,Energy Assessor,100
25042c15ff7508285c536df912b023046e5bdca7f4c3f6200c46a1e7a043c2fa,2.11,6 Horse Guards Avenue,,SW1A 2BH,10003739852,C,C,80,80,Flat,Mid-Terrace,2022-12-06,E09000033,E14000639,,2022-12-06,new dwelling,88,88,50,50,2.7,9,2.7,143,143,942,942,81,81,283.0,standard tariff,,2,N,,,100,,,,,,100,0,Community scheme,Very Good,Very Good,(other premises below),N/A,N/A,Multiple glazing throughout,Good,Good,Average thermal transmittance 0.84 W/m-¦K,Average,Average,None,N/A,N/A,(other premises above),N/A,N/A,Community scheme,Very Good,Very Good,"Charging system linked to use of community heating, programmer and at least two room stats",Good,Good,Low energy lighting in all fixed outlets,Very Good,Very Good,,0,,,4.86,,,,"2.11, 6 Horse Guards Avenue",Westminster,Cities of London and Westminster,London,2022,2022-12-06 12:27:57,Not defined - use in the case of a new dwelling for which the intended tenure in not known. It is not to be used for an existing dwelling,20,,10033655907,Address Matched,101
02cf8332adf4a260a4d8e0b02dfab5a3afec54e226e76acfdd36ef6f097d0942,5.11,6 Horse Guards Avenue,,SW1A 2BH,10003775796,B,B,82,82,Flat,Mid-Terrace,2022-12-01,E09000033,E14000639,,2022-12-01,not sale or rental,90,90,42,42,1.5,8,1.5,128,128,500,500,79,79,187.0,standard tariff,,3,Y,,,100,,,,,,100,0,Community scheme,Very Good,Very Good,(other premises below),N/A,N/A,Multiple glazing throughout,Good,Good,Average thermal transmittance 1.12 W/m-¦K,Poor,Poor,None,N/A,N/A,Average thermal transmittance 0.14 W/m-¦K,Very Good,Very Good,Community scheme,Very Good,Very Good,"Charging system linked to use of community heating, programmer and at least two room stats",Good,Good,Low energy lighting in all fixed outlets,Very Good,Very Good,,0,,,2.97,,,,"5.11, 6 Horse Guards Avenue",Westminster,Cities of London and Westminster,London,2022,2022-12-01 09:44:35,Not defined - use in the case of a new dwelling for which the intended tenure in not known. It is not to be used for an existing dwelling,20,,10033655945,Address Matched,101
0bac52e73469c0ba771bc9782c47e8643adc0b5d228bb1f2e87928a9af4d21cb,4.02,6 Horse Guards Avenue,,SW1A 2BH,10003767162,B,B,81,81,Flat,Mid-Terrace,2022-12-01,E09000033,E14000639,,2022-12-01,new dwelling,89,89,45,45,2.9,8,2.9,200,200,982,982,82,82,337.0,standard tariff,,2,N,,,100,,,,,,100,0,Community scheme,Very Good,Very Good,(other premises below),N/A,N/A,Full secondary glazing,Good,Good,Average thermal transmittance 1.00 W/m-¦K,Average,Average,None,N/A,N/A,Average thermal transmittance 0.09 W/m-¦K,Very Good,Very Good,Community scheme,Very Good,Very Good,"Charging system linked to use of community heating, programmer and at least two room stats",Good,Good,Low energy lighting in all fixed outlets,Very Good,Very Good,,0,,,3.65,,,,"4.02, 6 Horse Guards Avenue",Westminster,Cities of London and Westminster,London,2022,2022-12-01 09:44:27,Not defined - use in the case of a new dwelling for which the intended tenure in not known. It is not to be used for an existing dwelling,20,,10033655924,Address Matched,101
29b0d0ed9f1c2a73840d7d382e4997ab34f1efc779902e6f4176181fbfe51b66,4.07,6 Horse Guards Avenue,,SW1A 2BH,10003767167,C,C,79,79,Flat,Mid-Terrace,2022-12-01,E09000033,E14000639,,2022-12-01,new dwelling,88,88,48,48,2.2,9,2.2,157,157,779,779,80,80,242.0,standard tariff,,2,N,,,100,,,,,,100,0,Community scheme,Very Good,Very Good,(other premises below),N/A,N/A,Full secondary glazing,Good,Good,Average thermal transmittance 1.12 W/m-¦K,Poor,Poor,None,N/A,N/A,Average thermal transmittance 0.09 W/m-¦K,Very Good,Very Good,Community scheme,Very Good,Very Good,"Charging system linked to use of community heating, programmer and at least two room stats",Good,Good,Low energy lighting in all fixed outlets,Very Good,Very Good,,0,,,3.65,,,,"4.07, 6 Horse Guards Avenue",Westminster,Cities of London and Westminster,London,2022,2022-12-01 09:44:33,Not defined - use in the case of a new dwelling for which the intended tenure in not known. It is not to be used for an existing dwelling,20,,10033655929,Address Matched,101
37500203864df18ea45ad8c89afaf59773df5eb4781c2085724ed66eec2d628e,4.03,6 Horse Guards Avenue,,SW1A 2BH,10003767163,B,B,84,84,Flat,Mid-Terrace,2022-12-01,E09000033,E14000639,,2022-12-01,new dwelling,90,90,40,40,2.0,7,2.0,153,153,684,684,80,80,275.0,standard tariff,,2,N,,,100,,,,,,100,0,Community scheme,Very Good,Very Good,(other premises below),N/A,N/A,High performance glazing,Very Good,Very Good,Average thermal transmittance 0.62 W/m-¦K,Average,Average,None,N/A,N/A,Average thermal transmittance 0.09 W/m-¦K,Very Good,Very Good,Community scheme,Very Good,Very Good,"Charging system linked to use of community heating, programmer and at least two room stats",Good,Good,Low energy lighting in all fixed outlets,Very Good,Very Good,,0,,,3.65,,,,"4.03, 6 Horse Guards Avenue",Westminster,Cities of London and Westminster,London,2022,2022-12-01 09:44:28,Not defined - use in the case of a new dwelling for which the intended tenure in not known. It is not to be used for an existing dwelling,20,,10033655925,Address Matched,101
48dcd4bfb708970f33f27a74f438ecd01c874e33cddad85a8b06d5faa9e05c29,5.02,6 Horse Guards Avenue,,SW1A 2BH,10003775792,B,B,86,86,Maisonette,Mid-Terrace,2022-12-01,E09000033,E14000639,,2022-12-01,new dwelling,91,91,34,34,2.3,6,2.3,163,163,769,769,82,82,363.0,standard tariff,,3,Y,,,100,,,,,,100,0,Community scheme,Very Good,Very Good,(other premises below),N/A,N/A,High performance glazing,Very Good,Very Good,Average thermal transmittance 0.15 W/m-¦K,Very Good,Very Good,None,N/A,N/A,Average thermal transmittance 0.14 W/m-¦K,Very Good,Very Good,Community scheme,Very Good,Very Good,"Charging system linked to use of community heating, programmer and at least two room stats",Good,Good,Low energy lighting in all fixed outlets,Very Good,Very Good,,0,,,3.32,,,,"5.02, 6 Horse Guards Avenue",Westminster,Cities of London and Westminster,London,2022,2022-12-01 09:44:39,Not defined - use in the case of a new dwelling for which the intended tenure in not known. It is not to be used for an existing dwelling,20,,10033655938,Address Matched,101
5fe1129711461f1ba59ebe46d3ff76ee8cdcdd7199c45537c9407457041eeab9,3.02,6 Horse Guards Avenue,,SW1A 2BH,10003755905,B,B,82,82,Flat,Mid-Terrace,2022-12-01,E09000033,E14000639,,2022-12-01,new dwelling,89,89,43,43,2.7,8,2.7,195,195,941,941,82,82,338.0,standard tariff,,2,N,,,100,,,,,,100,0,Community scheme,Very Good,Very Good,(other premises below),N/A,N/A,Full secondary glazing,Good,Good,Average thermal transmittance 1.00 W/m-¦K,Average,Average,None,N/A,N/A,(other premises above),N/A,N/A,Community scheme,Very Good,Very Good,"Charging system linked to use of community heating, programmer and at least two room stats",Good,Good,Low energy lighting in all fixed outlets,Very Good,Very Good,,0,,,3.61,,,,"3.02, 6 Horse Guards Avenue",Westminster,Cities of London and Westminster,London,2022,2022-12-01 09:44:24,Not defined - use in the case of a new dwelling for which the intended tenure in not known. It is not to be used for an existing dwelling,20,,10033655911,Address Matched,101
64cdd33647dfaddb299ff35d7399ae87d8f6a36a694bf7f95f1a4f7eb7625087,5.03,6 Horse Guards Avenue,,SW1A 2BH,10003775793,B,B,87,87,Flat,Mid-Terrace,2022-12-01,E09000033,E14000639,,2022-12-01,new dwelling,92,92,32,32,1.5,6,1.5,139,139,481,481,80,80,260.0,standard tariff,,2,N,,,100,,,,,,100,0,Community scheme,Very Good,Very Good,(other premises below),N/A,N/A,High performance glazing,Very Good,Very Good,Average thermal transmittance 0.15 W/m-¦K,Very Good,Very Good,None,N/A,N/A,Average thermal transmittance 0.14 W/m-¦K,Very Good,Very Good,Community scheme,Very Good,Very Good,"Charging system linked to use of community heating, programmer and at least two room stats",Good,Good,Low energy lighting in all fixed outlets,Very Good,Very Good,,0,,,3.25,,,,"5.03, 6 Horse Guards Avenue",Westminster,Cities of London and Westminster,London,2022,2022-12-01 09:44:40,Not defined - use in the case of a new dwelling for which the intended tenure in not known. It is not to be used for an existing dwelling,20,,10033655939,Address Matched,101
68be69f61d356537acef92959b72a6ec9719bc56d128e788fdcfdedbc51db693,6.04,6 Horse Guards Avenue,,SW1A 2BH,10003782800,B,B,86,86,Maisonette,Mid-Terrace,2022-12-01,E09000033,E14000639,,2022-12-01,new dwelling,91,91,34,34,2.3,6,2.3,166,166,767,767,82,82,360.0,standard tariff,,3,Y,,,100,,,,,,100,0,Community scheme,Very Good,Very Good,(other premises below),N/A,N/A,High performance glazing,Very Good,Very Good,Average thermal transmittance 0.15 W/m-¦K,Very Good,Very Good,None,N/A,N/A,Average thermal transmittance 0.10 W/m-¦K,Very Good,Very Good,Community scheme,Very Good,Very Good,"Charging system linked to use of community heating, programmer and at least two room stats",Good,Good,Low energy lighting in all fixed outlets,Very Good,Very Good,,0,,,3.33,,,,"6.04, 6 Horse Guards Avenue",Westminster,Cities of London and Westminster,London,2022,2022-12-01 09:44:43,Not defined - use in the case of a new dwelling for which the intended tenure in not known. It is not to be used for an existing dwelling,20,,10033655949,Address Matched,101
6f91dfbf1e2dba8ef3673e3cb8bdcb1448c3b076f53ca816916627d1b3aedefb,5.01,6 Horse Guards Avenue,,SW1A 2BH,10003775791,B,B,85,85,Maisonette,Mid-Terrace,2022-12-01,E09000033,E14000639,,2022-12-01,new dwelling,90,90,40,40,2.8,7,2.8,171,171,958,958,83,83,394.0,standard tariff,,3,Y,,,100,,,,,,100,0,Community scheme,Very Good,Very Good,(other premises below),N/A,N/A,High performance glazing,Very Good,Very Good,Average thermal transmittance 0.15 W/m-¦K,Very Good,Very Good,None,N/A,N/A,Average thermal transmittance 0.14 W/m-¦K,Very Good,Very Good,Community scheme,Very Good,Very Good,"Charging system linked to use of community heating, programmer and at least two room stats",Good,Good,Low energy lighting in all fixed outlets,Very Good,Very Good,,0,,,3.32,,,,"5.01, 6 Horse Guards Avenue",Westminster,Cities of London and Westminster,London,2022,2022-12-01 09:44:37,Not defined - use in the case of a new dwelling for which the intended tenure in not known. It is not to be used for an existing dwelling,20,,10033655937,Address Matched,101
a0882e7a0760ed36eedb113008f9029afbe18475d51a9b61c915fd3e1cc60c5b,4.08,6 Horse Guards Avenue,,SW1A 2BH,10003767168,B,B,82,82,Flat,Mid-Terrace,2022-12-01,E09000033,E14000639,,2022-12-01,new dwelling,91,91,44,44,0.9,8,0.9,107,107,297,297,77,77,114.0,standard tariff,,2,N,,,100,,,,,,100,0,Community scheme,Very Good,Very Good,(other premises below),N/A,N/A,Full secondary glazing,Good,Good,Average thermal transmittance 1.12 W/m-¦K,Poor,Poor,None,N/A,N/A,Average thermal transmittance 0.09 W/m-¦K,Very Good,Very Good,Community scheme,Very Good,Very Good,"Charging system linked to use of community heating, programmer and at least two room stats",Good,Good,Low energy lighting in all fixed outlets,Very Good,Very Good,,0,,,3.65,,,,"4.08, 6 Horse Guards Avenue",Westminster,Cities of London and Westminster,London,2022,2022-12-01 09:44:34,Not defined - use in the case of a new dwelling for which the intended tenure in not known. It is not to be used for an existing dwelling,20,,10033655930,Address Matched,101
a51dfe21bc56c427c9db29d08c36e7a8d1113d73c05bc0e07ef0e1adaf925b06,4.06,6 Horse Guards Avenue,,SW1A 2BH,10003767166,B,B,83,83,Flat,Mid-Terrace,2022-12-01,E09000033,E14000639,,2022-12-01,new dwelling,92,92,43,43,0.7,8,0.7,82,82,209,209,72,72,83.0,standard tariff,,2,N,,,100,,,,,,100,0,Community scheme,Very Good,Very Good,(other premises below),N/A,N/A,Full secondary glazing,Good,Good,Average thermal transmittance 1.12 W/m-¦K,Poor,Poor,None,N/A,N/A,Average thermal transmittance 0.09 W/m-¦K,Very Good,Very Good,Community scheme,Very Good,Very Good,"Charging system linked to use of community heating, programmer and at least two room stats",Good,Good,Low energy lighting in all fixed outlets,Very Good,Very Good,,0,,,3.65,,,,"4.06, 6 Horse Guards Avenue",Westminster,Cities of London and Westminster,London,2022,2022-12-01 09:44:31,Not defined - use in the case of a new dwelling for which the intended tenure in not known. It is not to be used for an existing dwelling,20,,10033655928,Address Matched,101
c770e56811d51a3bb121623615499c3c5460baa78fd4bb7980ba15af90b2aa5c,4.04,6 Horse Guards Avenue,,SW1A 2BH,10003767164,B,B,82,82,Flat,Mid-Terrace,2022-12-01,E09000033,E14000639,,2022-12-01,new dwelling,90,90,42,42,1.8,8,1.8,129,129,618,618,80,80,228.0,standard tariff,,2,N,,,100,,,,,,100,0,Community scheme,Very Good,Very Good,(other premises below),N/A,N/A,Full secondary glazing,Good,Good,Average thermal transmittance 0.53 W/m-¦K,Good,Good,None,N/A,N/A,Average thermal transmittance 0.10 W/m-¦K,Very Good,Very Good,Community scheme,Very Good,Very Good,"Charging system linked to use of community heating, programmer and at least two room stats",Good,Good,Low energy lighting in all fixed outlets,Very Good,Very Good,,0,,,3.65,,,,"4.04, 6 Horse Guards Avenue",Westminster,Cities of London and Westminster,London,2022,2022-12-01 09:44:29,Not defined - use in the case of a new dwelling for which the intended tenure in not known. It is not to be used for an existing dwelling,20,,10033655926,Address Matched,101
d4b8130264bedba219babac3bdb1d2dfcbb158db1503326dc67cc6847f7a4e1b,7.15,6 Horse Guards Avenue,,SW1A 2BH,10003788430,B,B,82,82,Flat,Semi-Detached,2022-12-01,E09000033,E14000639,,2022-12-01,new dwelling,89,89,43,43,2.9,8,2.9,161,161,961,961,82,82,354.0,standard tariff,,3,Y,,,100,,,,,,100,0,Community scheme,Very Good,Very Good,(other premises below),N/A,N/A,High performance glazing,Very Good,Very Good,Average thermal transmittance 0.15 W/m-¦K,Very Good,Very Good,None,N/A,N/A,Average thermal transmittance 0.12 W/m-¦K,Very Good,Very Good,Community scheme,Very Good,Very Good,"Charging system linked to use of community heating, programmer and at least two room stats",Good,Good,Low energy lighting in all fixed outlets,Very Good,Very Good,,0,,,3.7,,,,"7.15, 6 Horse Guards Avenue",Westminster,Cities of London and Westminster,London,2022,2022-12-01 09:44:46,Not defined - use in the case of a new dwelling for which the intended tenure in not known. It is not to be used for an existing dwelling,20,,10033655957,Address Matched,101
d79b05e15ffd0065e3fb4701864b095625f3ac6694b0bec35d3bda215d6719c7,7.10,6 Horse Guards Avenue,,SW1A 2BH,10003788429,B,B,82,82,Flat,Semi-Detached,2022-12-01,E09000033,E14000639,,2022-12-01,new dwelling,89,89,41,41,2.7,8,2.7,158,158,902,902,82,82,343.0,standard tariff,,3,Y,,,100,,,,,,100,0,Community scheme,Very Good,Very Good,Average thermal transmittance 0.20 W/m-¦K,Very Good,Very Good,High performance glazing,Very Good,Very Good,Average thermal transmittance 0.15 W/m-¦K,Very Good,Very Good,None,N/A,N/A,Average thermal transmittance 0.12 W/m-¦K,Very Good,Very Good,Community scheme,Very Good,Very Good,"Charging system linked to use of community heating, programmer and at least two room stats",Good,Good,Low energy lighting in all fixed outlets,Very Good,Very Good,,0,,,3.7,,,,"7.10, 6 Horse Guards Avenue",Westminster,Cities of London and Westminster,London,2022,2022-12-01 09:44:44,Not defined - use in the case of a new dwelling for which the intended tenure in not known. It is not to be used for an existing dwelling,20,,10033655956,Address Matched,101
e41d9e5c62b463cb810f0a8827de1df26fa6b00e6033f5bfd18207caf431d070,6.03,6 Horse Guards Avenue,,SW1A 2BH,10003782799,B,B,85,85,Flat,Mid-Terrace,2022-12-01,E09000033,E14000639,,2022-12-01,new dwelling,91,91,36,36,1.5,7,1.5,126,126,479,479,79,79,222.0,standard tariff,,3,Y,,,100,,,,,,100,0,Community scheme,Very Good,Very Good,(other premises below),N/A,N/A,High performance glazing,Very Good,Very Good,Average thermal transmittance 0.15 W/m-¦K,Very Good,Very Good,None,N/A,N/A,Average thermal transmittance 0.10 W/m-¦K,Very Good,Very Good,Community scheme,Very Good,Very Good,"Charging system linked to use of community heating, programmer and at least two room stats",Good,Good,Low energy lighting in all fixed outlets,Very Good,Very Good,,0,,,3.25,,,,"6.03, 6 Horse Guards Avenue",Westminster,Cities of London and Westminster,London,2022,2022-12-01 09:44:42,Not defined - use in the case of a new dwelling for which the intended tenure in not known. It is not to be used for an existing dwelling,20,,10033655948,Address Matched,101
f9ae9ae1dfa0e2a56d2aa790ce9b4206ee02823aba864f2690ba7f95f6ed6931,4.05,6 Horse Guards Avenue,,SW1A 2BH,10003767165,B,B,84,84,Flat,Mid-Terrace,2022-12-01,E09000033,E14000639,,2022-12-01,new dwelling,91,91,40,40,1.5,7,1.5,122,122,488,488,79,79,196.0,standard tariff,,2,N,,,100,,,,,,100,0,Community scheme,Very Good,Very Good,(other premises below),N/A,N/A,High performance glazing,Very Good,Very Good,Average thermal transmittance 0.84 W/m-¦K,Average,Average,None,N/A,N/A,Average thermal transmittance 0.09 W/m-¦K,Very Good,Very Good,Community scheme,Very Good,Very Good,"Charging system linked to use of community heating, programmer and at least two room stats",Good,Good,Low energy lighting in all fixed outlets,Very Good,Very Good,,0,,,3.65,,,,"4.05, 6 Horse Guards Avenue",Westminster,Cities of London and Westminster,London,2022,2022-12-01 09:44:30,Not defined - use in the case of a new dwelling for which the intended tenure in not known. It is not to be used for an existing dwelling,20,,10033655927,Address Matched,101
fb66747a3a307b66cdd724a1308a7bd83046cf15663df8d2cdbca9903f0044c9,5.07,6 Horse Guards Avenue,,SW1A 2BH,10003775794,B,B,84,84,Maisonette,Mid-Terrace,2022-12-01,E09000033,E14000639,,2022-12-01,new dwelling,89,89,44,44,2.8,8,2.8,160,160,961,961,82,82,350.0,standard tariff,,3,Y,,,100,,,,,,100,0,Community scheme,Very Good,Very Good,(other premises below),N/A,N/A,High performance glazing,Very Good,Very Good,Average thermal transmittance 0.15 W/m-¦K,Very Good,Very Good,None,N/A,N/A,Average thermal transmittance 0.14 W/m-¦K,Very Good,Very Good,Community scheme,Very Good,Very Good,"Charging system linked to use of community heating, programmer and at least two room stats",Good,Good,Low energy lighting in all fixed outlets,Very Good,Very Good,,0,,,3.37,,,,"5.07, 6 Horse Guards Avenue",Westminster,Cities of London and Westminster,London,2022,2022-12-01 09:44:41,Not defined - use in the case of a new dwelling for which the intended tenure in not known. It is not to be used for an existing dwelling,20,,10033655941,Address Matched,101
fd5310345d2866623e7d6f98f5fbd4eec149ad8d548ab070828219d9b2dcae33,5.09,6 Horse Guards Avenue,,SW1A 2BH,10003775795,B,B,88,88,Flat,Mid-Terrace,2022-12-01,E09000033,E14000639,,2022-12-01,new dwelling,93,93,32,32,1.1,6,1.1,129,129,333,333,79,79,192.0,standard tariff,,2,N,,,100,,,,,,100,0,Community scheme,Very Good,Very Good,(other premises below),N/A,N/A,High performance glazing,Very Good,Very Good,Average thermal transmittance 0.15 W/m-¦K,Very Good,Very Good,None,N/A,N/A,Average thermal transmittance 0.14 W/m-¦K,Very Good,Very Good,Community scheme,Very Good,Very Good,"Charging system linked to use of community heating, programmer and at least two room stats",Good,Good,Low energy lighting in all fixed outlets,Very Good,Very Good,,0,,,3.25,,,,"5.09, 6 Horse Guards Avenue",Westminster,Cities of London and Westminster,London,2022,2022-12-01 09:44:36,Not defined - use in the case of a new dwelling for which the intended tenure in not known. It is not to be used for an existing dwelling,20,,10033655943,Address Matched,101
0bfca0215399053ae0099250477ae0b10292973de6c1382f87ae392fa683c125,6.15,6 Horse Guards Avenue,,SW1A 2BH,10003656608,B,B,88,88,Flat,Mid-Terrace,2022-11-23,E09000033,E14000639,,2022-11-23,new dwelling,93,93,32,32,1.3,6,1.3,147,147,388,388,79,79,223.0,standard tariff,,2,N,,,100,,,,,,100,0,Community scheme,Very Good,Very Good,(other premises below),N/A,N/A,High performance glazing,Very Good,Very Good,Average thermal transmittance 0.15 W/m-¦K,Very Good,Very Good,None,N/A,N/A,Average thermal transmittance 0.10 W/m-¦K,Very Good,Very Good,Community scheme,Very Good,Very Good,"Charging system linked to use of community heating, programmer and at least two room stats",Good,Good,Low energy lighting in all fixed outlets,Very Good,Very Good,,0,,,3.25,,,,"6.15, 6 Horse Guards Avenue",Westminster,Cities of London and Westminster,London,2022,2022-11-23 15:45:57,Not defined - use in the case of a new dwelling for which the intended tenure in not known. It is not to be used for an existing dwelling,20,,10033655955,Address Matched,101
37d77347a7421c752d74bff5f1b58adb17e496435204887de7764b287ce79fcf,6.09,6 Horse Guards Avenue,,SW1A 2BH,10003656605,B,B,86,86,Flat,Mid-Terrace,2022-11-23,E09000033,E14000639,,2022-11-23,new dwelling,92,92,35,35,1.1,6,1.1,127,127,337,337,79,79,177.0,standard tariff,,2,N,,,100,,,,,,100,0,Community scheme,Very Good,Very Good,(other premises below),N/A,N/A,High performance glazing,Very Good,Very Good,Average thermal transmittance 0.15 W/m-¦K,Very Good,Very Good,None,N/A,N/A,Average thermal transmittance 0.10 W/m-¦K,Very Good,Very Good,Community scheme,Very Good,Very Good,"Charging system linked to use of community heating, programmer and at least two room stats",Good,Good,Low energy lighting in all fixed outlets,Very Good,Very Good,,0,,,3.25,,,,"6.09, 6 Horse Guards Avenue",Westminster,Cities of London and Westminster,London,2022,2022-11-23 15:45:54,Not defined - use in the case of a new dwelling for which the intended tenure in not known. It is not to be used for an existing dwelling,20,,10033655952,Address Matched,101
59f1b0489d00e89b2d638f1874f894a40a90361582057518ee38e9569b89c486,6.14,6 Horse Guards Avenue,,SW1A 2BH,10003656607,B,B,87,87,Flat,Mid-Terrace,2022-11-23,E09000033,E14000639,,2022-11-23,new dwelling,93,93,33,33,1.1,6,1.1,131,131,329,329,79,79,183.0,standard tariff,,2,N,,,100,,,,,,100,0,Community scheme,Very Good,Very Good,(other premises below),N/A,N/A,High performance glazing,Very Good,Very Good,Average thermal transmittance 0.15 W/m-¦K,Very Good,Very Good,None,N/A,N/A,Average thermal transmittance 0.10 W/m-¦K,Very Good,Very Good,Community scheme,Very Good,Very Good,"Charging system linked to use of community heating, programmer and at least two room stats",Good,Good,Low energy lighting in all fixed outlets,Very Good,Very Good,,0,,,3.25,,,,"6.14, 6 Horse Guards Avenue",Westminster,Cities of London and Westminster,London,2022,2022-11-23 15:45:56,Not defined - use in the case of a new dwelling for which the intended tenure in not known. It is not to be used for an existing dwelling,20,,10033655954,Address Matched,101
615e2975eb5cd4ecf08f75e8e3eff149ee7c81e1f5ffd2c6d369ad1caa17e524,6.08,6 Horse Guards Avenue,,SW1A 2BH,10003656604,B,B,85,85,Flat,Mid-Terrace,2022-11-23,E09000033,E14000639,,2022-11-23,new dwelling,91,91,38,38,1.4,7,1.4,120,120,461,461,79,79,202.0,standard tariff,,3,Y,,,100,,,,,,100,0,Community scheme,Very Good,Very Good,(other premises below),N/A,N/A,High performance glazing,Very Good,Very Good,Average thermal transmittance 0.15 W/m-¦K,Very Good,Very Good,None,N/A,N/A,Average thermal transmittance 0.10 W/m-¦K,Very Good,Very Good,Community scheme,Very Good,Very Good,"Charging system linked to use of community heating, programmer and at least two room stats",Good,Good,Low energy lighting in all fixed outlets,Very Good,Very Good,,0,,,3.19,,,,"6.08, 6 Horse Guards Avenue",Westminster,Cities of London and Westminster,London,2022,2022-11-23 15:45:59,Not defined - use in the case of a new dwelling for which the intended tenure in not known. It is not to be used for an existing dwelling,20,,10033655951,Address Matched,101
643b9e3ebe0702789f651aeb03089491c3e09e36c053b6f9c88899f4751a02a4,0.11,6 Horse Guards Avenue,,SW1A 2BH,10003571992,C,C,76,76,Flat,Semi-Detached,2022-11-23,E09000033,E14000639,,2022-11-23,new dwelling,88,88,58,58,1.1,11,1.1,83,83,400,400,75,75,99.0,standard tariff,,2,N,,,100,,,,,,100,0,Community scheme,Very Good,Very Good,(other premises below),N/A,N/A,Full secondary glazing,Good,Good,Average thermal transmittance 0.65 W/m-¦K,Average,Average,None,N/A,N/A,(other premises above),N/A,N/A,Community scheme,Very Good,Very Good,"Charging system linked to use of community heating, programmer and at least two room stats",Good,Good,Low energy lighting in all fixed outlets,Very Good,Very Good,,0,,,3.75,,,,"0.11, 6 Horse Guards Avenue",Westminster,Cities of London and Westminster,London,2022,2022-11-23 15:45:48,Not defined - use in the case of a new dwelling for which the intended tenure in not known. It is not to be used for an existing dwelling,20,,10033655883,Address Matched,101
67bcdee4403d4621ba6df8517ee18d77e7a3ab84cb9f6a089dd5792d20d36cb7,5.06,6 Horse Guards Avenue,,SW1A 2BH,10003648441,B,B,87,87,Flat,Mid-Terrace,2022-11-23,E09000033,E14000639,,2022-11-23,new dwelling,93,93,31,31,1.0,6,1.0,116,116,322,322,79,79,184.0,standard tariff,,2,N,,,100,,,,,,100,0,Community scheme,Very Good,Very Good,(other premises below),N/A,N/A,High performance glazing,Very Good,Very Good,Average thermal transmittance 0.15 W/m-¦K,Very Good,Very Good,None,N/A,N/A,Average thermal transmittance 0.14 W/m-¦K,Very Good,Very Good,Community scheme,Very Good,Very Good,"Charging system linked to use of community heating, programmer and at least two room stats",Good,Good,Low energy lighting in all fixed outlets,Very Good,Very Good,,0,,,3.25,,,,"5.06, 6 Horse Guards Avenue",Westminster,Cities of London and Westminster,London,2022,2022-11-23 15:45:50,Not defined - use in the case of a new dwelling for which the intended tenure in not known. It is not to be used for an existing dwelling,20,,10033655940,Address Matched,101
71738002436e292614483109418884973197298b4632645f892e98193b2a2ed2,6.06,6 Horse Guards Avenue,,SW1A 2BH,10003656603,B,B,83,83,Flat,Mid-Terrace,2022-11-23,E09000033,E14000639,,2022-11-23,new dwelling,91,91,42,42,1.0,8,1.0,97,97,329,329,78,78,132.0,standard tariff,,3,Y,,,100,,,,,,100,0,Community scheme,Very Good,Very Good,(other premises below),N/A,N/A,High performance glazing,Very Good,Very Good,Average thermal transmittance 0.15 W/m-¦K,Very Good,Very Good,None,N/A,N/A,Average thermal transmittance 0.10 W/m-¦K,Very Good,Very Good,Community scheme,Very Good,Very Good,"Charging system linked to use of community heating, programmer and at least two room stats",Good,Good,Low energy lighting in all fixed outlets,Very Good,Very Good,,0,,,3.25,,,,"6.06, 6 Horse Guards Avenue",Westminster,Cities of London and Westminster,London,2022,2022-11-23 15:45:58,Not defined - use in the case of a new dwelling for which the intended tenure in not known. It is not to be used for an existing dwelling,20,,10033655871,Address Matched,101
90d98dd6cb2271a9b913fd2e52e7dbef1193e77965a480758e956b81cb4822fd,6.10,6 Horse Guards Avenue,,SW1A 2BH,10003656606,C,C,80,80,Flat,Mid-Terrace,2022-11-23,E09000033,E14000639,,2022-11-23,not sale or rental,88,88,49,49,1.9,9,1.9,139,139,670,670,79,79,208.0,standard tariff,,3,Y,,,100,,,,,,100,0,Community scheme,Very Good,Very Good,(other premises below),N/A,N/A,High performance glazing,Very Good,Very Good,Average thermal transmittance 0.81 W/m-¦K,Average,Average,None,N/A,N/A,Average thermal transmittance 0.10 W/m-¦K,Very Good,Very Good,Community scheme,Very Good,Very Good,"Charging system linked to use of community heating, programmer and at least two room stats",Good,Good,Low energy lighting in all fixed outlets,Very Good,Very Good,,0,,,2.85,,,,"6.10, 6 Horse Guards Avenue",Westminster,Cities of London and Westminster,London,2022,2022-11-23 15:45:53,Not defined - use in the case of a new dwelling for which the intended tenure in not known. It is not to be used for an existing dwelling,20,,10033655953,Address Matched,101
ce491cc7c0b742ff3341c88a04629926204ec79c2fdfcd952b8a93fa7bffd84a,5.10,6 Horse Guards Avenue,,SW1A 2BH,10003648443,B,B,88,88,Flat,Mid-Terrace,2022-11-23,E09000033,E14000639,,2022-11-23,new dwelling,94,94,31,31,0.7,5,0.7,109,109,205,205,78,78,135.0,standard tariff,,2,N,,,100,,,,,,100,0,Community scheme,Very Good,Very Good,(other premises below),N/A,N/A,High performance glazing,Very Good,Very Good,Average thermal transmittance 0.15 W/m-¦K,Very Good,Very Good,None,N/A,N/A,Average thermal transmittance 0.14 W/m-¦K,Very Good,Very Good,Community scheme,Very Good,Very Good,"Charging system linked to use of community heating, programmer and at least two room stats",Good,Good,Low energy lighting in all fixed outlets,Very Good,Very Good,,0,,,3.25,,,,"5.10, 6 Horse Guards Avenue",Westminster,Cities of London and Westminster,London,2022,2022-11-23 15:45:49,Not defined - use in the case of a new dwelling for which the intended tenure in not known. It is not to be used for an existing dwelling,20,,10033655944,Address Matched,101
ce802c8ab30830601ac406ad5d4eaba633486e19e517ecb2b8deb26bd81845ed,5.08,6 Horse Guards Avenue,,SW1A 2BH,10003648442,B,B,87,87,Flat,Mid-Terrace,2022-11-23,E09000033,E14000639,,2022-11-23,new dwelling,93,93,32,32,1.3,6,1.3,125,125,397,397,79,79,214.0,standard tariff,,2,N,,,100,,,,,,100,0,Community scheme,Very Good,Very Good,Average thermal transmittance 0.22 W/m-¦K,Good,Good,High performance glazing,Very Good,Very Good,Average thermal transmittance 0.15 W/m-¦K,Very Good,Very Good,None,N/A,N/A,Average thermal transmittance 0.14 W/m-¦K,Very Good,Very Good,Community scheme,Very Good,Very Good,"Charging system linked to use of community heating, programmer and at least two room stats",Good,Good,Low energy lighting in all fixed outlets,Very Good,Very Good,,0,,,3.25,,,,"5.08, 6 Horse Guards Avenue",Westminster,Cities of London and Westminster,London,2022,2022-11-23 15:45:52,Not defined - use in the case of a new dwelling for which the intended tenure in not known. It is not to be used for an existing dwelling,20,,10033655942,Address Matched,101
f2efe9d73b64664e970dc1253c281798d441079e29d59120701bbbc9d319d3a9,0.07,6 Horse Guards Avenue,,SW1A 2BH,10003571990,C,C,80,80,Flat,Mid-Terrace,2022-11-23,E09000033,E14000639,,2022-11-23,new dwelling,89,89,46,46,1.5,9,1.5,115,115,533,533,78,78,173.0,standard tariff,,2,N,,,100,,,,,,100,0,Community scheme,Very Good,Very Good,(other premises below),N/A,N/A,Full secondary glazing,Good,Good,Average thermal transmittance 1.12 W/m-¦K,Poor,Poor,None,N/A,N/A,(other premises above),N/A,N/A,Community scheme,Very Good,Very Good,"Charging system linked to use of community heating, programmer and at least two room stats",Good,Good,Low energy lighting in all fixed outlets,Very Good,Very Good,,0,,,3.3,,,,"0.07, 6 Horse Guards Avenue",Westminster,Cities of London and Westminster,London,2022,2022-11-23 15:45:47,Not defined - use in the case of a new dwelling for which the intended tenure in not known. It is not to be used for an existing dwelling,20,,10033655879,Address Matched,101
2f91ce06b2102250b9575adfc624f8f26b330d38be293a17839bfa706e3b9510,Apartment 2,Corinthia Residences,10 Whitehall Place,SW1A 2BD,10003676374,C,C,71,79,Flat,End-Terrace,2022-11-04,E09000033,E14000639,,2022-11-13,marketed sale,62,73,185,131,10.0,33,7.2,216,216,1503,997,209,209,312.0,Unknown,Y,01,N,,,100,secondary glazing,Normal,0,5,5,76,1,Community scheme,Good,Good,(another dwelling below),N/A,N/A,Full secondary glazing,Good,Good,"Solid brick, as built, no insulation (assumed)",Poor,Poor,"Room heaters, mains gas",N/A,N/A,(another dwelling above),N/A,N/A,Community scheme,Good,Good,"Flat rate charging, programmer and room thermostat",Poor,Poor,Low energy lighting in 76% of fixed outlets,Very Good,Very Good,mains gas (community),0,unheated corridor,3.6,3.6,0.0,N,natural,"Apartment 2, Corinthia Residences, 10 Whitehall Place",Westminster,Cities of London and Westminster,LONDON,England and Wales: before 1900,2022-11-13 23:29:30,Rented (private),17,,10033615870,Energy Assessor,100
efc8ab588da912bbb04d307e5492cd009dc2d60e86e536eeb0e4bc5af9155f1b,FLAT 5 21-22 St James's Place,,,SW1A 1NH,10003690700,C,C,70,70,Flat,Mid-Terrace,2022-11-08,E09000033,E14000639,,2022-11-08,marketed sale,60,60,203,203,7.6,36,7.6,151,151,1177,1177,121,121,213.0,Unknown,Y,05,N,,,100,double glazing installed during or after 2002,Normal,0,7,7,100,0,Community scheme,Good,Good,(another dwelling below),N/A,N/A,Fully double glazed,Good,Good,"System built, as built, no insulation (assumed)",Very Poor,Very Poor,None,N/A,N/A,(another dwelling above),N/A,N/A,Community scheme,Good,Good,"Charging system linked to use of community heating, programmer and TRVs",Good,Good,Low energy lighting in all fixed outlets,Very Good,Very Good,mains gas (community),0,no corridor,,2.7,0.0,N,natural,FLAT 5 21-22 St James's Place,Westminster,Cities of London and Westminster,LONDON,England and Wales: 1950-1966,2022-11-08 02:30:56,Owner-occupied,26,,100023336840,Address Matched,100
06c6377219a8dae89479e9fb82f6f791bdbaec2f7933c2235fa5d089fac75506,2.09,6 Horse Guards Avenue,,SW1A 2BH,10003605814,B,B,83,83,Flat,Mid-Terrace,2022-11-01,E09000033,E14000639,,2022-11-01,new dwelling,90,90,42,42,1.6,8,1.6,127,127,532,532,79,79,207.0,standard tariff,,2,N,,,100,,,,,,100,0,Community scheme,Very Good,Very Good,(other premises below),N/A,N/A,High performance glazing,Very Good,Very Good,Average thermal transmittance 0.63 W/m-¦K,Average,Average,None,N/A,N/A,(other premises above),N/A,N/A,Community scheme,Very Good,Very Good,"Charging system linked to use of community heating, programmer and at least two room stats",Good,Good,Low energy lighting in all fixed outlets,Very Good,Very Good,,0,,,4.86,,,,"2.09, 6 Horse Guards Avenue",Westminster,Cities of London and Westminster,London,2022,2022-11-01 14:48:33,Not defined - use in the case of a new dwelling for which the intended tenure in not known. It is not to be used for an existing dwelling,20,,10033655905,Address Matched,101
0927af5eed76c086503a39dd242c8004de221b545e545b662058e2e3dd941fff,0.10,6 Horse Guards Avenue,,SW1A 2BH,10003571991,B,B,83,83,Flat,End-Terrace,2022-11-01,E09000033,E14000639,,2022-11-01,new dwelling,92,92,41,41,0.8,8,0.8,86,86,245,245,75,75,102.0,standard tariff,,2,N,,,100,,,,,,100,0,Community scheme,Very Good,Very Good,(other premises below),N/A,N/A,Multiple glazing throughout,Good,Good,Average thermal transmittance 0.33 W/m-¦K,Good,Good,None,N/A,N/A,(other premises above),N/A,N/A,Community scheme,Very Good,Very Good,"Charging system linked to use of community heating, programmer and at least two room stats",Good,Good,Low energy lighting in all fixed outlets,Very Good,Very Good,,0,,,3.75,,,,"0.10, 6 Horse Guards Avenue",Westminster,Cities of London and Westminster,London,2022,2022-11-01 14:48:28,Not defined - use in the case of a new dwelling for which the intended tenure in not known. It is not to be used for an existing dwelling,20,,10033655882,Address Matched,101
1e2afa45a85f56c81190dc0750ec37b66f993a317d105feddc93811291cc15dc,5.14,6 Horse Guards Avenue,,SW1A 2BH,10003648444,B,B,88,88,Flat,Mid-Terrace,2022-11-01,E09000033,E14000639,,2022-11-01,new dwelling,93,93,32,32,1.1,6,1.1,129,129,337,337,79,79,192.0,standard tariff,,2,N,,,100,,,,,,100,0,Community scheme,Very Good,Very Good,(other premises below),N/A,N/A,High performance glazing,Very Good,Very Good,Average thermal transmittance 0.15 W/m-¦K,Very Good,Very Good,None,N/A,N/A,Average thermal transmittance 0.14 W/m-¦K,Very Good,Very Good,Community scheme,Very Good,Very Good,"Charging system linked to use of community heating, programmer and at least two room stats",Good,Good,Low energy lighting in all fixed outlets,Very Good,Very Good,,0,,,3.25,,,,"5.14, 6 Horse Guards Avenue",Westminster,Cities of London and Westminster,London,2022,2022-11-01 14:48:55,Not defined - use in the case of a new dwelling for which the intended tenure in not known. It is not to be used for an existing dwelling,20,,10033655946,Address Matched,101
23ab6dbee30b7fc50b00b38c215fecb322fc18494f5073dd6bd250150d8c329b,4.10,6 Horse Guards Avenue,,SW1A 2BH,10003637992,B,B,88,88,Flat,Mid-Terrace,2022-11-01,E09000033,E14000639,,2022-11-01,new dwelling,94,94,31,31,0.7,6,0.7,95,95,215,215,77,77,129.0,standard tariff,,2,N,,,100,,,,,,100,0,Community scheme,Very Good,Very Good,(other premises below),N/A,N/A,High performance glazing,Very Good,Very Good,Average thermal transmittance 0.15 W/m-¦K,Very Good,Very Good,None,N/A,N/A,(other premises above),N/A,N/A,Community scheme,Very Good,Very Good,"Charging system linked to use of community heating, programmer and at least two room stats",Good,Good,Low energy lighting in all fixed outlets,Very Good,Very Good,,0,,,3.65,,,,"4.10, 6 Horse Guards Avenue",Westminster,Cities of London and Westminster,London,2022,2022-11-01 14:48:47,Not defined - use in the case of a new dwelling for which the intended tenure in not known. It is not to be used for an existing dwelling,20,,10033655932,Address Matched,101
32c4855bef4bc4a4d441f482fd32077c0491b4914d4ebdecbed5923838674cb0,4.15,6 Horse Guards Avenue,,SW1A 2BH,10003637996,B,B,86,86,Flat,Mid-Terrace,2022-11-01,E09000033,E14000639,,2022-11-01,new dwelling,92,92,36,36,1.6,7,1.6,151,151,529,529,80,80,249.0,standard tariff,,2,N,,,100,,,,,,100,0,Community scheme,Very Good,Very Good,(other premises below),N/A,N/A,High performance glazing,Very Good,Very Good,Average thermal transmittance 0.63 W/m-¦K,Average,Average,None,N/A,N/A,Average thermal transmittance 0.09 W/m-¦K,Very Good,Very Good,Community scheme,Very Good,Very Good,"Charging system linked to use of community heating, programmer and at least two room stats",Good,Good,Low energy lighting in all fixed outlets,Very Good,Very Good,,0,,,3.65,,,,"4.15, 6 Horse Guards Avenue",Westminster,Cities of London and Westminster,London,2022,2022-11-01 14:48:50,Not defined - use in the case of a new dwelling for which the intended tenure in not known. It is not to be used for an existing dwelling,20,,10033655936,Address Matched,101
462e5eb9a8b9d32bf7e84aece7f412c6860262fd44cacc3f1dd59d0758ba0348,2.02,6 Horse Guards Avenue,,SW1A 2BH,10003605813,C,C,77,77,Flat,Mid-Terrace,2022-11-01,E09000033,E14000639,,2022-11-01,new dwelling,86,86,53,53,3.1,10,3.1,155,155,1117,1117,81,81,302.0,standard tariff,,2,N,,,100,,,,,,100,0,Community scheme,Very Good,Very Good,(other premises below),N/A,N/A,Full secondary glazing,Good,Good,Average thermal transmittance 1.06 W/m-¦K,Poor,Poor,None,N/A,N/A,(other premises above),N/A,N/A,Community scheme,Very Good,Very Good,"Charging system linked to use of community heating, programmer and at least two room stats",Good,Good,Low energy lighting in all fixed outlets,Very Good,Very Good,,0,,,4.86,,,,"2.02, 6 Horse Guards Avenue",Westminster,Cities of London and Westminster,London,2022,2022-11-01 14:48:38,Not defined - use in the case of a new dwelling for which the intended tenure in not known. It is not to be used for an existing dwelling,20,,10033655901,Address Matched,101
47a2f42eb33fd485570a9d37aae805e3cd99a64a45b5aeca78cf3824aec4baf3,4.09,6 Horse Guards Avenue,,SW1A 2BH,10003637991,B,B,87,87,Flat,Mid-Terrace,2022-11-01,E09000033,E14000639,,2022-11-01,new dwelling,92,92,35,35,1.3,6,1.3,136,136,413,413,79,79,209.0,standard tariff,,2,N,,,100,,,,,,100,0,Community scheme,Very Good,Very Good,(other premises below),N/A,N/A,High performance glazing,Very Good,Very Good,Average thermal transmittance 0.66 W/m-¦K,Average,Average,None,N/A,N/A,Average thermal transmittance 0.09 W/m-¦K,Very Good,Very Good,Community scheme,Very Good,Very Good,"Charging system linked to use of community heating, programmer and at least two room stats",Good,Good,Low energy lighting in all fixed outlets,Very Good,Very Good,,0,,,3.65,,,,"4.09, 6 Horse Guards Avenue",Westminster,Cities of London and Westminster,London,2022,2022-11-01 14:48:48,Not defined - use in the case of a new dwelling for which the intended tenure in not known. It is not to be used for an existing dwelling,20,,10033655931,Address Matched,101
48c35a763df3cf70d00eee85db37f742bbda6639e4feff2a9665626f4c6adb41,5.15,6 Horse Guards Avenue,,SW1A 2BH,10003648445,B,B,88,88,Flat,Mid-Terrace,2022-11-01,E09000033,E14000639,,2022-11-01,new dwelling,93,93,31,31,1.3,6,1.3,146,146,393,393,80,80,237.0,standard tariff,,2,N,,,100,,,,,,100,0,Community scheme,Very Good,Very Good,(other premises below),N/A,N/A,High performance glazing,Very Good,Very Good,Average thermal transmittance 0.15 W/m-¦K,Very Good,Very Good,None,N/A,N/A,(other premises above),N/A,N/A,Community scheme,Very Good,Very Good,"Charging system linked to use of community heating, programmer and at least two room stats",Good,Good,Low energy lighting in all fixed outlets,Very Good,Very Good,,0,,,3.25,,,,"5.15, 6 Horse Guards Avenue",Westminster,Cities of London and Westminster,London,2022,2022-11-01 14:48:56,Not defined - use in the case of a new dwelling for which the intended tenure in not known. It is not to be used for an existing dwelling,20,,10033655947,Address Matched,101
5f6b4659b782d57a4470785508c793cc01170fa7818fbe0a1edf49571ac66600,3.10,6 Horse Guards Avenue,,SW1A 2BH,10003624423,B,B,88,88,Flat,Mid-Terrace,2022-11-01,E09000033,E14000639,,2022-11-01,new dwelling,94,94,31,31,0.7,6,0.7,96,96,215,215,77,77,129.0,standard tariff,,2,N,,,100,,,,,,100,0,Community scheme,Very Good,Very Good,(other premises below),N/A,N/A,High performance glazing,Very Good,Very Good,Average thermal transmittance 0.15 W/m-¦K,Very Good,Very Good,None,N/A,N/A,(other premises above),N/A,N/A,Community scheme,Very Good,Very Good,"Charging system linked to use of community heating, programmer and at least two room stats",Good,Good,Low energy lighting in all fixed outlets,Very Good,Very Good,,0,,,3.61,,,,"3.10, 6 Horse Guards Avenue",Westminster,Cities of London and Westminster,London,2022,2022-11-01 14:48:39,Not defined - use in the case of a new dwelling for which the intended tenure in not known. It is not to be used for an existing dwelling,20,,10033655919,Address Matched,101
7306dc6d610d3f03a3b37650367dbef73627cfc12cd3f5b4db92483dcd11f11a,3.11,6 Horse Guards Avenue,,SW1A 2BH,10003624424,B,B,85,85,Flat,Mid-Terrace,2022-11-01,E09000033,E14000639,,2022-11-01,new dwelling,91,91,37,37,2.2,7,2.2,168,168,724,724,81,81,318.0,standard tariff,,2,N,,,100,,,,,,100,0,Community scheme,Very Good,Very Good,(other premises below),N/A,N/A,High performance glazing,Very Good,Very Good,Average thermal transmittance 0.83 W/m-¦K,Average,Average,None,N/A,N/A,(other premises above),N/A,N/A,Community scheme,Very Good,Very Good,"Charging system linked to use of community heating, programmer and at least two room stats",Good,Good,Low energy lighting in all fixed outlets,Very Good,Very Good,,0,,,3.61,,,,"3.11, 6 Horse Guards Avenue",Westminster,Cities of London and Westminster,London,2022,2022-11-01 14:48:46,Not defined - use in the case of a new dwelling for which the intended tenure in not known. It is not to be used for an existing dwelling,20,,10033655920,Address Matched,101
7410b0b1786f2c0b773b50f2ff80c531c02b2114e2527b41e752d9f95e340d61,2.01,6 Horse Guards Avenue,,SW1A 2BH,10003605812,C,C,80,80,Flat,Mid-Terrace,2022-11-01,E09000033,E14000639,,2022-11-01,new dwelling,88,88,48,48,2.5,9,2.5,149,149,871,871,80,80,278.0,standard tariff,,2,N,,,100,,,,,,100,0,Community scheme,Very Good,Very Good,(other premises below),N/A,N/A,High performance glazing,Very Good,Very Good,Average thermal transmittance 0.64 W/m-¦K,Average,Average,None,N/A,N/A,(other premises above),N/A,N/A,Community scheme,Very Good,Very Good,"Charging system linked to use of community heating, programmer and at least two room stats",Good,Good,Low energy lighting in all fixed outlets,Very Good,Very Good,,0,,,4.86,,,,"2.01, 6 Horse Guards Avenue",Westminster,Cities of London and Westminster,London,2022,2022-11-01 14:48:37,Not defined - use in the case of a new dwelling for which the intended tenure in not known. It is not to be used for an existing dwelling,20,,10033655900,Address Matched,101
a02501f0c8745c2a2ff8a159eb2358687484521d1a0bd40f155a6e8c8aa41ae6,3.14,6 Horse Guards Avenue,,SW1A 2BH,10003624425,B,B,85,85,Flat,Mid-Terrace,2022-11-01,E09000033,E14000639,,2022-11-01,new dwelling,91,91,36,36,1.5,7,1.5,140,140,494,494,80,80,229.0,standard tariff,,2,N,,,100,,,,,,100,0,Community scheme,Very Good,Very Good,(other premises below),N/A,N/A,High performance glazing,Very Good,Very Good,Average thermal transmittance 0.74 W/m-¦K,Average,Average,None,N/A,N/A,(other premises above),N/A,N/A,Community scheme,Very Good,Very Good,"Charging system linked to use of community heating, programmer and at least two room stats",Good,Good,Low energy lighting in all fixed outlets,Very Good,Very Good,,0,,,3.61,,,,"3.14, 6 Horse Guards Avenue",Westminster,Cities of London and Westminster,London,2022,2022-11-01 14:48:41,Not defined - use in the case of a new dwelling for which the intended tenure in not known. It is not to be used for an existing dwelling,20,,10033655921,Address Matched,101
a1faf83394e22357cfe7e919d60276f00a37b8b1db33f52198484549c0033a70,2.14,6 Horse Guards Avenue,,SW1A 2BH,10003605816,B,B,83,83,Flat,Mid-Terrace,2022-11-01,E09000033,E14000639,,2022-11-01,new dwelling,90,90,42,42,1.8,8,1.8,132,132,611,611,80,80,229.0,standard tariff,,2,N,,,100,,,,,,100,0,Community scheme,Very Good,Very Good,(other premises below),N/A,N/A,High performance glazing,Very Good,Very Good,Average thermal transmittance 0.73 W/m-¦K,Average,Average,None,N/A,N/A,(other premises above),N/A,N/A,Community scheme,Very Good,Very Good,"Charging system linked to use of community heating, programmer and at least two room stats",Good,Good,Low energy lighting in all fixed outlets,Very Good,Very Good,,0,,,4.86,,,,"2.14, 6 Horse Guards Avenue",Westminster,Cities of London and Westminster,London,2022,2022-11-01 14:48:35,Not defined - use in the case of a new dwelling for which the intended tenure in not known. It is not to be used for an existing dwelling,20,,10033655908,Address Matched,101
a468df8835fb361df7c30340f82172144d8c2fdcbe45a70f916398175488c001,3.15,6 Horse Guards Avenue,,SW1A 2BH,10003624426,B,B,86,86,Flat,Mid-Terrace,2022-11-01,E09000033,E14000639,,2022-11-01,new dwelling,92,92,35,35,1.6,6,1.6,148,148,507,507,80,80,247.0,standard tariff,,2,N,,,100,,,,,,100,0,Community scheme,Very Good,Very Good,(other premises below),N/A,N/A,High performance glazing,Very Good,Very Good,Average thermal transmittance 0.62 W/m-¦K,Average,Average,None,N/A,N/A,(other premises above),N/A,N/A,Community scheme,Very Good,Very Good,"Charging system linked to use of community heating, programmer and at least two room stats",Good,Good,Low energy lighting in all fixed outlets,Very Good,Very Good,,0,,,3.61,,,,"3.15, 6 Horse Guards Avenue",Westminster,Cities of London and Westminster,London,2022,2022-11-01 14:48:43,Not defined - use in the case of a new dwelling for which the intended tenure in not known. It is not to be used for an existing dwelling,20,,10033655922,Address Matched,101
a74e5882233585c501f3382ab9d57394b989dce2a46806b058300c311bfe9d80,3.09,6 Horse Guards Avenue,,SW1A 2BH,10003624422,B,B,87,87,Flat,Mid-Terrace,2022-11-01,E09000033,E14000639,,2022-11-01,new dwelling,92,92,35,35,1.3,6,1.3,135,135,405,405,79,79,208.0,standard tariff,,2,N,,,100,,,,,,100,0,Community scheme,Very Good,Very Good,(other premises below),N/A,N/A,High performance glazing,Very Good,Very Good,Average thermal transmittance 0.67 W/m-¦K,Average,Average,None,N/A,N/A,(other premises above),N/A,N/A,Community scheme,Very Good,Very Good,"Charging system linked to use of community heating, programmer and at least two room stats",Good,Good,Low energy lighting in all fixed outlets,Very Good,Very Good,,0,,,3.61,,,,"3.09, 6 Horse Guards Avenue",Westminster,Cities of London and Westminster,London,2022,2022-11-01 14:48:40,Not defined - use in the case of a new dwelling for which the intended tenure in not known. It is not to be used for an existing dwelling,20,,10033655918,Address Matched,101
b0a948b0745eb8c145320e1c951a6a6de4e942657155dc9d641b40484eea6fe8,4.11,6 Horse Guards Avenue,,SW1A 2BH,10003637993,B,B,84,84,Flat,Mid-Terrace,2022-11-01,E09000033,E14000639,,2022-11-01,new dwelling,90,90,42,42,2.3,8,2.3,160,160,783,783,81,81,300.0,standard tariff,,2,N,,,100,,,,,,100,0,Community scheme,Very Good,Very Good,(other premises below),N/A,N/A,High performance glazing,Very Good,Very Good,Average thermal transmittance 0.80 W/m-¦K,Average,Average,None,N/A,N/A,Average thermal transmittance 0.09 W/m-¦K,Very Good,Very Good,Community scheme,Very Good,Very Good,"Charging system linked to use of community heating, programmer and at least two room stats",Good,Good,Low energy lighting in all fixed outlets,Very Good,Very Good,,0,,,3.65,,,,"4.11, 6 Horse Guards Avenue",Westminster,Cities of London and Westminster,London,2022,2022-11-01 14:48:53,Not defined - use in the case of a new dwelling for which the intended tenure in not known. It is not to be used for an existing dwelling,20,,10033655933,Address Matched,101
b0ee23f45af8f115112559ddf3e527d750dca301a0855102e1a8bc75278446fa,2.15,6 Horse Guards Avenue,,SW1A 2BH,10003605817,B,B,82,82,Flat,Mid-Terrace,2022-11-01,E09000033,E14000639,,2022-11-01,new dwelling,89,89,45,45,2.1,8,2.1,141,141,713,713,80,80,251.0,standard tariff,,2,N,,,100,,,,,,100,0,Community scheme,Very Good,Very Good,(other premises below),N/A,N/A,High performance glazing,Very Good,Very Good,Average thermal transmittance 0.62 W/m-¦K,Average,Average,None,N/A,N/A,(other premises above),N/A,N/A,Community scheme,Very Good,Very Good,"Charging system linked to use of community heating, programmer and at least two room stats",Good,Good,Low energy lighting in all fixed outlets,Very Good,Very Good,,0,,,4.86,,,,"2.15, 6 Horse Guards Avenue",Westminster,Cities of London and Westminster,London,2022,2022-11-01 14:48:36,Not defined - use in the case of a new dwelling for which the intended tenure in not known. It is not to be used for an existing dwelling,20,,10033655909,Address Matched,101
b9c5d83b71f602d88cdbd9f47205394d29c25956d5e9a59497422309798f663a,4.14,6 Horse Guards Avenue,,SW1A 2BH,10003637995,B,B,86,86,Flat,Mid-Terrace,2022-11-01,E09000033,E14000639,,2022-11-01,new dwelling,92,92,35,35,1.5,6,1.5,143,143,475,475,80,80,230.0,standard tariff,,2,N,,,100,,,,,,100,0,Community scheme,Very Good,Very Good,(other premises below),N/A,N/A,High performance glazing,Very Good,Very Good,Average thermal transmittance 0.75 W/m-¦K,Average,Average,None,N/A,N/A,Average thermal transmittance 0.09 W/m-¦K,Very Good,Very Good,Community scheme,Very Good,Very Good,"Charging system linked to use of community heating, programmer and at least two room stats",Good,Good,Low energy lighting in all fixed outlets,Very Good,Very Good,,0,,,3.65,,,,"4.14, 6 Horse Guards Avenue",Westminster,Cities of London and Westminster,London,2022,2022-11-01 14:48:49,Not defined - use in the case of a new dwelling for which the intended tenure in not known. It is not to be used for an existing dwelling,20,,10033655935,Address Matched,101
d34ef799d259208d363787658a24d43ceed3020502c0afa2e25c262f6f43b0df,4.12,6 Horse Guards Avenue,,SW1A 2BH,10003637994,B,B,82,82,Flat,Mid-Terrace,2022-11-01,E09000033,E14000639,,2022-11-01,new dwelling,90,90,44,44,1.2,8,1.2,103,103,403,403,78,78,144.0,standard tariff,,2,N,,,100,,,,,,100,0,Community scheme,Very Good,Very Good,(other premises below),N/A,N/A,Full secondary glazing,Good,Good,Average thermal transmittance 1.12 W/m-¦K,Poor,Poor,None,N/A,N/A,Average thermal transmittance 0.09 W/m-¦K,Very Good,Very Good,Community scheme,Very Good,Very Good,"Charging system linked to use of community heating, programmer and at least two room stats",Good,Good,Low energy lighting in all fixed outlets,Very Good,Very Good,,0,,,3.65,,,,"4.12, 6 Horse Guards Avenue",Westminster,Cities of London and Westminster,London,2022,2022-11-01 14:48:54,Not defined - use in the case of a new dwelling for which the intended tenure in not known. It is not to be used for an existing dwelling,20,,10033655934,Address Matched,101
e06ee849b8ec91fcdc9f54635e4f354c969a9317bcf78c42ff2836521df15ea2,4.01,6 Horse Guards Avenue,,SW1A 2BH,10003637990,B,B,85,85,Flat,Mid-Terrace,2022-11-01,E09000033,E14000639,,2022-11-01,new dwelling,91,91,37,37,1.9,7,1.9,163,163,633,633,81,81,283.0,standard tariff,,2,N,,,100,,,,,,100,0,Community scheme,Very Good,Very Good,(other premises below),N/A,N/A,High performance glazing,Very Good,Very Good,Average thermal transmittance 0.65 W/m-¦K,Average,Average,None,N/A,N/A,Average thermal transmittance 0.09 W/m-¦K,Very Good,Very Good,Community scheme,Very Good,Very Good,"Charging system linked to use of community heating, programmer and at least two room stats",Good,Good,Low energy lighting in all fixed outlets,Very Good,Very Good,,0,,,3.65,,,,"4.01, 6 Horse Guards Avenue",Westminster,Cities of London and Westminster,London,2022,2022-11-01 14:48:51,Not defined - use in the case of a new dwelling for which the intended tenure in not known. It is not to be used for an existing dwelling,20,,10033655923,Address Matched,101
e3bc92821bd417e2785eeb8e6d4df0a6b018aadb1dab555cf5af1df2fd8b5c38,2.10,6 Horse Guards Avenue,,SW1A 2BH,10003605815,B,B,86,86,Flat,Mid-Terrace,2022-11-01,E09000033,E14000639,,2022-11-01,new dwelling,93,93,33,33,0.8,6,0.8,95,95,242,242,77,77,129.0,standard tariff,,2,N,,,100,,,,,,100,0,Community scheme,Very Good,Very Good,(other premises below),N/A,N/A,High performance glazing,Very Good,Very Good,Average thermal transmittance 0.15 W/m-¦K,Very Good,Very Good,None,N/A,N/A,(other premises above),N/A,N/A,Community scheme,Very Good,Very Good,"Charging system linked to use of community heating, programmer and at least two room stats",Good,Good,Low energy lighting in all fixed outlets,Very Good,Very Good,,0,,,4.86,,,,"2.10, 6 Horse Guards Avenue",Westminster,Cities of London and Westminster,London,2022,2022-11-01 14:48:32,Not defined - use in the case of a new dwelling for which the intended tenure in not known. It is not to be used for an existing dwelling,20,,10033655906,Address Matched,101
e566512a33d6d11fdccfe3544c46f8c6227152987decd6ebb7d0c59f8dabac8f,1.02,6 Horse Guards Avenue,,SW1A 2BH,10003575230,B,B,81,81,Flat,Mid-Terrace,2022-11-01,E09000033,E14000639,,2022-11-01,new dwelling,88,88,45,45,3.0,8,3.0,188,188,1050,1050,82,82,354.0,standard tariff,,2,N,,,100,,,,,,100,0,Community scheme,Very Good,Very Good,Average thermal transmittance 0.22 W/m-¦K,Good,Good,Full secondary glazing,Good,Good,Average thermal transmittance 1.00 W/m-¦K,Average,Average,None,N/A,N/A,Average thermal transmittance 0.12 W/m-¦K,Very Good,Very Good,Community scheme,Very Good,Very Good,"Charging system linked to use of community heating, programmer and at least two room stats",Good,Good,Low energy lighting in all fixed outlets,Very Good,Very Good,,0,,,3.6,,,,"1.02, 6 Horse Guards Avenue",Westminster,Cities of London and Westminster,London,2022,2022-11-01 14:48:31,Not defined - use in the case of a new dwelling for which the intended tenure in not known. It is not to be used for an existing dwelling,20,,10033655885,Address Matched,101
e8ddfd0532d594731287cecb70ccd3ac1147bf1159a82dbdbd1cfb3f7342814c,3.01,6 Horse Guards Avenue,,SW1A 2BH,10003624421,B,B,85,85,Flat,Mid-Terrace,2022-11-01,E09000033,E14000639,,2022-11-01,new dwelling,91,91,37,37,1.9,7,1.9,161,161,630,630,81,81,283.0,standard tariff,,2,N,,,100,,,,,,100,0,Community scheme,Very Good,Very Good,(other premises below),N/A,N/A,High performance glazing,Very Good,Very Good,Average thermal transmittance 0.65 W/m-¦K,Average,Average,None,N/A,N/A,(other premises above),N/A,N/A,Community scheme,Very Good,Very Good,"Charging system linked to use of community heating, programmer and at least two room stats",Good,Good,Low energy lighting in all fixed outlets,Very Good,Very Good,,0,,,3.61,,,,"3.01, 6 Horse Guards Avenue",Westminster,Cities of London and Westminster,London,2022,2022-11-01 14:48:44,Not defined - use in the case of a new dwelling for which the intended tenure in not known. It is not to be used for an existing dwelling,20,,10033655910,Address Matched,101
f742fcb456fcc343f22e568ebb80f6a96211f2d7b437ffdaa8e76736a76d9336,1.01,6 Horse Guards Avenue,,SW1A 2BH,10003575229,B,B,85,85,Flat,Mid-Terrace,2022-11-01,E09000033,E14000639,,2022-11-01,new dwelling,91,91,36,36,1.9,7,1.9,163,163,604,604,81,81,279.0,standard tariff,,2,N,,,100,,,,,,100,0,Community scheme,Very Good,Very Good,Average thermal transmittance 0.22 W/m-¦K,Good,Good,High performance glazing,Very Good,Very Good,Average thermal transmittance 0.69 W/m-¦K,Average,Average,None,N/A,N/A,(other premises above),N/A,N/A,Community scheme,Very Good,Very Good,"Charging system linked to use of community heating, programmer and at least two room stats",Good,Good,Low energy lighting in all fixed outlets,Very Good,Very Good,,0,,,3.6,,,,"1.01, 6 Horse Guards Avenue",Westminster,Cities of London and Westminster,London,2022,2022-11-01 14:48:30,Not defined - use in the case of a new dwelling for which the intended tenure in not known. It is not to be used for an existing dwelling,20,,10033655884,Address Matched,101
d9a7d4f4fda1d0306c54d3024fb75cd93f37eb3f242b8c2d6fc63ace61690f5f,Apartment 10,Corinthia Residences,10 Whitehall Place,SW1A 2BD,10003497182,C,B,75,85,Flat,Semi-Detached,2022-10-28,E09000033,E14000639,,2022-10-28,marketed sale,70,82,132,76,5.1,23,3.0,287,144,696,398,127,127,222.0,Unknown,Y,02,N,,,100,"double glazing, unknown install date",Normal,0,4,4,0,0,Community scheme,Good,Good,(another dwelling below),N/A,N/A,Fully double glazed,Average,Average,"Sandstone or limestone, as built, no insulation (assumed)",Very Poor,Very Poor,None,N/A,N/A,(another dwelling above),N/A,N/A,Community scheme,Good,Good,"Flat rate charging, programmer and room thermostat",Poor,Poor,No low energy lighting,Very Poor,Very Poor,mains gas (community),0,heated corridor,,2.59,0.0,N,natural,"Apartment 10, Corinthia Residences, 10 Whitehall Place",Westminster,Cities of London and Westminster,LONDON,England and Wales: 1930-1949,2022-10-28 13:44:36,Owner-occupied,42,,10033615878,Energy Assessor,100
d046d1b84aa16ab4f8c6b09624f58277cff49177e4a32abbdc4f4dd4395a2487,FLAT 1,5 ST JAMES'S STREET,LONDON,SW1A 1EF,10000531645,D,C,62,69,Flat,Mid-Terrace,2022-09-30,E09000033,E14000639,,2022-10-03,marketed sale,64,72,288,228,2.7,49,2.1,64,49,688,517,102,102,55.0,Unknown,N,01,N,,,100,"double glazing, unknown install date",Normal,0,2,2,70,0,Community scheme,Good,Very Good,(other premises below),N/A,N/A,Fully double glazed,Average,Average,"Solid brick, as built, no insulation (assumed)",Very Poor,Very Poor,None,N/A,N/A,(another dwelling above),N/A,N/A,"Air source heat pump, warm air, electric",Average,Good,Time and temperature zone control,Very Good,Very Good,Low energy lighting in 70% of fixed outlets,Very Good,Very Good,electricity (not community),0,heated corridor,,2.82,0.0,N,natural,"FLAT 1, 5 ST JAMES'S STREET, LONDON",Westminster,Cities of London and Westminster,LONDON,England and Wales: before 1900,2022-10-03 07:29:15,Owner-occupied,10,,10033599674,Energy Assessor,100
8f3213f49f0d2d16db8a726069fbec02c21052af967e6cf7910863fb9689a702,Flat E,1-3,Spring Gardens,SW1A 2BB,10003128386,D,C,57,79,Flat,Enclosed End-Terrace,2022-09-20,E09000033,E14000639,,2022-09-20,rental,52,65,330,236,4.7,56,3.4,73,85,1076,448,259,225,84.0,dual,N,02,N,,,100,"double glazing, unknown install date",Normal,0,3,3,100,0,"Electric immersion, off-peak",Poor,Poor,(another dwelling below),N/A,N/A,Fully double glazed,Average,Average,"Solid brick, as built, no insulation (assumed)",Poor,Poor,None,N/A,N/A,(another dwelling above),N/A,N/A,"Room heaters, electric",Very Poor,Poor,Programmer and appliance thermostats,Good,Good,Low energy lighting in all fixed outlets,Very Good,Very Good,electricity (not community),0,heated corridor,,3.544,0.0,N,natural,"Flat E, 1-3, Spring Gardens",Westminster,Cities of London and Westminster,LONDON,England and Wales: 1900-1929,2022-09-20 17:26:07,Rented (private),11,,10033554167,Energy Assessor,100
711e2a757acbf38417556b8888a5eb70d4509085857f658024c6845e3c0fb755,Flat 42,Arlington House,Arlington Street,SW1A 1RL,10003311276,C,B,71,83,Flat,Semi-Detached,2022-08-22,E09000033,E14000639,,2022-08-25,marketed sale,63,80,162,84,6.5,28,3.4,286,149,890,450,123,123,228.0,Single,N,04,N,,,100,"double glazing, unknown install date",Normal,0,6,6,8,0,Community scheme,Good,Good,(another dwelling below),N/A,N/A,Fully double glazed,Average,Average,"Solid brick, as built, no insulation (assumed)",Very Poor,Very Poor,None,N/A,N/A,(another dwelling above),N/A,N/A,Community scheme,Good,Good,"Flat rate charging, no thermostatic control of room temperature",Very Poor,Very Poor,Low energy lighting in 8% of fixed outlets,Very Poor,Very Poor,mains gas (community),0,heated corridor,,2.66,0.0,N,natural,"Flat 42, Arlington House, Arlington Street",Westminster,Cities of London and Westminster,LONDON,England and Wales: 1950-1966,2022-08-25 13:03:52,Owner-occupied,24,,100022722250,Energy Assessor,100
40583d93f81ee54263223eff9eed98ae8352e40ae5bf5ceedab38d4076fd41ed,Flat 5,25 Whitehall,,SW1A 2BS,10003121541,D,C,58,73,Flat,Mid-Terrace,2022-08-22,E09000033,E14000639,,2022-08-23,rental,30,49,488,306,6.5,83,4.1,113,77,877,465,236,236,79.0,Unknown,N,01,N,,,0,not defined,Normal,0,4,4,50,0,From main system,Average,Poor,(other premises below),N/A,N/A,Single glazed,Very Poor,Very Poor,"Solid brick, as built, no insulation (assumed)",Very Poor,Very Poor,None,N/A,N/A,(another dwelling above),N/A,N/A,"Boiler and radiators, electric",Average,Very Poor,Room thermostat only,Poor,Poor,Low energy lighting in 50% of fixed outlets,Good,Good,electricity (not community),0,heated corridor,,2.63,0.0,N,natural,"Flat 5, 25 Whitehall",Westminster,Cities of London and Westminster,LONDON,England and Wales: before 1900,2022-08-23 19:37:33,Rented (private),16,,200002378785,Energy Assessor,100
0ba4ceb4eee6f56a61f39880cea88a0ba7f039059b0b83cb2aff7db8464bc8ba,3.07,6 Horse Guards Avenue,,SW1A 2BH,10003180440,C,C,80,80,Flat,Mid-Terrace,2022-08-10,E09000033,E14000639,,2022-08-10,new dwelling,88,88,49,49,2.3,9,2.3,145,145,767,767,78,78,243.0,standard tariff,,2,N,,,100,,,,,,100,0,Community scheme,Very Good,Very Good,(other premises below),N/A,N/A,Full secondary glazing,Good,Good,Average thermal transmittance 1.12 W/m-¦K,Poor,Poor,None,N/A,N/A,(other premises above),N/A,N/A,Community scheme,Very Good,Very Good,"Charging system linked to use of community heating, programmer and at least two room stats",Good,Good,Low energy lighting in all fixed outlets,Very Good,Very Good,,0,,,3.61,,,,"3.07, 6 Horse Guards Avenue",Westminster,Cities of London and Westminster,London,2022,2022-08-10 15:12:40,Not defined - use in the case of a new dwelling for which the intended tenure in not known. It is not to be used for an existing dwelling,20,,10033655916,Address Matched,101
20d966cdac82ab7ead5efb71013ebaaa24e9f08efcc2a72f4265880bdf133d97,3.06,6 Horse Guards Avenue,,SW1A 2BH,10003131912,B,B,83,83,Flat,Mid-Terrace,2022-08-10,E09000033,E14000639,,2022-08-10,new dwelling,92,92,43,43,0.7,8,0.7,80,80,215,215,71,71,87.0,standard tariff,,2,N,,,100,,,,,,100,0,Community scheme,Very Good,Very Good,(other premises below),N/A,N/A,Full secondary glazing,Good,Good,Average thermal transmittance 1.12 W/m-¦K,Poor,Poor,None,N/A,N/A,(other premises above),N/A,N/A,Community scheme,Very Good,Very Good,"Charging system linked to use of community heating, programmer and at least two room stats",Good,Good,Low energy lighting in all fixed outlets,Very Good,Very Good,,0,,,3.61,,,,"3.06, 6 Horse Guards Avenue",Westminster,Cities of London and Westminster,London,2022,2022-08-10 15:12:39,Not defined - use in the case of a new dwelling for which the intended tenure in not known. It is not to be used for an existing dwelling,20,,10033655915,Address Matched,101
21c1033bd94f8e2e8af44ecf2378c1670d60d5e32a4226abb5c3edf10ea36f4f,3.04,6 Horse Guards Avenue,,SW1A 2BH,10003224833,B,B,83,83,Flat,Mid-Terrace,2022-08-10,E09000033,E14000639,,2022-08-10,new dwelling,92,92,43,43,0.7,8,0.7,76,76,214,214,70,70,85.0,standard tariff,,2,N,,,100,,,,,,100,0,Community scheme,Very Good,Very Good,(other premises below),N/A,N/A,Full secondary glazing,Good,Good,Average thermal transmittance 1.12 W/m-¦K,Poor,Poor,None,N/A,N/A,(other premises above),N/A,N/A,Community scheme,Very Good,Very Good,"Charging system linked to use of community heating, programmer and at least two room stats",Good,Good,Low energy lighting in all fixed outlets,Very Good,Very Good,,0,,,3.61,,,,"3.04, 6 Horse Guards Avenue",Westminster,Cities of London and Westminster,London,2022,2022-08-10 15:12:37,Not defined - use in the case of a new dwelling for which the intended tenure in not known. It is not to be used for an existing dwelling,20,,10033655913,Address Matched,101
28374510e179a3c570b566b160339a050212f92da93e15a00eee5c228a572236,0.04,6 Horse Guards Avenue,,SW1A 2BH,10002964322,B,B,82,82,Flat,End-Terrace,2022-08-10,E09000033,E14000639,,2022-08-10,new dwelling,91,91,46,46,0.7,9,0.7,76,76,236,236,71,71,86.0,standard tariff,,2,N,,,100,,,,,,100,0,Community scheme,Very Good,Very Good,(other premises below),N/A,N/A,Full secondary glazing,Good,Good,Average thermal transmittance 1.12 W/m-¦K,Poor,Poor,None,N/A,N/A,(other premises above),N/A,N/A,Community scheme,Very Good,Very Good,"Charging system linked to use of community heating, programmer and at least two room stats",Good,Good,Low energy lighting in all fixed outlets,Very Good,Very Good,,0,,,3.75,,,,"0.04, 6 Horse Guards Avenue",Westminster,Cities of London and Westminster,London,2022,2022-08-10 15:12:24,Not defined - use in the case of a new dwelling for which the intended tenure in not known. It is not to be used for an existing dwelling,20,,10033655876,Address Matched,101
33421d487396ae999f12eb1fb36193a581b12c8818ba90679bb21d3f07db38ca,2.03,6 Horse Guards Avenue,,SW1A 2BH,10003150604,C,C,80,80,Flat,Mid-Terrace,2022-08-10,E09000033,E14000639,,2022-08-10,new dwelling,88,88,49,49,3.3,9,3.3,154,154,1138,1138,80,80,359.0,standard tariff,,2,N,,,100,,,,,,100,0,Community scheme,Very Good,Very Good,(other premises below),N/A,N/A,Multiple glazing throughout,Good,Good,Average thermal transmittance 0.91 W/m-¦K,Average,Average,None,N/A,N/A,(other premises above),N/A,N/A,Community scheme,Very Good,Very Good,"Charging system linked to use of community heating, programmer and at least two room stats",Good,Good,Low energy lighting in all fixed outlets,Very Good,Very Good,,0,,,4.86,,,,"2.03, 6 Horse Guards Avenue",Westminster,Cities of London and Westminster,London,2022,2022-08-10 15:12:32,Not defined - use in the case of a new dwelling for which the intended tenure in not known. It is not to be used for an existing dwelling,20,,10033655902,Address Matched,101
4ad8a555ffeeb1a31bd8af1c45f31fd4ef9d22104e5d9af34e23e87c703540f8,2.04,6 Horse Guards Avenue,,SW1A 2BH,10003015258,C,C,80,80,Flat,Mid-Terrace,2022-08-10,E09000033,E14000639,,2022-08-10,new dwelling,88,88,47,47,2.6,9,2.6,139,139,907,907,79,79,296.0,standard tariff,,2,N,,,100,,,,,,100,0,Community scheme,Very Good,Very Good,(other premises below),N/A,N/A,Multiple glazing throughout,Good,Good,Average thermal transmittance 0.86 W/m-¦K,Average,Average,None,N/A,N/A,(other premises above),N/A,N/A,Community scheme,Very Good,Very Good,"Charging system linked to use of community heating, programmer and at least two room stats",Good,Good,Low energy lighting in all fixed outlets,Very Good,Very Good,,0,,,4.86,,,,"2.04, 6 Horse Guards Avenue",Westminster,Cities of London and Westminster,London,2022,2022-08-10 15:12:33,Not defined - use in the case of a new dwelling for which the intended tenure in not known. It is not to be used for an existing dwelling,20,,10033655903,Address Matched,101
5d61c5759903107d3422ffd21cc6f614664a13515a0f920b64cd2cbba6ba423a,0.09,6 Horse Guards Avenue,,SW1A 2BH,10002967334,B,B,81,81,Flat,Mid-Terrace,2022-08-10,E09000033,E14000639,,2022-08-10,new dwelling,93,93,53,53,0.4,10,0.4,37,37,161,161,54,54,39.0,standard tariff,,2,N,,,100,,,,,,100,0,Community scheme,Very Good,Very Good,(other premises below),N/A,N/A,Full secondary glazing,Good,Good,Average thermal transmittance 1.12 W/m-¦K,Poor,Poor,None,N/A,N/A,(other premises above),N/A,N/A,Community scheme,Very Good,Very Good,"Charging system linked to use of community heating, programmer and at least two room stats",Good,Good,Low energy lighting in all fixed outlets,Very Good,Very Good,,0,,,3.75,,,,"0.09, 6 Horse Guards Avenue",Westminster,Cities of London and Westminster,London,2022,2022-08-10 15:12:29,Not defined - use in the case of a new dwelling for which the intended tenure in not known. It is not to be used for an existing dwelling,20,,10033655881,Address Matched,101
5f3f0910a90752e223638b4e1c6779e57d089b147a74c935e5607555b7bd528a,0.03,6 Horse Guards Avenue,,SW1A 2BH,10002964315,B,B,81,81,Flat,End-Terrace,2022-08-10,E09000033,E14000639,,2022-08-10,new dwelling,91,91,47,47,0.8,9,0.8,75,75,243,243,70,70,85.0,standard tariff,,2,N,,,100,,,,,,100,0,Community scheme,Very Good,Very Good,(other premises below),N/A,N/A,Full secondary glazing,Good,Good,Average thermal transmittance 1.12 W/m-¦K,Poor,Poor,None,N/A,N/A,(other premises above),N/A,N/A,Community scheme,Very Good,Very Good,"Charging system linked to use of community heating, programmer and at least two room stats",Good,Good,Low energy lighting in all fixed outlets,Very Good,Very Good,,0,,,3.75,,,,"0.03, 6 Horse Guards Avenue",Westminster,Cities of London and Westminster,London,2022,2022-08-10 15:12:23,Not defined - use in the case of a new dwelling for which the intended tenure in not known. It is not to be used for an existing dwelling,20,,10033655875,Address Matched,101
67f934e79eff50834a982510f77e6d306a31f4ef8cbdea2cc8884e556a6b7101,3.03,6 Horse Guards Avenue,,SW1A 2BH,10003224832,B,B,85,85,Flat,Mid-Terrace,2022-08-10,E09000033,E14000639,,2022-08-10,new dwelling,91,91,38,38,2.0,7,2.0,142,142,635,635,78,78,276.0,standard tariff,,2,N,,,100,,,,,,100,0,Community scheme,Very Good,Very Good,(other premises below),N/A,N/A,High performance glazing,Very Good,Very Good,Average thermal transmittance 0.65 W/m-¦K,Average,Average,None,N/A,N/A,(other premises above),N/A,N/A,Community scheme,Very Good,Very Good,"Charging system linked to use of community heating, programmer and at least two room stats",Good,Good,Low energy lighting in all fixed outlets,Very Good,Very Good,,0,,,3.61,,,,"3.03, 6 Horse Guards Avenue",Westminster,Cities of London and Westminster,London,2022,2022-08-10 15:12:35,Not defined - use in the case of a new dwelling for which the intended tenure in not known. It is not to be used for an existing dwelling,20,,10033655912,Address Matched,101
aa83e6e6534066f0458bbacbe9649d8062145123d0b2fcf4aca7b9b71c3501f4,0.06,6 Horse Guards Avenue,,SW1A 2BH,10002964308,B,B,81,81,Flat,Mid-Terrace,2022-08-10,E09000033,E14000639,,2022-08-10,new dwelling,91,91,48,48,0.7,9,0.7,70,70,242,242,70,70,82.0,standard tariff,,2,N,,,100,,,,,,100,0,Community scheme,Very Good,Very Good,(other premises below),N/A,N/A,Full secondary glazing,Good,Good,Average thermal transmittance 1.12 W/m-¦K,Poor,Poor,None,N/A,N/A,(other premises above),N/A,N/A,Community scheme,Very Good,Very Good,"Charging system linked to use of community heating, programmer and at least two room stats",Good,Good,Low energy lighting in all fixed outlets,Very Good,Very Good,,0,,,3.75,,,,"0.06, 6 Horse Guards Avenue",Westminster,Cities of London and Westminster,London,2022,2022-08-10 15:12:26,Not defined - use in the case of a new dwelling for which the intended tenure in not known. It is not to be used for an existing dwelling,20,,10033655878,Address Matched,101
c209cb037384352f205129f0cff7ed2155d144d5e7201e15d068bb90b7879715,1.04,6 Horse Guards Avenue,,SW1A 2BH,10002977055,B,B,82,82,Flat,Mid-Terrace,2022-08-10,E09000033,E14000639,,2022-08-10,new dwelling,91,91,46,46,0.8,9,0.8,83,83,243,243,71,71,90.0,standard tariff,,2,N,,,100,,,,,,100,0,Community scheme,Very Good,Very Good,(other premises below),N/A,N/A,Full secondary glazing,Good,Good,Average thermal transmittance 1.12 W/m-¦K,Poor,Poor,None,N/A,N/A,Average thermal transmittance 0.12 W/m-¦K,Very Good,Very Good,Community scheme,Very Good,Very Good,"Charging system linked to use of community heating, programmer and at least two room stats",Good,Good,Low energy lighting in all fixed outlets,Very Good,Very Good,,0,,,3.6,,,,"1.04, 6 Horse Guards Avenue",Westminster,Cities of London and Westminster,London,2022,2022-08-10 15:12:30,Not defined - use in the case of a new dwelling for which the intended tenure in not known. It is not to be used for an existing dwelling,20,,10033655887,Address Matched,101
d31d665f01cbefb3f70a45dd74d8a3c28e267b76de4d3c2e3bc8cb783df0faa4,0.02,6 Horse Guards Avenue,,SW1A 2BH,10002964323,B,B,83,83,Flat,Mid-Terrace,2022-08-10,E09000033,E14000639,,2022-08-10,new dwelling,92,92,41,41,0.7,8,0.7,83,83,220,220,72,72,95.0,standard tariff,,2,N,,,100,,,,,,100,0,Community scheme,Very Good,Very Good,(other premises below),N/A,N/A,Full secondary glazing,Good,Good,Average thermal transmittance 1.12 W/m-¦K,Poor,Poor,None,N/A,N/A,(other premises above),N/A,N/A,Community scheme,Very Good,Very Good,"Charging system linked to use of community heating, programmer and at least two room stats",Good,Good,Low energy lighting in all fixed outlets,Very Good,Very Good,,0,,,3.75,,,,"0.02, 6 Horse Guards Avenue",Westminster,Cities of London and Westminster,London,2022,2022-08-10 15:12:22,Not defined - use in the case of a new dwelling for which the intended tenure in not known. It is not to be used for an existing dwelling,20,,10033655874,Address Matched,101
e13e8383fdf10a1d81350a918c1b13569de064c9f1495c41dd35a861a208ec2c,1.05,6 Horse Guards Avenue,,SW1A 2BH,10002970684,B,B,83,83,Flat,Mid-Terrace,2022-08-10,E09000033,E14000639,,2022-08-10,new dwelling,90,90,41,41,1.6,8,1.6,119,119,508,508,77,77,200.0,standard tariff,,2,N,,,100,,,,,,100,0,Community scheme,Very Good,Very Good,(other premises below),N/A,N/A,High performance glazing,Very Good,Very Good,Average thermal transmittance 0.82 W/m-¦K,Average,Average,None,N/A,N/A,Average thermal transmittance 0.12 W/m-¦K,Very Good,Very Good,Community scheme,Very Good,Very Good,"Charging system linked to use of community heating, programmer and at least two room stats",Good,Good,Low energy lighting in all fixed outlets,Very Good,Very Good,,0,,,3.6,,,,"1.05, 6 Horse Guards Avenue",Westminster,Cities of London and Westminster,London,2022,2022-08-10 15:12:31,Not defined - use in the case of a new dwelling for which the intended tenure in not known. It is not to be used for an existing dwelling,20,,10033655888,Address Matched,101
e2004d2630060bfe7034281d468f802ed98f30f4a92cf644fdecd72268ade788,0.01,6 Horse Guards Avenue,,SW1A 2BH,10002964380,C,C,80,80,Flat,End-Terrace,2022-08-10,E09000033,E14000639,,2022-08-10,new dwelling,81,81,96,96,1.8,17,1.8,92,92,308,308,90,90,107.0,standard tariff,,2,N,,,100,,,,,,100,0,Community scheme,Good,Good,(other premises below),N/A,N/A,Full secondary glazing,Good,Good,Average thermal transmittance 0.40 W/m-¦K,Good,Good,None,N/A,N/A,Average thermal transmittance 0.14 W/m-¦K,Very Good,Very Good,Community scheme,Good,Good,"Charging system linked to use of community heating, programmer and at least two room stats",Good,Good,Low energy lighting in all fixed outlets,Very Good,Very Good,,0,,,3.75,,,,"0.01, 6 Horse Guards Avenue",Westminster,Cities of London and Westminster,London,2022,2022-08-10 15:12:20,Not defined - use in the case of a new dwelling for which the intended tenure in not known. It is not to be used for an existing dwelling,20,,10033655873,Address Matched,101
e9477ba1ae199315c9f929f3129ee524d603800b6d6fa74a0fcdfd7335c8feaf,0.08,6 Horse Guards Avenue,,SW1A 2BH,10002964351,B,B,81,81,Flat,Mid-Terrace,2022-08-10,E09000033,E14000639,,2022-08-10,new dwelling,91,91,51,51,0.6,10,0.6,58,58,217,217,64,64,65.0,standard tariff,,2,N,,,100,,,,,,100,0,Community scheme,Very Good,Very Good,(other premises below),N/A,N/A,Full secondary glazing,Good,Good,Average thermal transmittance 1.12 W/m-¦K,Poor,Poor,None,N/A,N/A,(other premises above),N/A,N/A,Community scheme,Very Good,Very Good,"Charging system linked to use of community heating, programmer and at least two room stats",Good,Good,Low energy lighting in all fixed outlets,Very Good,Very Good,,0,,,3.75,,,,"0.08, 6 Horse Guards Avenue",Westminster,Cities of London and Westminster,London,2022,2022-08-10 15:12:27,Not defined - use in the case of a new dwelling for which the intended tenure in not known. It is not to be used for an existing dwelling,20,,10033655880,Address Matched,101
edad3d91c09bfe97019278000571f3c5b4b71f73769e5a9f78200501afcee2f5,3.08,6 Horse Guards Avenue,,SW1A 2BH,10003263675,B,B,84,84,Flat,Mid-Terrace,2022-08-10,E09000033,E14000639,,2022-08-10,new dwelling,92,92,40,40,0.9,8,0.9,103,103,266,266,75,75,117.0,standard tariff,,2,N,,,100,,,,,,100,0,Community scheme,Very Good,Very Good,(other premises below),N/A,N/A,Full secondary glazing,Good,Good,Average thermal transmittance 1.12 W/m-¦K,Poor,Poor,None,N/A,N/A,(other premises above),N/A,N/A,Community scheme,Very Good,Very Good,"Charging system linked to use of community heating, programmer and at least two room stats",Good,Good,Low energy lighting in all fixed outlets,Very Good,Very Good,,0,,,3.61,,,,"3.08, 6 Horse Guards Avenue",Westminster,Cities of London and Westminster,London,2022,2022-08-10 15:12:41,Not defined - use in the case of a new dwelling for which the intended tenure in not known. It is not to be used for an existing dwelling,20,,10033655917,Address Matched,101
f88393d841a04ff1c036c0fc893751319d3fc8bc42cc55dce232eab0d9840e31,0.05,6 Horse Guards Avenue,,SW1A 2BH,10002964350,B,B,81,81,Flat,Mid-Terrace,2022-08-10,E09000033,E14000639,,2022-08-10,new dwelling,93,93,53,53,0.4,10,0.4,37,37,158,158,54,54,40.0,standard tariff,,2,N,,,100,,,,,,100,0,Community scheme,Very Good,Very Good,(other premises below),N/A,N/A,Full secondary glazing,Good,Good,Average thermal transmittance 1.12 W/m-¦K,Poor,Poor,None,N/A,N/A,(other premises above),N/A,N/A,Community scheme,Very Good,Very Good,"Charging system linked to use of community heating, programmer and at least two room stats",Good,Good,Low energy lighting in all fixed outlets,Very Good,Very Good,,0,,,3.75,,,,"0.05, 6 Horse Guards Avenue",Westminster,Cities of London and Westminster,London,2022,2022-08-10 15:12:25,Not defined - use in the case of a new dwelling for which the intended tenure in not known. It is not to be used for an existing dwelling,20,,10033655877,Address Matched,101
f90f6808c6c2ee913122402a77b76f54543b2ffb2c89405c9f24456ac46c99eb,3.05,6 Horse Guards Avenue,,SW1A 2BH,10003047569,B,B,83,83,Flat,Mid-Terrace,2022-08-10,E09000033,E14000639,,2022-08-10,new dwelling,90,90,42,42,1.5,8,1.5,121,121,491,491,77,77,196.0,standard tariff,,2,N,,,100,,,,,,100,0,Community scheme,Very Good,Very Good,(other premises below),N/A,N/A,High performance glazing,Very Good,Very Good,Average thermal transmittance 0.82 W/m-¦K,Average,Average,None,N/A,N/A,(other premises above),N/A,N/A,Community scheme,Very Good,Very Good,"Charging system linked to use of community heating, programmer and at least two room stats",Good,Good,Low energy lighting in all fixed outlets,Very Good,Very Good,,0,,,3.61,,,,"3.05, 6 Horse Guards Avenue",Westminster,Cities of London and Westminster,London,2022,2022-08-10 15:12:38,Not defined - use in the case of a new dwelling for which the intended tenure in not known. It is not to be used for an existing dwelling,20,,10033655914,Address Matched,101
ff923c150ce3476514e165e7c32d6c0012585d320ac8fa119dd1ef3e05f3e6eb,2.07,6 Horse Guards Avenue,,SW1A 2BH,10003195214,C,C,74,74,Flat,Mid-Terrace,2022-08-10,E09000033,E14000639,,2022-08-10,new dwelling,84,84,63,63,5.0,12,5.0,169,169,1810,1810,81,81,418.0,standard tariff,,2,N,,,100,,,,,,100,0,Community scheme,Very Good,Very Good,(other premises below),N/A,N/A,Full secondary glazing,Good,Good,Average thermal transmittance 1.12 W/m-¦K,Poor,Poor,None,N/A,N/A,(other premises above),N/A,N/A,Community scheme,Very Good,Very Good,"Charging system linked to use of community heating, programmer and at least two room stats",Good,Good,Low energy lighting in all fixed outlets,Very Good,Very Good,,0,,,4.86,,,,"2.07, 6 Horse Guards Avenue",Westminster,Cities of London and Westminster,London,2022,2022-08-10 15:12:34,Not defined - use in the case of a new dwelling for which the intended tenure in not known. It is not to be used for an existing dwelling,20,,10033655904,Address Matched,101
327370ff773419402abefdf2207e3a4443820530dab5d2958b1967b5fbffb6ce,1.14,6 Horse Guards Avenue,,SW1A 2BH,10002980902,B,B,83,83,Flat,Mid-Terrace,2022-08-09,E09000033,E14000639,,2022-08-09,new dwelling,91,91,41,41,1.2,8,1.2,122,122,376,376,76,76,161.0,standard tariff,,2,N,,,100,,,,,,100,0,Community scheme,Very Good,Very Good,(other premises below),N/A,N/A,Full secondary glazing,Good,Good,Average thermal transmittance 1.12 W/m-¦K,Poor,Poor,None,N/A,N/A,(other premises above),N/A,N/A,Community scheme,Very Good,Very Good,"Charging system linked to use of community heating, programmer and at least two room stats",Good,Good,Low energy lighting in all fixed outlets,Very Good,Very Good,,0,,,3.6,,,,"1.14, 6 Horse Guards Avenue",Westminster,Cities of London and Westminster,London,2022,2022-08-09 10:21:20,Not defined - use in the case of a new dwelling for which the intended tenure in not known. It is not to be used for an existing dwelling,20,,10033655897,Address Matched,101
3b482be6e889e1c1b0b34d24a9018d0926313cd689ed57fa0e6ad258818117b1,1.12,6 Horse Guards Avenue,,SW1A 2BH,10002981029,C,C,78,78,Flat,Mid-Terrace,2022-08-09,E09000033,E14000639,,2022-08-09,new dwelling,91,91,59,59,0.6,12,0.6,52,52,225,225,59,59,53.0,standard tariff,,2,N,,,100,,,,,,100,0,Community scheme,Very Good,Very Good,Average thermal transmittance 0.22 W/m-¦K,Good,Good,Full secondary glazing,Good,Good,Average thermal transmittance 1.12 W/m-¦K,Poor,Poor,None,N/A,N/A,(other premises above),N/A,N/A,Community scheme,Very Good,Very Good,"Charging system linked to use of community heating, programmer and at least two room stats",Good,Good,Low energy lighting in all fixed outlets,Very Good,Very Good,,0,,,3.6,,,,"1.12, 6 Horse Guards Avenue",Westminster,Cities of London and Westminster,London,2022,2022-08-09 10:21:31,Not defined - use in the case of a new dwelling for which the intended tenure in not known. It is not to be used for an existing dwelling,20,,10033655895,Address Matched,101
3c6e8164558b0d82240ddc2b293a135c851dffc9f6eec40697e5de5a9dd3c5c5,1.10,6 Horse Guards Avenue,,SW1A 2BH,10002977056,B,B,85,85,Flat,Mid-Terrace,2022-08-09,E09000033,E14000639,,2022-08-09,new dwelling,93,93,35,35,0.8,7,0.8,95,95,251,251,75,75,129.0,standard tariff,,2,N,,,100,,,,,,100,0,Community scheme,Very Good,Very Good,Average thermal transmittance 0.22 W/m-¦K,Good,Good,High performance glazing,Very Good,Very Good,Average thermal transmittance 0.15 W/m-¦K,Very Good,Very Good,None,N/A,N/A,(other premises above),N/A,N/A,Community scheme,Very Good,Very Good,"Charging system linked to use of community heating, programmer and at least two room stats",Good,Good,Low energy lighting in all fixed outlets,Very Good,Very Good,,0,,,3.6,,,,"1.10, 6 Horse Guards Avenue",Westminster,Cities of London and Westminster,London,2022,2022-08-09 10:21:17,Not defined - use in the case of a new dwelling for which the intended tenure in not known. It is not to be used for an existing dwelling,20,,10033655893,Address Matched,101
4469f1a0cf65a958a7a270278f73e92727b476ea651a5ec8adb4f06ac643bf4f,1.03,6 Horse Guards Avenue,,SW1A 2BH,10002981024,B,B,83,83,Flat,Mid-Terrace,2022-08-09,E09000033,E14000639,,2022-08-09,new dwelling,90,90,40,40,2.1,8,2.1,139,139,691,691,78,78,279.0,standard tariff,,2,N,,,100,,,,,,100,0,Community scheme,Very Good,Very Good,(other premises below),N/A,N/A,High performance glazing,Very Good,Very Good,Average thermal transmittance 0.65 W/m-¦K,Average,Average,None,N/A,N/A,Average thermal transmittance 0.12 W/m-¦K,Very Good,Very Good,Community scheme,Very Good,Very Good,"Charging system linked to use of community heating, programmer and at least two room stats",Good,Good,Low energy lighting in all fixed outlets,Very Good,Very Good,,0,,,3.6,,,,"1.03, 6 Horse Guards Avenue",Westminster,Cities of London and Westminster,London,2022,2022-08-09 10:21:24,Not defined - use in the case of a new dwelling for which the intended tenure in not known. It is not to be used for an existing dwelling,20,,10033655886,Address Matched,101
51ae30de1c4fa09e7e213d9edec4fe01ea3c7ff06aa600764853ddb6f573eb9b,1.06,6 Horse Guards Avenue,,SW1A 2BH,10003012061,B,B,82,82,Flat,Mid-Terrace,2022-08-09,E09000033,E14000639,,2022-08-09,new dwelling,91,91,46,46,0.7,9,0.7,79,79,232,232,70,70,85.0,standard tariff,,2,N,,,100,,,,,,100,0,Community scheme,Very Good,Very Good,(other premises below),N/A,N/A,Full secondary glazing,Good,Good,Average thermal transmittance 1.12 W/m-¦K,Poor,Poor,None,N/A,N/A,Average thermal transmittance 0.12 W/m-¦K,Very Good,Very Good,Community scheme,Very Good,Very Good,"Charging system linked to use of community heating, programmer and at least two room stats",Good,Good,Low energy lighting in all fixed outlets,Very Good,Very Good,,0,,,3.6,,,,"1.06, 6 Horse Guards Avenue",Westminster,Cities of London and Westminster,London,2022,2022-08-09 10:21:26,Not defined - use in the case of a new dwelling for which the intended tenure in not known. It is not to be used for an existing dwelling,20,,10033655889,Address Matched,101
7744a26ce6d12227e36a9312c9f4b8925f5ef5c501366ac654dbf619c9e95aea,1.13,6 Horse Guards Avenue,,SW1A 2BH,10002970687,B,B,81,81,Flat,Mid-Terrace,2022-08-09,E09000033,E14000639,,2022-08-09,new dwelling,90,90,46,46,1.3,9,1.3,112,112,426,426,76,76,151.0,standard tariff,,2,N,,,100,,,,,,100,0,Community scheme,Very Good,Very Good,Average thermal transmittance 0.22 W/m-¦K,Good,Good,Full secondary glazing,Good,Good,Average thermal transmittance 1.12 W/m-¦K,Poor,Poor,None,N/A,N/A,(other premises above),N/A,N/A,Community scheme,Very Good,Very Good,"Charging system linked to use of community heating, programmer and at least two room stats",Good,Good,Low energy lighting in all fixed outlets,Very Good,Very Good,,0,,,3.6,,,,"1.13, 6 Horse Guards Avenue",Westminster,Cities of London and Westminster,London,2022,2022-08-09 10:21:34,Not defined - use in the case of a new dwelling for which the intended tenure in not known. It is not to be used for an existing dwelling,20,,10033655896,Address Matched,101
77e07a1685799dd6dd303d24b08e5a63104b7198a02373a5e86eef0cfa9203ee,1.11,6 Horse Guards Avenue,,SW1A 2BH,10002966072,B,B,83,83,Flat,Mid-Terrace,2022-08-09,E09000033,E14000639,,2022-08-09,new dwelling,90,90,42,42,1.6,8,1.6,121,121,513,513,77,77,201.0,standard tariff,,2,N,,,100,,,,,,100,0,Community scheme,Very Good,Very Good,Average thermal transmittance 0.22 W/m-¦K,Good,Good,Multiple glazing throughout,Good,Good,Average thermal transmittance 0.69 W/m-¦K,Average,Average,None,N/A,N/A,(other premises above),N/A,N/A,Community scheme,Very Good,Very Good,"Charging system linked to use of community heating, programmer and at least two room stats",Good,Good,Low energy lighting in all fixed outlets,Very Good,Very Good,,0,,,3.6,,,,"1.11, 6 Horse Guards Avenue",Westminster,Cities of London and Westminster,London,2022,2022-08-09 10:21:30,Not defined - use in the case of a new dwelling for which the intended tenure in not known. It is not to be used for an existing dwelling,20,,10033655894,Address Matched,101
9c957f096adeb855be2f42b6e02eb4d9095cbbaea2df84e01e97aa365c6378bd,1.07,6 Horse Guards Avenue,,SW1A 2BH,10002970685,C,C,79,79,Flat,Mid-Terrace,2022-08-09,E09000033,E14000639,,2022-08-09,new dwelling,88,88,48,48,2.3,9,2.3,138,138,788,788,78,78,250.0,standard tariff,,2,N,,,100,,,,,,100,0,Community scheme,Very Good,Very Good,(other premises below),N/A,N/A,Full secondary glazing,Good,Good,Average thermal transmittance 1.12 W/m-¦K,Poor,Poor,None,N/A,N/A,(other premises above),N/A,N/A,Community scheme,Very Good,Very Good,"Charging system linked to use of community heating, programmer and at least two room stats",Good,Good,Low energy lighting in all fixed outlets,Very Good,Very Good,,0,,,3.6,,,,"1.07, 6 Horse Guards Avenue",Westminster,Cities of London and Westminster,London,2022,2022-08-09 10:21:27,Not defined - use in the case of a new dwelling for which the intended tenure in not known. It is not to be used for an existing dwelling,20,,10033655890,Address Matched,101
c5fcd62c772a610fe1ebf9a36417da6b412c9e6c5721fbcea06b63b2a3e3e9ba,1.15,6 Horse Guards Avenue,,SW1A 2BH,10003012062,B,B,81,81,Flat,Mid-Terrace,2022-08-09,E09000033,E14000639,,2022-08-09,new dwelling,89,89,46,46,1.9,9,1.9,137,137,628,628,77,77,219.0,standard tariff,,2,N,,,100,,,,,,100,0,Community scheme,Very Good,Very Good,(other premises below),N/A,N/A,Multiple glazing throughout,Good,Good,Average thermal transmittance 0.85 W/m-¦K,Average,Average,None,N/A,N/A,(other premises above),N/A,N/A,Community scheme,Very Good,Very Good,"Charging system linked to use of community heating, programmer and at least two room stats",Good,Good,Low energy lighting in all fixed outlets,Very Good,Very Good,,0,,,3.6,,,,"1.15, 6 Horse Guards Avenue",Westminster,Cities of London and Westminster,London,2022,2022-08-09 10:21:23,Not defined - use in the case of a new dwelling for which the intended tenure in not known. It is not to be used for an existing dwelling,20,,10033655898,Address Matched,101
c67f5534e245879f2c642107494341c0567bb5a42eb432219840ff2f0ca1338d,1.09,6 Horse Guards Avenue,,SW1A 2BH,10002981026,B,B,86,86,Flat,Mid-Terrace,2022-08-09,E09000033,E14000639,,2022-08-09,new dwelling,92,92,35,35,1.3,6,1.3,143,143,385,385,77,77,207.0,standard tariff,,2,N,,,100,,,,,,100,0,Community scheme,Very Good,Very Good,(other premises below),N/A,N/A,Multiple glazing throughout,Good,Good,Average thermal transmittance 0.56 W/m-¦K,Good,Good,None,N/A,N/A,(other premises above),N/A,N/A,Community scheme,Very Good,Very Good,"Charging system linked to use of community heating, programmer and at least two room stats",Good,Good,Low energy lighting in all fixed outlets,Very Good,Very Good,,0,,,3.6,,,,"1.09, 6 Horse Guards Avenue",Westminster,Cities of London and Westminster,London,2022,2022-08-09 10:21:19,Not defined - use in the case of a new dwelling for which the intended tenure in not known. It is not to be used for an existing dwelling,20,,10033655892,Address Matched,101
eb5f9c4859b66bcd2e3778a3e7664e60246f02cf2c080e53f5c7251a9f49f213,1.16,6 Horse Guards Avenue,,SW1A 2BH,10003012063,B,B,87,87,Flat,Mid-Terrace,2022-08-09,E09000033,E14000639,,2022-08-09,new dwelling,94,94,33,33,0.5,6,0.5,75,75,152,152,70,70,85.0,standard tariff,,2,N,,,100,,,,,,100,0,Community scheme,Very Good,Very Good,(other premises below),N/A,N/A,High performance glazing,Very Good,Very Good,Average thermal transmittance 0.15 W/m-¦K,Very Good,Very Good,None,N/A,N/A,(other premises above),N/A,N/A,Community scheme,Very Good,Very Good,"Charging system linked to use of community heating, programmer and at least two room stats",Good,Good,Low energy lighting in all fixed outlets,Very Good,Very Good,,0,,,3.6,,,,"1.16, 6 Horse Guards Avenue",Westminster,Cities of London and Westminster,London,2022,2022-08-09 10:21:22,Not defined - use in the case of a new dwelling for which the intended tenure in not known. It is not to be used for an existing dwelling,20,,10033655899,Address Matched,101
f5622f816f318326cc7322b2f6bf2c05e704acf807c54b6e9730a89e77be2a75,1.08,6 Horse Guards Avenue,,SW1A 2BH,10002996570,B,B,83,83,Flat,Mid-Terrace,2022-08-09,E09000033,E14000639,,2022-08-09,new dwelling,92,92,41,41,0.9,8,0.9,102,102,263,263,74,74,115.0,standard tariff,,2,N,,,100,,,,,,100,0,Community scheme,Very Good,Very Good,(other premises below),N/A,N/A,Full secondary glazing,Good,Good,Average thermal transmittance 1.12 W/m-¦K,Poor,Poor,None,N/A,N/A,(other premises above),N/A,N/A,Community scheme,Very Good,Very Good,"Charging system linked to use of community heating, programmer and at least two room stats",Good,Good,Low energy lighting in all fixed outlets,Very Good,Very Good,,0,,,3.6,,,,"1.08, 6 Horse Guards Avenue",Westminster,Cities of London and Westminster,London,2022,2022-08-09 10:21:29,Not defined - use in the case of a new dwelling for which the intended tenure in not known. It is not to be used for an existing dwelling,20,,10033655891,Address Matched,101
399fcb38a2507e2857d28c418fcc02698622e76f893b1cbbf5e934176e4e67b2,Flat 4,73 St. James's Street,,SW1A 1PH,10003200574,E,C,46,79,Flat,Mid-Terrace,2022-07-05,E09000033,E14000639,,2022-07-05,marketed sale,52,74,313,164,3.2,53,1.7,89,59,911,229,102,102,60.0,Unknown,N,01,N,,,50,secondary glazing,Normal,0,2,2,33,0,Community scheme,Good,Good,(another dwelling below),N/A,N/A,Partial secondary glazing,Poor,Poor,"Solid brick, as built, no insulation (assumed)",Poor,Poor,None,N/A,N/A,(another dwelling above),N/A,N/A,"Room heaters, electric",Very Poor,Poor,Appliance thermostats,Good,Good,Low energy lighting in 33% of fixed outlets,Average,Average,electricity (not community),0,unheated corridor,12.61,2.8,0.0,N,natural,"Flat 4, 73 St. James's Street",Westminster,Cities of London and Westminster,LONDON,England and Wales: before 1900,2022-07-05 16:16:04,Owner-occupied,6,,100022805204,Energy Assessor,100
1a6faaad94c1bc86f96f2eccddef2a637ebf0ca59a76accda5c17fadf44030a7,Flat 72-73,3 Whitehall Court,,SW1A 2EL,4844139968,C,B,78,85,Flat,Mid-Terrace,2022-06-14,E09000033,E14000639,,2022-06-22,rental,73,84,120,72,3.7,21,2.3,117,121,526,285,122,122,178.0,Single,N,02,N,,,0,not defined,Normal,0,5,5,100,0,Community scheme,Good,Good,(another dwelling below),N/A,N/A,Single glazed,Very Poor,Very Poor,"Solid brick, as built, no insulation (assumed)",Poor,Poor,None,N/A,N/A,(another dwelling above),N/A,N/A,Community scheme,Good,Good,"Flat rate charging, TRVs",Average,Average,Low energy lighting in all fixed outlets,Very Good,Very Good,mains gas (community),0,heated corridor,,3.04,0.0,N,natural,"Flat 72-73, 3 Whitehall Court",Westminster,Cities of London and Westminster,LONDON,England and Wales: before 1900,2022-06-22 11:22:12,Rented (private),85,,,,100
8fe91730547279f08d59972a9413acbe24a5091496cb0ad608b00e669e99b40a,11 Little St. James's Street,,,SW1A 1DP,10002568840,E,B,47,82,House,Mid-Terrace,2022-05-12,E09000033,E14000639,,2022-05-13,marketed sale,37,77,299,93,11.0,53,3.3,211,119,1586,657,203,115,200.0,Single,Y,,,,,25,"double glazing, unknown install date",Normal,3,6,6,20,0,From main system,Average,Average,"Solid, no insulation (assumed)",N/A,N/A,Some double glazing,Poor,Poor,"Solid brick, as built, no insulation (assumed)",Very Poor,Very Poor,None,N/A,N/A,"Flat, no insulation (assumed)",Very Poor,Very Poor,"Boiler and radiators, mains gas",Good,Good,Programmer and room thermostat,Average,Average,Low energy lighting in 20% of fixed outlets,Poor,Poor,mains gas (not community),0,,,2.7,0.0,N,natural,11 Little St. James's Street,Westminster,Cities of London and Westminster,LONDON,England and Wales: 1900-1929,2022-05-13 16:56:10,Owner-occupied,15,,100022774388,Energy Assessor,100
5034c628c2261c00018405b50d48f062657065bf8b523d8cf7fae2c038d19ba7,Flat 4,41 St James's Place,,SW1A 1NS,10002731955,C,C,69,74,Flat,Mid-Terrace,2022-04-13,E09000033,E14000639,,2022-05-11,marketed sale,49,56,375,318,3.0,63,2.6,48,49,407,314,168,168,48.0,Unknown,N,04,Y,,,0,not defined,Normal,0,2,2,100,0,"Electric immersion, off-peak",Average,Poor,(another dwelling below),N/A,N/A,Single glazed,Very Poor,Very Poor,"Solid brick, as built, insulated (assumed)",Good,Good,"Room heaters, electric",N/A,N/A,"Flat, insulated (assumed)",Average,Average,"Warm air, Electricaire",Average,Very Poor,Time and temperature zone control,Very Good,Very Good,Low energy lighting in all fixed outlets,Very Good,Very Good,electricity (not community),0,no corridor,,2.93,0.0,N,natural,"Flat 4, 41 St James's Place",Westminster,Cities of London and Westminster,LONDON,England and Wales: 1991-1995,2022-05-11 22:36:07,Owner-occupied,7,,10033628142,Energy Assessor,100
0e8c72afc2751ebbb4ab774f8b9950ed6ccc9cc77bb9a35382d0326240b7d015,2nd Floor Flat,35 Whitehall,,SW1A 2BX,8699555078,D,B,66,81,Flat,Mid-Terrace,2022-04-15,E09000033,E14000639,,2022-04-18,marketed sale,70,78,200,141,2.0,34,1.4,109,60,427,140,222,244,60.0,Single,N,02,N,,,100,"double glazing, unknown install date",Normal,0,3,3,0,0,Electric instantaneous at point of use,Very Poor,Poor,(another dwelling below),N/A,N/A,Fully double glazed,Average,Average,"Solid brick, as built, no insulation (assumed)",Very Poor,Very Poor,None,N/A,N/A,(another dwelling above),N/A,N/A,"Room heaters, electric",Very Poor,Poor,Programmer and appliance thermostats,Good,Good,No low energy lighting,Very Poor,Very Poor,electricity (not community),0,unheated corridor,7.9,2.64,0.0,N,natural,"2nd Floor Flat, 35 Whitehall",Westminster,Cities of London and Westminster,LONDON,England and Wales: 1900-1929,2022-04-18 15:19:16,Owner-occupied,12,,100023337138,Address Matched,100
525086d9ea5e006a6db0ff12a920b65d89135421a340dbd3bad7cb8aa02777d9,Flat 3,1 Arlington Street,,SW1A 1RA,10002908363,B,B,82,87,Flat,End-Terrace,2022-04-11,E09000033,E14000639,,2022-04-14,rental,78,85,90,60,4.9,16,3.3,165,165,726,447,139,141,309.0,Unknown,Y,03,N,,,100,secondary glazing,Normal,0,6,6,100,0,From main system,Good,Good,(another dwelling below),N/A,N/A,Full secondary glazing,Good,Good,"Solid brick, as built, no insulation (assumed)",Very Poor,Very Poor,None,N/A,N/A,(another dwelling above),N/A,N/A,"Boiler and radiators, mains gas",Good,Good,"Programmer, room thermostat and TRVs",Good,Good,Low energy lighting in all fixed outlets,Very Good,Very Good,mains gas (not community),0,heated corridor,,2.69,0.0,N,natural,"Flat 3, 1 Arlington Street",Westminster,Cities of London and Westminster,LONDON,England and Wales: before 1900,2022-04-14 03:05:48,Owner-occupied,79,,10033559743,Energy Assessor,100
5974c72439ed7744df79cfccaa87f9dcb2f0ccf145e985be6e7e1ec1823ed5f7,Apartment 5,5 Arlington Street,,SW1A 1RA,10002483454,C,C,69,73,Flat,Mid-Terrace,2022-03-23,E09000033,E14000639,,2022-03-23,marketed sale,72,75,120,103,5.7,20,4.9,312,156,1582,1438,125,125,279.0,Unknown,Y,05,Y,,,100,double glazing installed during or after 2002,Normal,1,4,4,0,0,Community scheme,Good,Good,(another dwelling below),N/A,N/A,Fully double glazed,Good,Good,"Solid brick, as built, no insulation (assumed)",Poor,Poor,None,N/A,N/A,"Flat, insulated (assumed)",Good,Good,"Air source heat pump, warm air, electric",Poor,Good,Time and temperature zone control,Very Good,Very Good,No low energy lighting,Very Poor,Very Poor,electricity (not community),0,heated corridor,,2.3,0.0,N,natural,"Apartment 5, 5 Arlington Street",Westminster,Cities of London and Westminster,LONDON,England and Wales: before 1900,2022-03-23 10:26:50,Owner-occupied,30,,10033617166,Energy Assessor,100
eaf5b7bc34ddafba204c24bb4493f38481745a01c492eeebc008203a41dc59b1,Flat 2,1 Arlington Street,,SW1A 1RA,10002435489,C,B,80,82,Flat,Detached,2022-03-22,E09000033,E14000639,,2022-03-23,rental,76,78,117,105,7.4,21,6.7,187,191,1224,1096,83,83,360.0,Single,Y,02,N,,,0,not defined,Normal,0,7,7,100,0,From main system,Good,Good,(another dwelling below),N/A,N/A,Single glazed,Very Poor,Very Poor,"Granite or whinstone, as built, insulated (assumed)",Good,Good,None,N/A,N/A,(another dwelling above),N/A,N/A,"Boiler and radiators, mains gas",Good,Good,Programmer and room thermostat,Average,Average,Low energy lighting in all fixed outlets,Very Good,Very Good,mains gas (not community),0,no corridor,,3.2,0.0,N,natural,"Flat 2, 1 Arlington Street",Westminster,Cities of London and Westminster,LONDON,England and Wales: 1983-1990,2022-03-23 11:02:01,Rented (private),100,,10033599040,Energy Assessor,100
063865d26c609f48fd71d02c4ad0bb7ae2963766fa668bc946448510141e9e38,Flat 2,39 Whitehall,,SW1A 2BX,10002436296,C,B,70,85,Flat,Mid-Terrace,2022-01-07,E09000033,E14000639,,2022-02-17,marketed sale,50,77,432,202,2.6,73,1.2,37,37,340,57,166,166,36.0,dual,N,01,N,,,0,not defined,Normal,0,2,2,100,0,"Electric immersion, off-peak",Average,Poor,(another dwelling below),N/A,N/A,Single glazed,Very Poor,Very Poor,"Granite or whinstone, as built, no insulation (assumed)",Very Poor,Very Poor,Portable electric heaters (assumed),N/A,N/A,(another dwelling above),N/A,N/A,Electric storage heaters,Average,Very Poor,Manual charge control,Poor,Poor,Low energy lighting in all fixed outlets,Very Good,Very Good,electricity (not community),0,no corridor,,2.4,0.0,N,natural,"Flat 2, 39 Whitehall",Westminster,Cities of London and Westminster,LONDON,England and Wales: 1930-1949,2022-02-17 19:57:59,Owner-occupied,12,,10033596103,Energy Assessor,100
e0a094bdad3d079bfaf4dba51e0d5a53058bdf8449d3caa6a0ffe3d2dfe47440,Flat 1 Essex Court,30 St. James's Place,,SW1A 1NR,10002422882,D,C,62,78,Flat,Mid-Terrace,2022-02-14,E09000033,E14000639,,2022-02-14,rental,53,76,250,129,4.1,44,2.1,111,80,592,283,116,116,93.0,Unknown,N,00,N,,,0,not defined,Normal,0,5,5,58,0,Community scheme,Good,Good,"Solid, no insulation (assumed)",N/A,N/A,Single glazed,Very Poor,Very Poor,"Solid brick, as built, no insulation (assumed)",Very Poor,Very Poor,None,N/A,N/A,(another dwelling above),N/A,N/A,Community scheme,Good,Good,"Flat rate charging, TRVs",Average,Average,Low energy lighting in 58% of fixed outlets,Good,Good,mains gas (community),0,unheated corridor,19.51,2.46,0.0,N,natural,"Flat 1 Essex Court, 30 St. James's Place",Westminster,Cities of London and Westminster,London,England and Wales: 1900-1929,2022-02-14 17:05:56,Rented (private),26,,,,100
5c7788bbd8681750ecfe94b53c21ef71706ed01ca2c8ce25edb9f0463bfa2fdc,Flat 118,4 Whitehall Court,,SW1A 2EP,10002406253,D,B,67,81,Flat,Enclosed End-Terrace,2022-02-03,E09000033,E14000639,,2022-02-03,marketed sale,58,77,225,122,6.8,40,3.7,179,117,984,513,122,122,170.0,Unknown,Y,02,N,,,80,secondary glazing,Normal,0,5,5,47,0,Community scheme,Good,Good,(another dwelling below),N/A,N/A,Mostly secondary glazing,Average,Average,"Sandstone or limestone, as built, no insulation (assumed)",Very Poor,Very Poor,None,N/A,N/A,(another dwelling above),N/A,N/A,Community scheme,Good,Good,"Flat rate charging, no thermostatic control of room temperature",Very Poor,Very Poor,Low energy lighting in 47% of fixed outlets,Good,Good,mains gas (community),0,heated corridor,,3.2,0.0,N,natural,"Flat 118, 4 Whitehall Court",Westminster,Cities of London and Westminster,LONDON,England and Wales: before 1900,2022-02-03 16:33:06,Owner-occupied,19,,100023337042,Energy Assessor,100
3744c0dc8e31e6f02588ccb511b036be136fb857dada6e52adfa20b2bd539d64,Flat 123,4 Whitehall Court,,SW1A 2EP,10002406846,C,B,80,86,Flat,Enclosed End-Terrace,2022-02-02,E09000033,E14000639,,2022-02-02,rental,75,84,124,82,5.3,22,3.5,142,144,769,481,118,118,243.0,Unknown,Y,03,N,,,40,secondary glazing,Normal,0,4,4,100,0,Community scheme,Good,Good,(another dwelling below),N/A,N/A,Partial secondary glazing,Poor,Poor,"Solid brick, as built, no insulation (assumed)",Poor,Poor,None,N/A,N/A,(another dwelling above),N/A,N/A,Community scheme,Good,Good,"Charging system linked to use of community heating, TRVs",Good,Good,Low energy lighting in all fixed outlets,Very Good,Very Good,mains gas (community),0,heated corridor,,3.0,0.0,N,natural,"Flat 123, 4 Whitehall Court",Westminster,Cities of London and Westminster,LONDON,England and Wales: before 1900,2022-02-02 15:58:59,Rented (private),16,,100023337044,Energy Assessor,100
a1ea06d38bee9728854c3b4dec54af970e972b996506b504a8df0a853c2a5197,Flat 4,39 Whitehall,,SW1A 2BX,10001963559,E,B,54,84,Flat,Semi-Detached,2021-11-05,E09000033,E14000639,,2021-11-07,marketed sale,31,74,625,208,4.4,106,1.5,42,42,678,95,169,169,42.0,dual,N,02,Y,,,0,not defined,Normal,0,3,3,100,0,"Electric immersion, off-peak",Average,Poor,(another dwelling below),N/A,N/A,Single glazed,Very Poor,Very Poor,"Solid brick, as built, no insulation (assumed)",Poor,Poor,"Room heaters, electric",N/A,N/A,"Flat, no insulation (assumed)",Very Poor,Very Poor,Electric storage heaters,Average,Very Poor,Automatic charge control,Average,Average,Low energy lighting in all fixed outlets,Very Good,Very Good,electricity (not community),0,no corridor,,2.0,0.0,N,natural,"Flat 4, 39 Whitehall",Westminster,Cities of London and Westminster,LONDON,England and Wales: 1930-1949,2021-11-07 15:26:30,Owner-occupied,12,,10033596105,Energy Assessor,100
f374f5a5422f57a3b6024d5155c651fe1db0ccde5f529f59a1190e5cc54747a8,Flat 125,4 Whitehall Court,,SW1A 2EP,10002056955,C,B,71,82,Flat,Mid-Terrace,2021-10-06,E09000033,E14000639,,2021-10-06,rental,65,81,211,115,4.2,37,2.3,88,91,630,311,123,123,113.0,Unknown,Y,04,N,,,0,not defined,Normal,0,3,3,100,0,Community scheme,Good,Good,(another dwelling below),N/A,N/A,Single glazed,Very Poor,Very Poor,"Solid brick, as built, no insulation (assumed)",Very Poor,Very Poor,None,N/A,N/A,(another dwelling above),N/A,N/A,Community scheme,Good,Good,"Flat rate charging, no thermostatic control of room temperature",Very Poor,Very Poor,Low energy lighting in all fixed outlets,Very Good,Very Good,mains gas (community),0,heated corridor,,3.2,0.0,N,natural,"Flat 125, 4 Whitehall Court",Westminster,Cities of London and Westminster,LONDON,England and Wales: before 1900,2021-10-06 15:27:25,Rented (private),34,,100023337059,Energy Assessor,100
2011702493b35c9791def08d4a1518281ffb43720aa2d67ce11e4a1ac1e512cb,Flat 15,25 Whitehall,,SW1A 2BS,10001684227,C,C,75,80,Flat,End-Terrace,2021-08-20,E09000033,E14000639,,2021-08-22,rental,76,83,152,106,1.7,27,1.2,67,67,299,207,82,82,64.0,Unknown,Y,04,N,,,100,"double glazing, unknown install date",Normal,0,4,4,83,0,From main system,Good,Good,(another dwelling below),N/A,N/A,Fully double glazed,Average,Average,"Solid brick, as built, no insulation (assumed)",Very Poor,Very Poor,None,N/A,N/A,(another dwelling above),N/A,N/A,"Boiler and radiators, mains gas",Good,Good,"Programmer, TRVs and bypass",Average,Average,Low energy lighting in 83% of fixed outlets,Very Good,Very Good,mains gas (not community),0,unheated corridor,6.7,2.5,0.0,N,natural,"Flat 15, 25 Whitehall",Westminster,Cities of London and Westminster,LONDON,England and Wales: 1900-1929,2021-08-22 10:04:04,Rented (private),12,,200002373317,Energy Assessor,100
ec95458f427bb3b9046ffa18f8d649825e2c5c72a8bec4ec32469a0f2b9d503e,Flat 31,"73, St. James's Street",,SW1A 1PH,2855504668,D,C,58,78,Flat,Mid-Terrace,2021-07-28,E09000033,E14000639,,2021-08-02,marketed sale,46,74,284,133,11.0,51,5.0,130,130,1722,760,116,116,209.0,Unknown,Y,04,N,,,100,"double glazing, unknown install date",Normal,0,5,5,100,0,Community scheme,Good,Good,(another dwelling below),N/A,N/A,Fully double glazed,Average,Average,"Solid brick, as built, no insulation (assumed)",Poor,Poor,None,N/A,N/A,"Flat, no insulation (assumed)",Very Poor,Very Poor,Community scheme,Good,Good,"Flat rate charging, no thermostatic control of room temperature",Very Poor,Very Poor,Low energy lighting in all fixed outlets,Very Good,Very Good,mains gas (community),0,heated corridor,,2.7,0.0,N,natural,"Flat 31, 73, St. James's Street",Westminster,Cities of London and Westminster,LONDON,England and Wales: 1900-1929,2021-08-02 09:44:05,Rented (private),10,,100023336832,Address Matched,100
c6fea328804e6b43f44b569c4be9864ae6d4753578d8457baded3c29eea81c4c,3 CATHERINE WHEEL YARD,,,SW1A 1DR,10001453223,E,C,50,73,Maisonette,Mid-Terrace,2021-07-21,E09000033,E14000639,,2021-07-21,marketed sale,43,72,357,169,4.3,63,2.0,59,60,739,345,86,87,68.0,Unknown,Y,01,Y,,,0,not defined,Normal,0,5,5,100,0,From main system,Good,Good,"To unheated space, no insulation (assumed)",N/A,N/A,Single glazed,Very Poor,Very Poor,"Solid brick, as built, no insulation (assumed)",Very Poor,Very Poor,None,N/A,N/A,"Pitched, no insulation",Very Poor,Very Poor,"Boiler and radiators, mains gas",Good,Good,"Programmer, TRVs and bypass",Average,Average,Low energy lighting in all fixed outlets,Very Good,Very Good,mains gas (not community),0,unheated corridor,6.83,2.44,0.0,N,natural,3 CATHERINE WHEEL YARD,Westminster,Cities of London and Westminster,LONDON,England and Wales: 1900-1929,2021-07-21 18:15:03,Owner-occupied,14,,100023336887,Energy Assessor,100
6e4fe22d1e96978f9915998a7133521f8ffaf558744e5fd43000303d9f58e36a,FLAT 66,ARLINGTON HOUSE,ARLINGTON STREET,SW1A 1RL,10001660583,C,C,73,75,Flat,Enclosed Mid-Terrace,2021-07-13,E09000033,E14000639,,2021-07-15,marketed sale,75,77,189,178,2.0,32,1.9,104,52,528,540,0,0,61.0,dual,Y,05,N,,,100,"double glazing, unknown install date",Normal,0,3,3,0,0,Community scheme,Very Good,Very Good,(another dwelling below),N/A,N/A,Fully double glazed,Average,Average,"System built, as built, no insulation (assumed)",Very Poor,Very Poor,None,N/A,N/A,(another dwelling above),N/A,N/A,"Air source heat pump, warm air, electric",Average,Good,Room thermostat only,Poor,Poor,No low energy lighting,Very Poor,Very Poor,electricity (not community),0,heated corridor,,2.7,0.0,N,natural,"FLAT 66, ARLINGTON HOUSE, ARLINGTON STREET",Westminster,Cities of London and Westminster,LONDON,England and Wales: 1950-1966,2021-07-15 16:00:48,Owner-occupied,11,,100022722269,Energy Assessor,100
39dfef4e69dd846ebf68977ed54cc791af2df88116c8fc72038d11d2f2e7b752,FLAT 8,25 WHITEHALL,,SW1A 2BS,10001699274,C,C,73,77,Flat,Mid-Terrace,2021-06-25,E09000033,E14000639,,2021-07-04,marketed sale,74,79,177,143,1.7,31,1.4,47,48,306,247,81,81,54.0,Single,Y,02,N,,,50,secondary glazing,Normal,0,3,3,100,0,From main system,Good,Good,(other premises below),N/A,N/A,Partial secondary glazing,Poor,Poor,"Solid brick, as built, no insulation (assumed)",Very Poor,Very Poor,None,N/A,N/A,(another dwelling above),N/A,N/A,"Boiler and radiators, mains gas",Good,Good,"Programmer, room thermostat and TRVs",Good,Good,Low energy lighting in all fixed outlets,Very Good,Very Good,mains gas (not community),0,heated corridor,,2.3,0.0,N,natural,"FLAT 8, 25 WHITEHALL",Westminster,Cities of London and Westminster,LONDON,England and Wales: 1930-1949,2021-07-04 19:44:23,Owner-occupied,7,,200002377362,Energy Assessor,100
906c13551475c538db20dc5ea31dcc946b031a647ee976926e22858916ad92d0,45 ST. JAMES'S PLACE,,,SW1A 1NS,10001513554,D,C,68,79,House,Mid-Terrace,2021-07-02,E09000033,E14000639,,2021-07-02,marketed sale,58,72,164,102,9.2,29,5.7,146,150,1544,1095,132,133,316.0,Single,Y,,,,,0,not defined,Normal,4,7,7,100,0,From main system,Good,Good,"Solid, no insulation (assumed)",N/A,N/A,Single glazed,Very Poor,Very Poor,"Solid brick, as built, no insulation (assumed)",Poor,Poor,None,N/A,N/A,"Pitched, insulated",Good,Good,"Boiler and radiators, mains gas",Good,Good,"Programmer, room thermostat and TRVs",Good,Good,Low energy lighting in all fixed outlets,Very Good,Very Good,mains gas (not community),0,,,2.6,0.0,N,natural,45 ST. JAMES'S PLACE,Westminster,Cities of London and Westminster,LONDON,England and Wales: before 1900,2021-07-02 18:37:58,Owner-occupied,96,,100022805141,Energy Assessor,100
fcd5e1173dd3dad48b6620e6cba84e09874773c24f553e79238a7dd6a6470435,FLAT 20,25 WHITEHALL,,SW1A 2BS,10001244936,D,C,58,74,Flat,End-Terrace,2021-05-28,E09000033,E14000639,,2021-05-31,marketed sale,50,71,264,152,4.9,47,2.8,133,88,823,470,102,103,106.0,Single,Y,05,Y,,,100,"double glazing, unknown install date",Normal,0,3,3,50,0,From main system,Good,Good,(another dwelling below),N/A,N/A,Fully double glazed,Average,Average,"Timber frame, as built, partial insulation (assumed)",Average,Average,None,N/A,N/A,"Flat, no insulation (assumed)",Very Poor,Very Poor,"Boiler and radiators, mains gas",Good,Good,"Programmer, room thermostat and TRVs",Good,Good,Low energy lighting in 50% of fixed outlets,Good,Good,mains gas (not community),0,unheated corridor,3.2,3.0,0.0,N,natural,"FLAT 20, 25 WHITEHALL",Westminster,Cities of London and Westminster,LONDON,England and Wales: 1950-1966,2021-05-31 22:52:45,Owner-occupied,8,,10033576782,Energy Assessor,100
813ef905adf9455c605015698bb5e896528f20a916c3690f4febcccb50132e2b,FLAT 3,73 ST JAMES'S STREET,LONDON,SW1A 1PH,10000561618,C,C,75,79,Flat,Mid-Terrace,2021-03-18,E09000033,E14000639,,2021-03-18,marketed sale,77,83,188,140,1.2,33,0.9,33,33,188,136,94,94,36.0,off-peak 7 hour,N,01,N,,,0,not defined,Normal,0,2,2,100,0,Community scheme,Good,Good,(another dwelling below),N/A,N/A,Single glazed,Very Poor,Very Poor,"Solid brick, with internal insulation",Very Good,Very Good,None,N/A,N/A,(another dwelling above),N/A,N/A,Community scheme,Good,Good,"Flat rate charging, no thermostatic control of room temperature",Very Poor,Very Poor,Low energy lighting in all fixed outlets,Very Good,Very Good,mains gas (community),0,heated corridor,,2.75,0.0,N,natural,"FLAT 3, 73 ST JAMES'S STREET, LONDON",Westminster,Cities of London and Westminster,LONDON,England and Wales: before 1900,2021-03-18 20:40:36,Owner-occupied,7,,100022805203,Energy Assessor,100
5d972005078ce3cdf9c99d1411ab0364bac8fa5266a829e8b442f63272d341f0,FLAT 2,5 ST JAMES'S STREET,LONDON,SW1A 1EF,10000497892,C,C,69,79,Flat,Mid-Terrace,2021-03-02,E09000033,E14000639,,2021-03-03,marketed sale,71,81,226,149,2.3,39,1.5,63,49,500,275,110,110,59.0,off-peak 10 hour,N,02,N,,,100,secondary glazing,Normal,0,2,2,70,0,Community scheme,Good,Very Good,(another dwelling below),N/A,N/A,Full secondary glazing,Good,Good,"Solid brick, as built, no insulation (assumed)",Very Poor,Very Poor,None,N/A,N/A,(another dwelling above),N/A,N/A,"Air source heat pump, warm air, electric",Average,Good,Programmer and room thermostat,Average,Average,Low energy lighting in 70% of fixed outlets,Very Good,Very Good,electricity (not community),0,heated corridor,,3.03,0.0,N,natural,"FLAT 2, 5 ST JAMES'S STREET, LONDON",Westminster,Cities of London and Westminster,LONDON,England and Wales: before 1900,2021-03-03 00:00:00,Owner-occupied,10,7,10033599675,Energy Assessor,100
5e794ac1e24ffaf545c0f78f694944a4509801e30a8d76fdc814aef3c6cd41fa,FLAT 65,3 WHITEHALL COURT,LONDON,SW1A 2EL,10000762912,C,C,76,78,Flat,Enclosed Mid-Terrace,2021-02-10,E09000033,E14000639,,2021-02-10,rental,74,75,163,153,2.9,29,2.8,162,81,312,323,213,213,103.0,off-peak 7 hour,N,01,N,,,100,secondary glazing,Normal,0,3,3,0,0,Community scheme,Good,Good,(another dwelling below),N/A,N/A,Full secondary glazing,Good,Good,"System built, as built, no insulation (assumed)",Very Poor,Very Poor,None,N/A,N/A,(another dwelling above),N/A,N/A,Community scheme,Good,Good,"Flat rate charging, TRVs",Average,Average,No low energy lighting,Very Poor,Very Poor,mains gas (community),0,heated corridor,,2.5,0.0,N,natural,"FLAT 65, 3 WHITEHALL COURT, LONDON",Westminster,Cities of London and Westminster,LONDON,England and Wales: 1900-1929,2021-02-10 00:00:00,Rented (private),10,0,100023337008,Energy Assessor,100
9b3cc7be24623c6d667c7f8903fedafc8865e7f150155e31f8c1427d8918b280,Apartment 1,Cleveland Court,,SW1A 1DH,10000781103,D,C,66,75,Maisonette,Semi-Detached,2021-01-20,E09000033,E14000639,,2021-01-20,marketed sale,57,69,168,118,14.0,29,9.6,324,203,2565,1916,132,132,466.0,off-peak 7 hour,N,01,N,,,100,"double glazing, unknown install date",Normal,0,11,11,41,0,Community scheme,Good,Good,(another dwelling below),N/A,N/A,Fully double glazed,Average,Average,"Solid brick, as built, no insulation (assumed)",Poor,Poor,None,N/A,N/A,(another dwelling above),N/A,N/A,Community scheme,Good,Good,"Charging system linked to use of community heating, programmer and at least two room thermostats",Good,Good,Low energy lighting in 41% of fixed outlets,Average,Average,mains gas (community),0,heated corridor,,3.91,0.0,N,"mechanical, extract only","Apartment 1, Cleveland Court",Westminster,Cities of London and Westminster,London,England and Wales: before 1900,2021-01-20 00:00:00,Owner-occupied,54,22,,,100
840b6edc346a7a9a348943747ed21446974bef6c2ac65557ea9c1ed1ba7e541e,FLAT 69A,3 WHITEHALL COURT,LONDON,SW1A 2EL,10000529831,C,B,72,81,Flat,Mid-Terrace,2020-11-26,E09000033,E14000639,,2020-11-26,rental,69,81,180,111,2.3,32,1.4,62,63,349,191,119,119,73.0,off-peak 10 hour,N,02,N,,,38,secondary glazing,Normal,0,3,3,100,0,Community scheme,Good,Good,(another dwelling below),N/A,N/A,Partial secondary glazing,Poor,Poor,"Solid brick, as built, no insulation (assumed)",Very Poor,Very Poor,None,N/A,N/A,(another dwelling above),N/A,N/A,Community scheme,Good,Good,"Flat rate charging, no thermostatic control of room temperature",Very Poor,Very Poor,Low energy lighting in all fixed outlets,Very Good,Very Good,mains gas (community),0,heated corridor,,3.25,0.0,N,natural,"FLAT 69A, 3 WHITEHALL COURT, LONDON",Westminster,Cities of London and Westminster,LONDON,England and Wales: before 1900,2020-11-26 00:00:00,Rented (private),15,15,100023337087,Energy Assessor,100
14f37743146ab2fd44f0a3ab7442df082a3950068dc944472d2bf1a5decec5f9,APARTMENT 3,5 ARLINGTON STREET,LONDON,SW1A 1RA,10000512002,E,D,44,65,Flat,Mid-Terrace,2020-10-14,E09000033,E14000639,,2020-10-20,rental,51,68,213,134,9.2,36,5.8,285,158,2894,1671,219,219,255.0,off-peak 10 hour,N,03,N,,,100,"double glazing, unknown install date",Normal,0,7,7,20,0,"Electric immersion, off-peak",Average,Poor,(another dwelling below),N/A,N/A,Fully double glazed,Average,Average,"Solid brick, as built, no insulation (assumed)",Very Poor,Very Poor,None,N/A,N/A,(another dwelling above),N/A,N/A,Electric underfloor heating,Very Poor,Very Poor,Time and temperature zone control,Very Good,Very Good,Low energy lighting in 20% of fixed outlets,Poor,Poor,electricity (not community),0,heated corridor,,3.12,0.0,N,natural,"APARTMENT 3, 5 ARLINGTON STREET, LONDON",Westminster,Cities of London and Westminster,LONDON,England and Wales: before 1900,2020-10-20 00:00:00,Owner-occupied,80,16,10033617164,Energy Assessor,100
9408606f30ec319e1c880e421841def160479923fdc1c098b856ba28c54dcd15,FLAT 2,73 ST JAMES'S STREET,LONDON,SW1A 1PH,10000498547,E,C,49,79,Flat,Mid-Terrace,2020-10-15,E09000033,E14000639,,2020-10-20,rental,54,72,305,183,4.9,52,2.9,90,100,1448,423,126,126,94.0,off-peak 7 hour,N,01,N,,,80,triple glazing,Normal,0,3,3,86,0,Community scheme,Good,Very Good,(another dwelling below),N/A,N/A,Mostly triple glazing,Good,Good,"Solid brick, as built, no insulation (assumed)",Very Poor,Very Poor,None,N/A,N/A,(another dwelling above),N/A,N/A,"Room heaters, electric",Very Poor,Poor,No thermostatic control of room temperature,Poor,Poor,Low energy lighting in 86% of fixed outlets,Very Good,Very Good,electricity (not community),0,unheated corridor,5.287,2.79,0.0,N,natural,"FLAT 2, 73 ST JAMES'S STREET, LONDON",Westminster,Cities of London and Westminster,LONDON,England and Wales: 1930-1949,2020-10-20 00:00:00,Rented (private),7,6,100022805202,Energy Assessor,100
a2501bdebab993cb191b3dbdf69c28598767ba15d9784c23700805c3941bfeba,"2, Marlborough Road",St. James's Palace,,SW1A 1BG,7139756478,E,D,52,67,Flat,Mid-Terrace,2020-09-15,E09000033,E14000639,,2020-09-28,rental,46,65,369,228,3.4,65,2.1,62,46,615,386,82,82,52.0,off-peak 7 hour,Y,00,N,,,100,secondary glazing,Normal,1,3,3,64,1,From main system,Good,Good,"Suspended, no insulation (assumed)",N/A,N/A,Full secondary glazing,Good,Good,"Solid brick, as built, no insulation (assumed)",Very Poor,Very Poor,"Room heaters, mains gas",N/A,N/A,"Flat, insulated",Average,Average,"Boiler and radiators, mains gas",Good,Good,"Programmer, room thermostat and TRVs",Good,Good,Low energy lighting in 64% of fixed outlets,Good,Good,mains gas (not community),0,no corridor,,2.9,0.0,N,natural,"2, Marlborough Road, St. James's Palace",Westminster,Cities of London and Westminster,LONDON,England and Wales: before 1900,2020-09-28 00:00:00,Rented (private),14,9,10033603185,Address Matched,100
373930175812020082519212221200168,Flat 27,"73, St. James's Street",,SW1A 1PH,1844518668,E,D,49,65,Flat,Enclosed Mid-Terrace,2020-08-25,E09000033,E14000639,Greater London Authority,2020-08-25,rental (private),54,69,481,326,2.7,81,1.8,31,31,389,76,549,549,33.0,Unknown,N,4th,N,,2602,0,not defined,Less Than Typical,0,2,2,100,0,No system present: electric immersion assumed,Very Poor,Poor,(another dwelling below),NO DATA!,N/A,Single glazed,Very Poor,Very Poor,"Solid brick, as built, no insulation (assumed)",Poor,Poor,None,N/A,N/A,(another dwelling above),N/A,N/A,"Room heaters, electric",Very Poor,Poor,Appliance thermostats,Good,Good,Low energy lighting in all fixed outlets,Very Good,Very Good,electricity (not community),0,no corridor,,,,N,natural,"Flat 27, 73, St. James's Street",Westminster,Cities of London and Westminster,LONDON,England and Wales: 1900-1929,2020-08-25 19:21:22,rental (private),,,100022805223,Address Matched,100
1819481318032020082017514506978406,Apartment 22,Friary Court,St. James's Palace,SW1A 1BJ,1626461778,D,C,62,73,Flat,Enclosed End-Terrace,2020-08-19,E09000033,E14000639,Greater London Authority,2020-08-20,rental (private),62,75,261,170,2.3,46,1.5,44,45,495,318,74,75,51.0,Unknown,Y,Ground,N,,2106,0,not defined,Normal,0,2,2,100,0,From main system,Good,Good,"Solid, no insulation (assumed)",NO DATA!,N/A,Single glazed,Very Poor,Very Poor,"Solid brick, as built, no insulation (assumed)",Very Poor,Very Poor,"Room heaters, electric",N/A,N/A,"Flat, insulated",Good,Good,"Boiler and radiators, mains gas",Good,Good,"Programmer, room thermostat and TRVs",Good,Good,Low energy lighting in all fixed outlets,Very Good,Very Good,mains gas (not community),0,no corridor,,,,N,natural,"Apartment 22, Friary Court, St. James's Palace",Westminster,Cities of London and Westminster,LONDON,England and Wales: before 1900,2020-08-20 17:51:45,rental (private),,,10033523734,Address Matched,100
1785299872762020080211591119508600,Flat 1,"24, St. James's Place",,SW1A 1NH,0193719678,E,E,53,53,Maisonette,Semi-Detached,2020-07-30,E09000033,E14000639,Greater London Authority,2020-08-02,marketed sale,50,50,226,224,8.2,38,8.1,196,132,1892,1924,259,259,214.0,dual,N,1st,N,,2110,100,double glazing installed before 2002,Normal,0,6,6,52,0,From main system,Poor,Poor,(another dwelling below),NO DATA!,N/A,Fully double glazed,Average,Average,"System built, as built, no insulation (assumed)",Very Poor,Very Poor,None,N/A,N/A,(another dwelling above),N/A,N/A,"Boiler and underfloor heating, electric",Very Poor,Very Poor,Time and temperature zone control,Very Good,Very Good,Low energy lighting in 52% of fixed outlets,Good,Good,electricity (not community),0,heated corridor,,,,N,natural,"Flat 1, 24, St. James's Place",Westminster,Cities of London and Westminster,LONDON,England and Wales: 1950-1966,2020-08-02 11:59:11,owner-occupied,,,100022805112,Address Matched,100
1249093412962020071614510870068660,Tower Three,3-4 Whitehall Court,,SW1A 2EL,6770190378,D,C,63,70,Maisonette,End-Terrace,2020-07-16,E09000033,E14000639,Greater London Authority,2020-07-16,rental,58,68,212,162,4.4,37,3.4,89,89,771,583,130,130,117.0,Single,Y,8th,Y,,2106,,not defined,Much More Than Typical,2,2,2,100,0,Community scheme,Good,Good,(another dwelling below),NO DATA!,N/A,Mostly multiple glazing,Average,Average,"Solid brick, as built, no insulation (assumed)",Very Poor,Very Poor,None,N/A,N/A,"Pitched, 150 mm loft insulation",Good,Good,"Boiler and radiators, mains gas",Good,Good,"Programmer, room thermostat and TRVs",Good,Good,Low energy lighting in all fixed outlets,Very Good,Very Good,mains gas (not community),0,heated corridor,,,,N,natural,"Tower Three, 3-4 Whitehall Court",Westminster,Cities of London and Westminster,LONDON,England and Wales: before 1900,2020-07-16 14:51:08,owner-occupied,,,10033589092,Address Matched,100
1746642332402020071417502363609648,Flat 11,"73, St. James's Street",,SW1A 1PH,2417436678,E,B,51,83,Flat,Enclosed Mid-Terrace,2020-07-14,E09000033,E14000639,Greater London Authority,2020-07-14,marketed sale,56,82,279,115,2.9,48,1.2,105,59,759,129,112,112,61.0,Unknown,N,2nd,N,,2699,0,not defined,Normal,0,2,0,0,0,Community scheme,Good,Good,(another dwelling below),NO DATA!,N/A,Single glazed,Very Poor,Very Poor,"Solid brick, as built, no insulation (assumed)",Very Poor,Very Poor,None,N/A,N/A,(another dwelling above),N/A,N/A,No system present: electric heaters assumed,Very Poor,Poor,None,Very Poor,Very Poor,No low energy lighting,Very Poor,Very Poor,To be used only when there is no heating/hot-water system,0,heated corridor,,,,N,natural,"Flat 11, 73, St. James's Street",Westminster,Cities of London and Westminster,LONDON,England and Wales: before 1900,2020-07-14 17:50:23,owner-occupied,,,100022805209,Address Matched,100
1806819626032020070307205012278407,Flat 5/E,Arlington House,Arlington Street,SW1A 1RJ,2732470778,D,D,61,61,Flat,Mid-Terrace,2020-06-25,E09000033,E14000639,Greater London Authority,2020-07-03,rental (private),57,57,434,434,2.5,77,2.5,37,37,413,413,95,95,32.0,Unknown,Y,5th,N,,2307,100,"double glazing, unknown install date",Normal,0,1,1,75,0,Community scheme,Good,Good,(another dwelling below),NO DATA!,N/A,Fully double glazed,Average,Average,"System built, as built, no insulation (assumed)",Very Poor,Very Poor,None,N/A,N/A,(another dwelling above),N/A,N/A,Community scheme,Good,Good,"Flat rate charging, TRVs",Average,Average,Low energy lighting in 75% of fixed outlets,Very Good,Very Good,mains gas (community),0,heated corridor,,,,N,natural,"Flat 5/E, Arlington House, Arlington Street",Westminster,Cities of London and Westminster,LONDON,England and Wales: 1930-1949,2020-07-03 07:20:50,rental (private),,,,,100
474424976032020061616303630968608,Flat 1,"25, Whitehall",,SW1A 2BS,7840615768,C,C,71,80,Flat,Semi-Detached,2020-06-16,E09000033,E14000639,Greater London Authority,2020-06-16,marketed sale,72,84,198,118,1.7,35,1.0,67,43,299,180,85,86,50.0,Unknown,Y,2nd,N,,2106,100,secondary glazing,Normal,0,2,2,43,0,From main system,Good,Good,(another dwelling below),NO DATA!,N/A,Full secondary glazing,Good,Good,"Solid brick, as built, no insulation (assumed)",Very Poor,Very Poor,None,N/A,N/A,(another dwelling above),N/A,N/A,"Boiler and radiators, mains gas",Good,Good,"Programmer, room thermostat and TRVs",Good,Good,Low energy lighting in 43% of fixed outlets,Average,Average,mains gas (not community),0,heated corridor,,,,N,natural,"Flat 1, 25, Whitehall",Westminster,Cities of London and Westminster,LONDON,England and Wales: 1930-1949,2020-06-16 16:30:36,owner-occupied,,,200002372585,Address Matched,100
1802963005452020061222551424900672,Flat 121,"4, Whitehall Court",,SW1A 2EP,6231540778,C,B,72,81,Flat,Mid-Terrace,2020-06-12,E09000033,E14000639,Greater London Authority,2020-06-12,marketed sale,68,81,194,118,3.8,34,2.3,127,86,564,324,130,130,111.0,Unknown,N,3rd,N,,2301,70,"double glazing, unknown install date",Normal,0,3,3,50,0,Community scheme,Good,Good,(another dwelling below),NO DATA!,N/A,Partial double glazing,Poor,Poor,"Solid brick, as built, no insulation (assumed)",Very Poor,Very Poor,None,N/A,N/A,(another dwelling above),N/A,N/A,Community scheme,Good,Good,"Flat rate charging, no thermostatic control of room temperature",Very Poor,Very Poor,Low energy lighting in 50% of fixed outlets,Good,Good,mains gas (community),0,heated corridor,0.0,,,N,natural,"Flat 121, 4, Whitehall Court",Westminster,Cities of London and Westminster,LONDON,England and Wales: before 1900,2020-06-12 22:55:14,owner-occupied,,,100023337058,Address Matched,100
1079896240152020042816323020200015,Flat 55,"3, Whitehall Court",,SW1A 2EL,0587009178,C,B,74,82,Flat,Mid-Terrace,2020-04-28,E09000033,E14000639,Greater London Authority,2020-04-28,rental (private),68,80,179,111,4.9,32,3.0,102,105,753,422,144,144,154.0,Single,Y,Ground,N,,2307,0,not defined,Normal,0,4,4,100,0,Community scheme,Good,Good,"Solid, no insulation (assumed)",NO DATA!,N/A,Single glazed,Very Poor,Very Poor,"Solid brick, as built, no insulation (assumed)",Very Poor,Very Poor,None,N/A,N/A,(another dwelling above),N/A,N/A,Community scheme,Good,Good,"Flat rate charging, TRVs",Average,Average,Low energy lighting in all fixed outlets,Very Good,Very Good,mains gas (community),0,no corridor,,,,N,natural,"Flat 55, 3, Whitehall Court",Westminster,Cities of London and Westminster,LONDON,England and Wales: 1900-1929,2020-04-28 16:32:30,rental (private),,,10033558056,Address Matched,100
574550832542020020411051084200548,Flat F,"1-3, Spring Gardens",,SW1A 2BB,9515832868,D,C,55,80,Flat,Mid-Terrace,2020-02-04,E09000033,E14000639,Greater London Authority,2020-02-04,marketed sale,51,69,353,219,3.1,60,1.9,47,55,602,200,186,141,51.0,Unknown,N,2nd,N,,2602,100,double glazing installed before 2002,Normal,0,3,3,88,0,"Electric immersion, off-peak",Poor,Poor,(another dwelling below),NO DATA!,N/A,Fully double glazed,Average,Average,"Solid brick, as built, no insulation (assumed)",Very Poor,Very Poor,None,N/A,N/A,(another dwelling above),N/A,N/A,"Room heaters, electric",Very Poor,Poor,Appliance thermostats,Good,Good,Low energy lighting in 88% of fixed outlets,Very Good,Very Good,electricity (not community),0,heated corridor,,,,N,natural,"Flat F, 1-3, Spring Gardens",Westminster,Cities of London and Westminster,LONDON,England and Wales: 1900-1929,2020-02-04 11:05:10,owner-occupied,,,10033564789,Address Matched,100
883847032062020011000015815138840,Flat A,6 Arlington Street,,SW1A 1RE,4179305078,C,C,78,78,Flat,End-Terrace,2020-01-07,E09000033,E14000639,Greater London Authority,2020-01-10,marketed sale,78,78,139,139,2.4,25,2.4,78,78,389,389,102,102,99.0,Single,Y,5th,Y,,2105,100,double glazing installed during or after 2002,Normal,0,3,3,100,0,From main system,Good,Good,(another dwelling below),NO DATA!,N/A,Fully double glazed,Good,Good,"Timber frame, with additional insulation",Good,Good,None,N/A,N/A,"Flat, insulated",Average,Average,"Boiler and underfloor heating, mains gas",Good,Good,Programmer and at least two room thermostats,Good,Good,Low energy lighting in all fixed outlets,Very Good,Very Good,mains gas (not community),0,unheated corridor,3.85,,,N,natural,"Flat A, 6 Arlington Street",Westminster,Cities of London and Westminster,LONDON,England and Wales: 1950-1966,2020-01-10 00:01:58,owner-occupied,,,100022722196,Address Matched,100
420092762022020010813283521388290,Flat J,1-3 Spring Gardens,,SW1A 2BB,9256631768,E,D,40,66,Flat,Mid-Terrace,2020-01-08,E09000033,E14000639,Greater London Authority,2020-01-08,rental (private),42,65,419,237,6.1,71,3.4,81,81,1480,727,228,189,86.0,dual,N,3rd,Y,,2504,100,"double glazing, unknown install date",Normal,0,3,3,80,0,"Electric immersion, off-peak",Poor,Poor,(another dwelling below),NO DATA!,N/A,Fully double glazed,Average,Average,"Solid brick, as built, no insulation (assumed)",Very Poor,Very Poor,None,N/A,N/A,"Pitched, no insulation (assumed)",Very Poor,Very Poor,"Air source heat pump, warm air, electric",Average,Good,Programmer and room thermostat,Average,Average,Low energy lighting in 80% of fixed outlets,Very Good,Very Good,electricity (not community),0,heated corridor,,,,N,natural,"Flat J, 1-3 Spring Gardens",Westminster,Cities of London and Westminster,LONDON,England and Wales: 1900-1929,2020-01-08 13:28:35,rental (private),,,10033575879,Address Matched,100
1774488079722019123015525908608981,Flat 129,"4, Whitehall Court",,SW1A 2EP,8035738678,D,C,66,80,Flat,Mid-Terrace,2019-12-30,E09000033,E14000639,Greater London Authority,2019-12-30,rental (private),59,80,266,130,4.2,47,2.0,107,70,635,282,124,124,89.0,Single,N,4th,N,,2307,0,not defined,Normal,0,2,2,43,0,Community scheme,Good,Good,(another dwelling below),NO DATA!,N/A,Single glazed,Very Poor,Very Poor,"Sandstone or limestone, as built, no insulation (assumed)",Very Poor,Very Poor,None,N/A,N/A,(another dwelling above),N/A,N/A,Community scheme,Good,Good,"Flat rate charging, TRVs",Average,Average,Low energy lighting in 43% of fixed outlets,Average,Average,mains gas (community),0,unheated corridor,0.95,,,N,natural,"Flat 129, 4, Whitehall Court",Westminster,Cities of London and Westminster,LONDON,England and Wales: before 1900,2019-12-30 15:52:59,rental (private),,,100023337063,Address Matched,100
1649056166252019121202235492980754,27b St James's Palace,,,SW1A 1BJ,7423629578,E,C,52,72,Flat,End-Terrace,2018-06-18,E09000033,E14000639,Greater London Authority,2019-12-12,rental (private),44,68,296,159,5.5,52,3.0,116,79,931,484,110,112,105.0,Unknown,Y,Ground,N,,2111,0,not defined,Normal,1,3,2,50,2,From main system,Good,Good,"Solid, no insulation (assumed)",NO DATA!,N/A,Single glazed,Very Poor,Very Poor,"Solid brick, as built, no insulation (assumed)",Very Poor,Very Poor,"Room heaters, mains gas",N/A,N/A,(another dwelling above),N/A,N/A,"Boiler and radiators, mains gas",Good,Good,TRVs and bypass,Average,Average,Low energy lighting in 50% of fixed outlets,Good,Good,mains gas (not community),0,no corridor,,,,N,natural,27b St James's Palace,Westminster,Cities of London and Westminster,LONDON,England and Wales: before 1900,2019-12-12 02:23:54,rental (private),,,,,100
1649361289962019121202292139718268,"29a, Marlborough Road",St. James's Palace,,SW1A 1BG,6332829578,D,C,66,78,Maisonette,Mid-Terrace,2018-06-19,E09000033,E14000639,Greater London Authority,2019-12-12,rental (private),59,75,162,99,10.0,28,6.4,219,164,2021,1194,131,132,366.0,Single,Y,Ground,N,,2106,39,secondary glazing,Normal,3,8,8,65,0,From main system,Good,Good,"Solid, no insulation (assumed)",NO DATA!,N/A,Partial secondary glazing,Poor,Poor,"Solid brick, as built, no insulation (assumed)",Very Poor,Very Poor,"Room heaters, electric",N/A,N/A,(another dwelling above),N/A,N/A,"Boiler and radiators, mains gas",Good,Good,"Programmer, room thermostat and TRVs",Good,Good,Low energy lighting in 65% of fixed outlets,Good,Good,mains gas (not community),0,unheated corridor,5.46,,,N,natural,"29a, Marlborough Road, St. James's Palace",Westminster,Cities of London and Westminster,LONDON,England and Wales: before 1900,2019-12-12 02:29:21,rental (private),,,10033557824,Address Matched,100
883847039022019100316525315528741,Flat A,6 Arlington Street,,SW1A 1RE,4179305078,E,D,51,68,Flat,End-Terrace,2019-10-02,E09000033,E14000639,Greater London Authority,2019-10-03,marketed sale,42,63,378,233,6.6,67,4.0,101,76,1122,676,109,109,98.0,Single,Y,5th,Y,,2105,100,"double glazing, unknown install date",Normal,0,3,3,67,0,From main system,Good,Good,(another dwelling below),NO DATA!,N/A,Fully double glazed,Average,Average,"Timber frame, as built, no insulation (assumed)",Very Poor,Very Poor,None,N/A,N/A,"Flat, no insulation (assumed)",Very Poor,Very Poor,"Boiler and underfloor heating, mains gas",Good,Good,Programmer and at least two room thermostats,Good,Good,Low energy lighting in 67% of fixed outlets,Good,Good,mains gas (not community),0,heated corridor,,,,N,natural,"Flat A, 6 Arlington Street",Westminster,Cities of London and Westminster,LONDON,England and Wales: before 1900,2019-10-03 16:52:53,owner-occupied,,,100022722196,Address Matched,100
116674289002019091016082540819368,Flat 12,"25, Whitehall",,SW1A 2BS,1065388468,D,C,57,79,Flat,End-Terrace,2019-05-16,E09000033,E14000639,Greater London Authority,2019-09-10,rental (private),50,80,287,120,3.9,51,1.6,118,62,615,226,129,138,77.0,Unknown,Y,4th,N,,2107,0,not defined,Normal,0,3,3,5,0,From main system,Good,Good,(another dwelling below),NO DATA!,N/A,Single glazed,Very Poor,Very Poor,"Solid brick, as built, no insulation (assumed)",Very Poor,Very Poor,None,N/A,N/A,(another dwelling above),N/A,N/A,"Boiler and radiators, mains gas",Good,Good,"Programmer, TRVs and bypass",Average,Average,Low energy lighting in 5% of fixed outlets,Very Poor,Very Poor,mains gas (not community),0,unheated corridor,5.56,,,N,natural,"Flat 12, 25, Whitehall",Westminster,Cities of London and Westminster,LONDON,England and Wales: before 1900,2019-09-10 16:08:25,rental (private),,,200002374713,Address Matched,100
375263884312019082813174392210465,Flat 18,"73, St. James's Street",,SW1A 1PH,4587428668,D,B,62,81,Flat,Mid-Terrace,2019-08-28,E09000033,E14000639,Greater London Authority,2019-08-28,rental,66,79,220,137,2.2,38,1.4,57,63,531,165,110,110,60.0,Single,N,3rd,N,,2602,83,secondary glazing,Normal,0,2,2,83,0,Community scheme,Good,Good,(another dwelling below),NO DATA!,N/A,Mostly secondary glazing,Average,Average,"Solid brick, as built, no insulation (assumed)",Very Poor,Very Poor,None,N/A,N/A,(another dwelling above),N/A,N/A,"Room heaters, electric",Very Poor,Poor,Appliance thermostats,Good,Good,Low energy lighting in 83% of fixed outlets,Very Good,Very Good,electricity (not community),0,heated corridor,,,,N,natural,"Flat 18, 73, St. James's Street",Westminster,Cities of London and Westminster,LONDON,England and Wales: 1900-1929,2019-08-28 13:17:43,owner-occupied,,,100022805215,Address Matched,100
1742768009042019081517212160610018,Flat 60 Arlington House,Arlington Street,,SW1A 1RL,6086606678,C,C,74,76,Flat,Mid-Terrace,2019-08-09,E09000033,E14000639,Greater London Authority,2019-08-15,marketed sale,70,71,139,131,4.1,24,3.8,210,105,556,572,132,132,167.0,Unknown,N,4th,N,,2311,100,"double glazing, unknown install date",Normal,0,4,4,0,0,Community scheme,Good,Good,(another dwelling below),NO DATA!,N/A,Fully double glazed,Average,Average,"System built, as built, no insulation (assumed)",Very Poor,Very Poor,None,N/A,N/A,(another dwelling above),N/A,N/A,Community scheme,Good,Good,"Flat rate charging, programmer and at least two room thermostats",Average,Average,No low energy lighting,Very Poor,Very Poor,mains gas (community),0,heated corridor,,,,N,natural,"Flat 60 Arlington House, Arlington Street",Westminster,Cities of London and Westminster,LONDON,England and Wales: 1930-1949,2019-08-15 17:21:21,owner-occupied,,,10033529115,Address Matched,100
332333098132019081411490737968305,Flat 20,"73, St. James's Street",,SW1A 1PH,9597325668,C,B,70,82,Flat,Mid-Terrace,2019-08-14,E09000033,E14000639,Greater London Authority,2019-08-14,marketed sale,88,94,86,44,0.9,15,0.5,99,51,376,183,106,106,62.0,Single,Y,3rd,N,,2312,0,not defined,Normal,0,2,2,0,0,Community scheme,Good,Very Good,(another dwelling below),NO DATA!,N/A,Single glazed,Very Poor,Very Poor,"Solid brick, as built, no insulation (assumed)",Very Poor,Very Poor,None,N/A,N/A,(another dwelling above),N/A,N/A,Community scheme,Good,Very Good,"Charging system linked to use of community heating, programmer and at least two room thermostats",Good,Good,No low energy lighting,Very Poor,Very Poor,mains gas (community),0,unheated corridor,6.49,,,N,natural,"Flat 20, 73, St. James's Street",Westminster,Cities of London and Westminster,LONDON,England and Wales: before 1900,2019-08-14 11:49:07,owner-occupied,,,100022805217,Address Matched,100
1736894213132019072217274339978506,Flat 96/B,"3, Whitehall Court",,SW1A 2EL,1619565678,F,E,29,53,Flat,Mid-Terrace,2019-07-12,E09000033,E14000639,Greater London Authority,2019-07-22,marketed sale,5,24,451,284,39.0,129,25.0,288,148,4575,2883,136,136,303.0,Single,Y,8th,N,,2301,0,not defined,Normal,1,5,4,0,2,Community scheme,Good,Poor,(another dwelling below),NO DATA!,N/A,Single glazed,Very Poor,Very Poor,"Solid brick, as built, no insulation (assumed)",Very Poor,Very Poor,"Room heaters, dual fuel (mineral and wood)",N/A,N/A,"Pitched, no insulation (assumed)",Very Poor,Very Poor,Community scheme,Good,Poor,"Flat rate charging, no thermostatic control of room temperature",Very Poor,Very Poor,No low energy lighting,Very Poor,Very Poor,oil (community),0,heated corridor,,,,N,natural,"Flat 96/B, 3, Whitehall Court",Westminster,Cities of London and Westminster,LONDON,England and Wales: before 1900,2019-07-22 17:27:43,owner-occupied,,,10033526243,Address Matched,100
496965550812019051602430398910373,Flat 140-141,4 Whitehall Court,,SW1A 2EP,3352086768,C,B,73,84,Flat,Mid-Terrace,2019-05-15,E09000033,E14000639,Greater London Authority,2019-05-16,rental,66,83,182,94,5.8,32,3.0,199,101,853,421,132,132,180.0,Single,Y,6th,N,,2305,40,secondary glazing,More Than Typical,0,6,6,0,0,Community scheme,Good,Good,(another dwelling below),NO DATA!,N/A,Partial secondary glazing,Poor,Poor,"Granite or whinstone, as built, no insulation (assumed)",Very Poor,Very Poor,None,N/A,N/A,(another dwelling above),N/A,N/A,Community scheme,Good,Good,"Flat rate charging, programmer and TRVs",Average,Average,No low energy lighting,Very Poor,Very Poor,mains gas (community),0,heated corridor,,,,N,natural,"Flat 140-141, 4 Whitehall Court",Westminster,Cities of London and Westminster,LONDON,England and Wales: before 1900,2019-05-16 02:43:03,owner-occupied,,,100023620179,Address Matched,100
418196554132019041910483386968307,Flat 1,"39, Whitehall",,SW1A 2BX,5786321768,D,C,62,74,Flat,Mid-Terrace,2019-04-17,E09000033,E14000639,Greater London Authority,2019-04-19,rental (private),41,58,636,422,3.0,108,2.0,32,32,388,231,128,110,28.0,dual,N,1st,N,,2401,100,secondary glazing,Normal,0,1,1,83,0,"Electric immersion, off-peak",Average,Poor,(other premises below),NO DATA!,N/A,Full secondary glazing,Good,Good,"Granite or whinstone, as built, no insulation (assumed)",Very Poor,Very Poor,"Room heaters, electric",N/A,N/A,(another dwelling above),N/A,N/A,Electric storage heaters,Average,Very Poor,Manual charge control,Poor,Poor,Low energy lighting in 83% of fixed outlets,Very Good,Very Good,electricity (not community),0,unheated corridor,11.23,,,N,natural,"Flat 1, 39, Whitehall",Westminster,Cities of London and Westminster,LONDON,England and Wales: before 1900,2019-04-19 10:48:33,rental (private),,,10033596102,Address Matched,100
514921669922019041911024488438001,Flat 5,"39, Whitehall",,SW1A 2BX,0874608768,E,C,48,79,Flat,Mid-Terrace,2019-04-17,E09000033,E14000639,Greater London Authority,2019-04-19,rental (private),26,68,785,286,4.6,133,1.7,32,32,660,152,134,134,34.0,dual,N,2nd,Y,,2401,100,secondary glazing,Normal,0,2,2,100,0,"Electric immersion, off-peak",Average,Poor,(another dwelling below),NO DATA!,N/A,Full secondary glazing,Good,Good,"Granite or whinstone, as built, no insulation (assumed)",Very Poor,Very Poor,"Room heaters, electric",N/A,N/A,"Flat, no insulation (assumed)",Very Poor,Very Poor,Electric storage heaters,Average,Very Poor,Manual charge control,Poor,Poor,Low energy lighting in all fixed outlets,Very Good,Very Good,electricity (not community),0,unheated corridor,5.56,,,N,natural,"Flat 5, 39, Whitehall",Westminster,Cities of London and Westminster,LONDON,England and Wales: before 1900,2019-04-19 11:02:44,rental (private),,,10033596106,Address Matched,100
514976809242019041910352675819238,Flat 2,"39, Whitehall",,SW1A 2BX,6264608768,E,C,49,70,Flat,Mid-Terrace,2019-04-17,E09000033,E14000639,Greater London Authority,2019-04-19,rental,27,51,726,411,4.7,123,2.7,35,35,678,322,138,138,38.0,dual,N,1st,N,,2401,75,secondary glazing,Normal,0,2,2,100,0,"Electric immersion, off-peak",Average,Poor,(other premises below),NO DATA!,N/A,Partial secondary glazing,Average,Average,"Granite or whinstone, as built, no insulation (assumed)",Very Poor,Very Poor,"Room heaters, electric",N/A,N/A,(another dwelling above),N/A,N/A,Electric storage heaters,Average,Very Poor,Manual charge control,Poor,Poor,Low energy lighting in all fixed outlets,Very Good,Very Good,electricity (not community),0,unheated corridor,8.93,,,N,natural,"Flat 2, 39, Whitehall",Westminster,Cities of London and Westminster,LONDON,England and Wales: before 1900,2019-04-19 10:35:26,owner-occupied,,,10033596103,Address Matched,100
187944559852019041719265990910558,Flat 4,"39, Whitehall",,SW1A 2BX,5898904568,E,B,47,81,Flat,Mid-Terrace,2019-04-17,E09000033,E14000639,Greater London Authority,2019-04-17,rental,25,71,739,237,5.0,125,1.6,36,36,727,155,140,118,40.0,dual,N,3rd,Y,,2401,75,secondary glazing,Normal,0,2,2,100,0,"Electric immersion, off-peak",Average,Poor,(another dwelling below),NO DATA!,N/A,Partial secondary glazing,Average,Average,"Granite or whinstone, as built, no insulation (assumed)",Very Poor,Very Poor,"Room heaters, electric",N/A,N/A,"Flat, no insulation (assumed)",Very Poor,Very Poor,Electric storage heaters,Average,Very Poor,Manual charge control,Poor,Poor,Low energy lighting in all fixed outlets,Very Good,Very Good,electricity (not community),0,unheated corridor,7.53,,,N,natural,"Flat 4, 39, Whitehall",Westminster,Cities of London and Westminster,LONDON,England and Wales: before 1900,2019-04-17 19:26:59,owner-occupied,,,10033596105,Address Matched,100
187944599962019041719522684138651,Flat 4,"39, Whitehall",,SW1A 2BX,5898904568,F,B,34,82,Flat,Mid-Terrace,2019-04-17,E09000033,E14000639,Greater London Authority,2019-04-17,rental,35,73,593,218,4.0,100,1.5,32,36,875,133,164,118,40.0,dual,N,3rd,Y,,2603,75,secondary glazing,Normal,0,2,2,100,0,"Electric immersion, off-peak",Poor,Poor,(another dwelling below),NO DATA!,N/A,Partial secondary glazing,Average,Average,"Granite or whinstone, as built, no insulation (assumed)",Very Poor,Very Poor,"Room heaters, electric",N/A,N/A,"Flat, no insulation (assumed)",Very Poor,Very Poor,"Room heaters, electric",Very Poor,Poor,Programmer and appliance thermostats,Good,Good,Low energy lighting in all fixed outlets,Very Good,Very Good,electricity (not community),0,unheated corridor,7.53,,,N,natural,"Flat 4, 39, Whitehall",Westminster,Cities of London and Westminster,LONDON,England and Wales: before 1900,2019-04-17 19:52:26,owner-occupied,,,10033596105,Address Matched,100
188363364132019041719375640968009,Flat 3,"39, Whitehall",,SW1A 2BX,6910014568,D,C,58,73,Flat,Mid-Terrace,2019-04-17,E09000033,E14000639,Greater London Authority,2019-04-17,rental,36,56,567,351,3.8,96,2.4,36,36,524,289,140,118,40.0,dual,N,1st,N,,2401,75,secondary glazing,Normal,0,2,2,100,0,"Electric immersion, off-peak",Average,Poor,(other premises below),NO DATA!,N/A,Partial secondary glazing,Average,Average,"Granite or whinstone, as built, no insulation (assumed)",Very Poor,Very Poor,"Room heaters, electric",N/A,N/A,(another dwelling above),N/A,N/A,Electric storage heaters,Average,Very Poor,Manual charge control,Poor,Poor,Low energy lighting in all fixed outlets,Very Good,Very Good,electricity (not community),0,unheated corridor,7.53,,,N,natural,"Flat 3, 39, Whitehall",Westminster,Cities of London and Westminster,LONDON,England and Wales: before 1900,2019-04-17 19:37:56,owner-occupied,,,10033596104,Address Matched,100
231147623012019041501110594910954,Flat 9,"25, Whitehall",,SW1A 2BS,9490348568,C,B,70,81,Flat,End-Terrace,2019-04-12,E09000033,E14000639,Greater London Authority,2019-04-15,marketed sale,69,83,215,115,2.8,38,1.5,114,58,446,242,96,97,74.0,Single,Y,2nd,N,,2106,50,secondary glazing,Normal,0,3,3,0,0,From main system,Good,Good,(another dwelling below),NO DATA!,N/A,Partial secondary glazing,Poor,Poor,"Solid brick, as built, no insulation (assumed)",Very Poor,Very Poor,None,N/A,N/A,(another dwelling above),N/A,N/A,"Boiler and radiators, mains gas",Good,Good,"Programmer, room thermostat and TRVs",Good,Good,No low energy lighting,Very Poor,Very Poor,mains gas (not community),0,unheated corridor,9.5,,,N,natural,"Flat 9, 25, Whitehall",Westminster,Cities of London and Westminster,LONDON,England and Wales: 1900-1929,2019-04-15 01:11:05,owner-occupied,,,200002415848,Address Matched,100
29929969902019030808472357110138,Flat L,"1-3, Spring Gardens",,SW1A 2BB,5967161568,C,C,71,73,Maisonette,Mid-Terrace,2019-03-07,E09000033,E14000639,Greater London Authority,2019-03-08,rental,74,76,151,140,2.4,25,2.2,84,84,330,330,373,315,95.0,Single,N,3rd,Y,,2506,100,"double glazing, unknown install date",Normal,0,3,3,86,0,"Electric immersion, standard tariff",Very Poor,Poor,(another dwelling below),NO DATA!,N/A,Fully double glazed,Average,Average,"Solid brick, as built, insulated (assumed)",Good,Good,None,N/A,N/A,"Flat, insulated (assumed)",Average,Average,"Air source heat pump, warm air, electric",Poor,Good,Time and temperature zone control,Very Good,Very Good,Low energy lighting in 86% of fixed outlets,Very Good,Very Good,electricity (not community),0,heated corridor,,,,N,natural,"Flat L, 1-3, Spring Gardens",Westminster,Cities of London and Westminster,LONDON,England and Wales: 1996-2002,2019-03-08 08:47:23,owner-occupied,,,10033575880,Address Matched,100
1698446465312019021713312798910763,Flat 11 Arlington House,Arlington Street,,SW1A 1RJ,7391582678,C,C,74,74,Flat,Mid-Terrace,2019-02-14,E09000033,E14000639,Greater London Authority,2019-02-17,rental (private),68,68,178,178,4.6,31,4.6,94,94,700,700,131,131,145.0,Single,Y,1st,N,,2301,100,"double glazing, unknown install date",Normal,0,3,3,100,0,Community scheme,Good,Good,(another dwelling below),NO DATA!,N/A,Fully double glazed,Average,Average,"System built, as built, no insulation (assumed)",Very Poor,Very Poor,None,N/A,N/A,(another dwelling above),N/A,N/A,Community scheme,Good,Good,"Flat rate charging, no thermostatic control of room temperature",Very Poor,Very Poor,Low energy lighting in all fixed outlets,Very Good,Very Good,mains gas (community),0,no corridor,,,,N,natural,"Flat 11 Arlington House, Arlington Street",Westminster,Cities of London and Westminster,LONDON,England and Wales: 1930-1949,2019-02-17 13:31:27,rental (private),,,100022722221,Address Matched,100
1692150699922019012217283522218071,Flat 96,"3, Whitehall Court",,SW1A 2EL,7218932678,C,B,74,82,Flat,Mid-Terrace,2019-01-19,E09000033,E14000639,Greater London Authority,2019-01-22,marketed sale,57,75,145,87,3.3,41,2.0,79,63,318,168,121,121,81.0,Unknown,N,7th,N,,2307,0,not defined,Normal,0,2,2,71,1,Community scheme,Good,Poor,(another dwelling below),NO DATA!,N/A,Single glazed,Very Poor,Very Poor,"Solid brick, as built, no insulation (assumed)",Very Poor,Very Poor,None,N/A,N/A,(another dwelling above),N/A,N/A,Community scheme,Good,Poor,"Flat rate charging, TRVs",Average,Average,Low energy lighting in 71% of fixed outlets,Very Good,Very Good,oil (community),0,heated corridor,,,,N,natural,"Flat 96, 3, Whitehall Court",Westminster,Cities of London and Westminster,LONDON,England and Wales: before 1900,2019-01-22 17:28:35,owner-occupied,,,100023337037,Address Matched,100
42987972832018122015015429268792,Flat 3,41 St James's Place,,SW1A 1NS,7219744568,D,B,68,87,Flat,Mid-Terrace,2018-12-20,E09000033,E14000639,Greater London Authority,2018-12-20,marketed sale,63,79,316,186,2.0,53,1.2,38,41,284,38,171,130,37.0,Unknown,N,3rd,N,,2603,0,not defined,Normal,0,2,2,75,0,"Electric immersion, off-peak",Poor,Poor,(another dwelling below),NO DATA!,N/A,Single glazed,Very Poor,Very Poor,"Solid brick, as built, no insulation (assumed)",Very Poor,Very Poor,None,N/A,N/A,(another dwelling above),N/A,N/A,"Room heaters, electric",Very Poor,Poor,Programmer and appliance thermostats,Good,Good,Low energy lighting in 75% of fixed outlets,Very Good,Very Good,electricity (not community),0,heated corridor,,,,N,natural,"Flat 3, 41 St James's Place",Westminster,Cities of London and Westminster,LONDON,England and Wales: before 1900,2018-12-20 15:01:54,owner-occupied,,,10033628141,Address Matched,100
671139969342018120517422986982598,"1, Catherine Wheel Yard",,,SW1A 1DR,8362169868,D,C,63,74,Maisonette,End-Terrace,2018-11-21,E09000033,E14000639,Greater London Authority,2018-12-05,rental,56,72,268,171,4.9,47,3.1,72,74,853,530,94,95,103.0,Unknown,Y,1st,Y,,2106,0,not defined,Normal,0,4,4,100,0,From main system,Good,Good,"To unheated space, no insulation (assumed)",NO DATA!,N/A,Single glazed,Very Poor,Very Poor,"Solid brick, as built, no insulation (assumed)",Poor,Poor,None,N/A,N/A,"Pitched, 250 mm loft insulation",Good,Good,"Boiler and radiators, mains gas",Good,Good,"Programmer, room thermostat and TRVs",Good,Good,Low energy lighting in all fixed outlets,Very Good,Very Good,mains gas (not community),0,no corridor,,,,N,natural,"1, Catherine Wheel Yard",Westminster,Cities of London and Westminster,LONDON,England and Wales: before 1900,2018-12-05 17:42:29,owner-occupied,,,100023336903,Address Matched,100
173314149942018120318250555382018,Flat 3,"25, Whitehall",,SW1A 2BS,6952243568,D,C,68,73,Flat,Mid-Terrace,2018-11-29,E09000033,E14000639,Greater London Authority,2018-12-03,marketed sale,66,73,218,177,2.3,38,1.9,67,47,373,305,111,112,61.0,Single,Y,1st,N,,2106,70,double glazing installed before 2002,Normal,0,2,2,56,0,From main system,Good,Good,(other premises below),NO DATA!,N/A,Partial double glazing,Poor,Poor,"Solid brick, as built, no insulation (assumed)",Very Poor,Very Poor,None,N/A,N/A,(another dwelling above),N/A,N/A,"Boiler and radiators, mains gas",Good,Good,"Programmer, room thermostat and TRVs",Good,Good,Low energy lighting in 56% of fixed outlets,Good,Good,mains gas (not community),0,heated corridor,,,,N,natural,"Flat 3, 25, Whitehall",Westminster,Cities of London and Westminster,LONDON,England and Wales: 1900-1929,2018-12-03 18:25:05,owner-occupied,,,200002372777,Address Matched,100
1675110419702018112109411868189948,Apartment B1,Cleveland Court,Cleveland Row,SW1A 1DH,1772511678,C,C,75,75,Flat,Mid-Terrace,2018-11-14,E09000033,E14000639,Greater London Authority,2018-11-21,rental (private),92,92,179,179,1.4,31,1.4,41,41,273,273,101,101,47.0,Single,N,Basement,N,,2312,100,double glazing installed during or after 2002,Less Than Typical,0,2,2,100,0,Community scheme,Good,Very Good,"Solid, insulated (assumed)",NO DATA!,N/A,Fully double glazed,Good,Good,"Sandstone or limestone, as built, insulated (assumed)",Very Good,Very Good,None,N/A,N/A,(another dwelling above),N/A,N/A,Community scheme,Good,Very Good,"Charging system linked to use of community heating, programmer and at least two room thermostats",Good,Good,Low energy lighting in all fixed outlets,Very Good,Very Good,mains gas (community),0,heated corridor,,,,N,"mechanical, supply and extract","Apartment B1, Cleveland Court, Cleveland Row",Westminster,Cities of London and Westminster,LONDON,INVALID!,2018-11-21 09:41:18,rental (private),,,,,100
1680452094852018112117221095289467,Flat 70/C,"3, Whitehall Court",,SW1A 2EL,4789451678,C,B,70,81,Flat,Mid-Terrace,2018-11-21,E09000033,E14000639,Greater London Authority,2018-11-21,rental (private),67,82,232,126,2.8,41,1.5,74,52,415,205,115,115,68.0,Unknown,Y,2nd,N,,2301,0,not defined,Normal,0,2,2,54,0,Community scheme,Good,Good,(another dwelling below),NO DATA!,N/A,Single glazed,Very Poor,Very Poor,"Solid brick, as built, no insulation (assumed)",Very Poor,Very Poor,None,N/A,N/A,(another dwelling above),N/A,N/A,Community scheme,Good,Good,"Flat rate charging, no thermostatic control of room temperature",Very Poor,Very Poor,Low energy lighting in 54% of fixed outlets,Good,Good,mains gas (community),0,heated corridor,,,,N,natural,"Flat 70/C, 3, Whitehall Court",Westminster,Cities of London and Westminster,LONDON,England and Wales: before 1900,2018-11-21 17:22:10,rental (private),,,10033561265,Address Matched,100
888729919832018112012372561978592,First Floor Flat,35 Whitehall,,SW1A 2BX,1231545078,C,B,75,84,Flat,Mid-Terrace,2018-11-15,E09000033,E14000639,Greater London Authority,2018-11-20,none of the above,69,84,269,140,2.2,45,1.2,42,42,293,94,190,190,49.0,dual,N,1st,N,,2401,0,not defined,Normal,0,2,2,100,0,Electric instantaneous at point of use,Very Poor,Poor,(another dwelling below),NO DATA!,N/A,Single glazed,Very Poor,Very Poor,"Solid brick, as built, no insulation (assumed)",Very Poor,Very Poor,Portable electric heaters (assumed),N/A,N/A,(another dwelling above),N/A,N/A,Electric storage heaters,Average,Very Poor,Manual charge control,Poor,Poor,Low energy lighting in all fixed outlets,Very Good,Very Good,electricity (not community),0,unheated corridor,2.35,,,N,natural,"First Floor Flat, 35 Whitehall",Westminster,Cities of London and Westminster,LONDON,England and Wales: 1930-1949,2018-11-20 12:37:25,unknown,,,10033582085,Address Matched,100
164766859832018110518122168068090,Flat 3,"16, Whitehall",,SW1A 2DY,5018032568,E,C,52,75,Flat,End-Terrace,2018-11-01,E09000033,E14000639,Greater London Authority,2018-11-05,marketed sale,43,71,287,139,6.8,51,3.3,175,87,1103,512,135,137,134.0,Single,Y,3rd,Y,,2106,100,"double glazing, unknown install date",Normal,2,4,4,0,0,From main system,Good,Good,(another dwelling below),NO DATA!,N/A,Fully double glazed,Average,Average,"Solid brick, as built, no insulation (assumed)",Poor,Poor,None,N/A,N/A,"Pitched, no insulation (assumed)",Very Poor,Very Poor,"Boiler and radiators, mains gas",Good,Good,"Programmer, room thermostat and TRVs",Good,Good,No low energy lighting,Very Poor,Very Poor,mains gas (not community),0,heated corridor,,,,N,natural,"Flat 3, 16, Whitehall",Westminster,Cities of London and Westminster,LONDON,England and Wales: before 1900,2018-11-05 18:12:21,owner-occupied,,,100022819783,Address Matched,100
1653917629022018101712471689978308,Flat 5A,27 St. James's Street,,SW1A 1HA,0871269578,C,C,69,69,Flat,Detached,2018-08-03,E09000033,E14000639,Greater London Authority,2018-10-17,new dwelling,72,72,210,210,2.4,35,2.4,49,49,425,425,265,265,67.0,standard tariff,,mid floor,,,,,NO DATA!,NO DATA!,,,,100,0,"Electric immersion, standard tariff",Poor,Average,(other premises below),N/A,N/A,Partial double glazing,Average,Average,Average thermal transmittance 0.21 W/m-¦K,Very Good,Very Good,None,N/A,N/A,(other premises above),N/A,N/A,"Air source heat pump fan coil units, electric",Average,Very Good,Programmer and at least two room thermostats,Good,Good,Low energy lighting in all fixed outlets,Very Good,Very Good,"Electricity: electricity, unspecified tariff",,NO DATA!,,,,,NO DATA!,"Flat 5A, 27 St. James's Street",Westminster,Cities of London and Westminster,LONDON,NO DATA!,2018-10-17 12:47:16,unknown,12,12,,,101
1654050429062018101712444049678958,Flat 4B,27 St. James's Street,,SW1A 1HA,5471269578,D,D,63,63,Flat,Detached,2018-08-03,E09000033,E14000639,Greater London Authority,2018-10-17,new dwelling,66,66,250,250,2.8,42,2.8,49,49,574,574,265,265,67.0,standard tariff,,mid floor,,,,,NO DATA!,NO DATA!,,,,100,0,"Electric immersion, standard tariff",Poor,Average,(other premises below),N/A,N/A,Partial double glazing,Average,Average,Average thermal transmittance 0.36 W/m-¦K,Good,Good,None,N/A,N/A,(other premises above),N/A,N/A,"Air source heat pump fan coil units, electric",Average,Very Good,Programmer and at least two room thermostats,Good,Good,Low energy lighting in all fixed outlets,Very Good,Very Good,"Electricity: electricity, unspecified tariff",,NO DATA!,,,,,NO DATA!,"Flat 4B, 27 St. James's Street",Westminster,Cities of London and Westminster,LONDON,NO DATA!,2018-10-17 12:44:40,unknown,12,12,10033642544,Address Matched,101
1654071129022018101712371719978768,Flat 4A,27 St. James's Street,,SW1A 1HA,6141269578,C,C,69,69,Flat,Detached,2018-08-03,E09000033,E14000639,Greater London Authority,2018-10-17,new dwelling,72,72,208,208,2.3,35,2.3,49,49,418,418,265,265,67.0,standard tariff,,mid floor,,,,,NO DATA!,NO DATA!,,,,100,0,"Electric immersion, standard tariff",Poor,Average,(other premises below),N/A,N/A,Partial double glazing,Average,Average,Average thermal transmittance 0.21 W/m-¦K,Very Good,Very Good,None,N/A,N/A,(other premises above),N/A,N/A,"Air source heat pump fan coil units, electric",Average,Very Good,Programmer and at least two room thermostats,Good,Good,Low energy lighting in all fixed outlets,Very Good,Very Good,"Electricity: electricity, unspecified tariff",,NO DATA!,,,,,NO DATA!,"Flat 4A, 27 St. James's Street",Westminster,Cities of London and Westminster,LONDON,NO DATA!,2018-10-17 12:37:17,unknown,12,12,10033642545,Address Matched,101
1654102572412018101712472896080751,Flat 5B,27 St. James's Street,,SW1A 1HA,7171269578,D,D,64,64,Flat,Detached,2018-08-03,E09000033,E14000639,Greater London Authority,2018-10-17,new dwelling,68,68,238,238,2.7,40,2.7,49,49,532,532,265,265,67.0,standard tariff,,mid floor,,,,,NO DATA!,NO DATA!,,,,100,0,"Electric immersion, standard tariff",Poor,Average,(other premises below),N/A,N/A,Partial double glazing,Average,Average,Average thermal transmittance 0.35 W/m-¦K,Good,Good,None,N/A,N/A,(other premises above),N/A,N/A,"Air source heat pump fan coil units, electric",Average,Very Good,Programmer and at least two room thermostats,Good,Good,Low energy lighting in all fixed outlets,Very Good,Very Good,"Electricity: electricity, unspecified tariff",,NO DATA!,,,,,NO DATA!,"Flat 5B, 27 St. James's Street",Westminster,Cities of London and Westminster,LONDON,NO DATA!,2018-10-17 12:47:28,unknown,12,12,10033642543,Address Matched,101
58656530312018100319012691089142,Flat 11,"25, Whitehall",,SW1A 2BS,1274014468,E,B,39,82,Flat,Enclosed End-Terrace,2018-10-03,E09000033,E14000639,Greater London Authority,2018-10-03,rental (private),46,71,341,181,4.1,58,2.2,70,78,926,159,304,163,71.0,Single,N,3rd,N,,2601,56,secondary glazing,Normal,0,3,3,70,0,"Electric immersion, standard tariff",Very Poor,Poor,(another dwelling below),NO DATA!,N/A,Partial secondary glazing,Poor,Poor,"Solid brick, as built, no insulation (assumed)",Very Poor,Very Poor,None,N/A,N/A,(another dwelling above),N/A,N/A,"Room heaters, electric",Very Poor,Poor,No thermostatic control of room temperature,Poor,Poor,Low energy lighting in 70% of fixed outlets,Very Good,Very Good,electricity (not community),0,no corridor,,,,N,natural,"Flat 11, 25, Whitehall",Westminster,Cities of London and Westminster,LONDON,England and Wales: before 1900,2018-10-03 19:01:26,rental (private),,,200002415847,Address Matched,100
1667909729062018100216510470198188,Apartment 22,Arlington House,17-20 Arlington Street,SW1A 1RL,8777260678,C,C,76,78,Flat,Mid-Terrace,2018-10-01,E09000033,E14000639,Greater London Authority,2018-10-02,marketed sale,77,79,151,139,2.2,26,2.0,138,69,206,212,222,222,83.0,dual,Y,2nd,N,,2506,100,secondary glazing,Normal,0,4,4,0,0,From main system,Good,Good,(another dwelling below),NO DATA!,N/A,Full secondary glazing,Good,Good,"System built, as built, no insulation (assumed)",Very Poor,Very Poor,None,N/A,N/A,(another dwelling above),N/A,N/A,"Warm air, mains gas",Good,Good,Time and temperature zone control,Very Good,Very Good,No low energy lighting,Very Poor,Very Poor,mains gas (not community),0,no corridor,,,,N,natural,"Apartment 22, Arlington House, 17-20 Arlington Street",Westminster,Cities of London and Westminster,LONDON,England and Wales: 1900-1929,2018-10-02 16:51:04,owner-occupied,,,100022722232,Address Matched,100
888729925212018092610200394280102,First Floor Flat,35 Whitehall,,SW1A 2BX,1231545078,E,C,45,69,Flat,Mid-Terrace,2018-09-21,E09000033,E14000639,Greater London Authority,2018-09-26,marketed sale,46,57,390,301,3.4,66,2.6,82,44,730,336,180,194,51.0,dual,N,1st,N,,2602,100,"double glazing, unknown install date",Normal,0,3,3,0,0,Electric instantaneous at point of use,Very Poor,Poor,(other premises below),NO DATA!,N/A,Fully double glazed,Average,Average,"Solid brick, as built, no insulation (assumed)",Poor,Poor,None,N/A,N/A,(another dwelling above),N/A,N/A,"Room heaters, electric",Very Poor,Poor,Appliance thermostats,Good,Good,No low energy lighting,Very Poor,Very Poor,electricity (not community),0,unheated corridor,16.04,,,N,natural,"First Floor Flat, 35 Whitehall",Westminster,Cities of London and Westminster,LONDON,England and Wales: before 1900,2018-09-26 10:20:03,owner-occupied,,,10033582085,Address Matched,100
889226355752018092609560194280904,Third Floor Flat,35 Whitehall,,SW1A 2BX,9431545078,C,B,76,82,Flat,Mid-Terrace,2018-09-21,E09000033,E14000639,Greater London Authority,2018-09-26,marketed sale,77,86,146,92,1.6,26,1.0,75,48,254,160,92,95,62.0,Single,Y,3rd,N,,2106,0,not defined,Normal,0,3,3,42,0,From main system,Good,Good,(another dwelling below),NO DATA!,N/A,Single glazed,Very Poor,Very Poor,"Solid brick, as built, no insulation (assumed)",Poor,Poor,None,N/A,N/A,(another dwelling above),N/A,N/A,"Boiler and radiators, mains gas",Good,Good,"Programmer, room thermostat and TRVs",Good,Good,Low energy lighting in 42% of fixed outlets,Average,Average,mains gas (not community),0,unheated corridor,7.11,,,N,natural,"Third Floor Flat, 35 Whitehall",Westminster,Cities of London and Westminster,LONDON,England and Wales: before 1900,2018-09-26 09:56:01,owner-occupied,,,100023337138,Address Matched,100
1374997101832018091908311558978105,Flat 113,"4, Whitehall Court",,SW1A 2EP,0588189378,D,C,64,78,Flat,Mid-Terrace,2018-09-18,E09000033,E14000639,Greater London Authority,2018-09-19,marketed sale,90,95,258,142,5.3,47,2.9,111,76,755,339,217,217,112.0,Unknown,Y,1st,N,,2301,0,not defined,Normal,0,3,3,50,2,Community scheme,Good,Very Good,(another dwelling below),NO DATA!,N/A,Single glazed,Very Poor,Very Poor,"Solid brick, as built, no insulation (assumed)",Very Poor,Very Poor,"Room heaters, dual fuel (mineral and wood)",N/A,N/A,(another dwelling above),N/A,N/A,Community scheme,Good,Very Good,"Flat rate charging, no thermostatic control of room temperature",Very Poor,Very Poor,Low energy lighting in 50% of fixed outlets,Good,Good,mains gas (community),0,heated corridor,,,,N,natural,"Flat 113, 4, Whitehall Court",Westminster,Cities of London and Westminster,LONDON,England and Wales: before 1900,2018-09-19 08:31:15,owner-occupied,,,100023337053,Address Matched,100
1659019188052018082911334099280755,"9, Catherine Wheel Yard",,,SW1A 1DR,7561899578,D,B,64,87,House,Mid-Terrace,2018-08-28,E09000033,E14000639,Greater London Authority,2018-08-29,marketed sale,58,85,220,62,4.0,39,1.2,137,69,617,362,130,82,103.0,Single,Y,NODATA!,,,2110,50,double glazing installed before 2002,Normal,0,3,3,0,0,From main system,Good,Good,"Solid, no insulation (assumed)",NO DATA!,N/A,Partial double glazing,Poor,Poor,"Solid brick, as built, no insulation (assumed)",Very Poor,Very Poor,None,N/A,N/A,"Pitched, no insulation",Very Poor,Very Poor,"Boiler and radiators, mains gas",Good,Good,Time and temperature zone control,Very Good,Very Good,No low energy lighting,Very Poor,Very Poor,mains gas (not community),0,NO DATA!,,,,N,natural,"9, Catherine Wheel Yard",Westminster,Cities of London and Westminster,LONDON,England and Wales: before 1900,2018-08-29 11:33:40,owner-occupied,,,100022732848,Address Matched,100
1401709529262018082114205821298218,Apartment B Cleveland Court,Cleveland Row,,SW1A 1DH,1211271478,C,C,74,74,Flat,Enclosed Mid-Terrace,2018-08-21,E09000033,E14000639,Greater London Authority,2018-08-21,rental (private),83,83,115,115,1.1,20,1.1,48,48,311,311,118,118,55.0,Single,N,Basement,N,,2312,100,double glazing installed during or after 2002,Less Than Typical,1,2,2,100,0,Community scheme,Good,Good,"Solid, insulated (assumed)",NO DATA!,N/A,Fully double glazed,Good,Good,"Sandstone or limestone, as built, insulated (assumed)",Very Good,Very Good,None,N/A,N/A,(another dwelling above),N/A,N/A,Community scheme,Good,Very Good,"Charging system linked to use of community heating, programmer and at least two room thermostats",Good,Good,Low energy lighting in all fixed outlets,Very Good,Very Good,mains gas (community),0,heated corridor,,,,N,"mechanical, supply and extract","Apartment B Cleveland Court, Cleveland Row",Westminster,Cities of London and Westminster,LONDON,INVALID!,2018-08-21 14:20:58,rental (private),,,,,100
514921669962018081513123888748308,Flat 5,"39, Whitehall",,SW1A 2BX,0874608768,F,C,34,70,Flat,Mid-Terrace,2018-08-14,E09000033,E14000639,Greater London Authority,2018-08-15,rental (private),18,52,1136,507,6.6,192,2.9,45,30,983,343,122,122,34.0,dual,N,2nd,Y,,2401,100,secondary glazing,Normal,0,2,2,50,0,"Electric immersion, off-peak",Average,Poor,(other premises below),NO DATA!,N/A,Full secondary glazing,Good,Good,"Solid brick, as built, no insulation (assumed)",Very Poor,Very Poor,Portable electric heaters (assumed),N/A,N/A,"Flat, no insulation (assumed)",Very Poor,Very Poor,Electric storage heaters,Average,Very Poor,Manual charge control,Poor,Poor,Low energy lighting in 50% of fixed outlets,Good,Good,electricity (not community),0,unheated corridor,5.65,,,N,natural,"Flat 5, 39, Whitehall",Westminster,Cities of London and Westminster,LONDON,England and Wales: before 1900,2018-08-15 13:12:38,rental (private),,,10033596106,Address Matched,100
1651021081612018072715125294280450,Flat 143,"4, Whitehall Court",,SW1A 2EP,4038149578,C,B,69,82,Flat,Mid-Terrace,2018-07-25,E09000033,E14000639,Greater London Authority,2018-07-27,marketed sale,59,79,171,89,6.9,30,3.6,169,119,1066,515,134,134,229.0,Unknown,N,6th,N,,2301,50,secondary glazing,Normal,0,4,4,56,0,Community scheme,Good,Good,(another dwelling below),NO DATA!,N/A,Partial secondary glazing,Poor,Poor,"Solid brick, as built, no insulation (assumed)",Very Poor,Very Poor,None,N/A,N/A,(another dwelling above),N/A,N/A,Community scheme,Good,Good,"Flat rate charging, no thermostatic control of room temperature",Very Poor,Very Poor,Low energy lighting in 56% of fixed outlets,Good,Good,mains gas (community),0,heated corridor,,,,N,natural,"Flat 143, 4, Whitehall Court",Westminster,Cities of London and Westminster,LONDON,England and Wales: before 1900,2018-07-27 15:12:52,owner-occupied,,,100023337047,Address Matched,100
1644488984752018071815484099980157,Flat 2,27 St. James's Street,,SW1A 1HA,1700498578,C,C,72,73,Flat,Semi-Detached,2018-07-18,E09000033,E14000639,Greater London Authority,2018-07-18,marketed sale,69,71,216,201,2.1,37,1.9,47,47,308,308,184,155,57.0,Unknown,N,4th,N,,2506,100,secondary glazing,Normal,0,2,2,100,0,"Electric immersion, off-peak",Poor,Poor,(another dwelling below),NO DATA!,N/A,Full secondary glazing,Good,Good,"System built, as built, partial insulation (assumed)",Average,Average,None,N/A,N/A,(another dwelling above),N/A,N/A,"Air source heat pump, warm air, electric",Average,Good,Time and temperature zone control,Very Good,Very Good,Low energy lighting in all fixed outlets,Very Good,Very Good,electricity (not community),0,unheated corridor,10.48,,,N,natural,"Flat 2, 27 St. James's Street",Westminster,Cities of London and Westminster,LONDON,England and Wales: 1976-1982,2018-07-18 15:48:40,owner-occupied,,,,,100
1644540149962018071815493948188238,Flat 1,27 St. James's Street,,SW1A 1HA,3400498578,C,C,72,73,Flat,Semi-Detached,2018-07-18,E09000033,E14000639,Greater London Authority,2018-07-18,marketed sale,69,71,216,201,2.1,37,1.9,47,47,308,308,184,155,57.0,Unknown,N,4th,N,,2506,100,secondary glazing,Normal,0,2,2,100,0,"Electric immersion, off-peak",Poor,Poor,(another dwelling below),NO DATA!,N/A,Full secondary glazing,Good,Good,"System built, as built, partial insulation (assumed)",Average,Average,None,N/A,N/A,(another dwelling above),N/A,N/A,"Air source heat pump, warm air, electric",Average,Good,Time and temperature zone control,Very Good,Very Good,Low energy lighting in all fixed outlets,Very Good,Very Good,electricity (not community),0,unheated corridor,10.48,,,N,natural,"Flat 1, 27 St. James's Street",Westminster,Cities of London and Westminster,LONDON,England and Wales: 1976-1982,2018-07-18 15:49:39,owner-occupied,,,,,100
1644708249962018071815472278388688,Flat 3,27 St. James's Street,,SW1A 1HA,8700498578,C,C,72,74,Flat,Semi-Detached,2018-07-18,E09000033,E14000639,Greater London Authority,2018-07-18,marketed sale,69,71,215,200,2.1,36,1.9,47,47,304,304,184,155,57.0,Unknown,N,3rd,N,,2506,100,secondary glazing,Normal,0,2,2,100,0,"Electric immersion, off-peak",Poor,Poor,(another dwelling below),NO DATA!,N/A,Full secondary glazing,Good,Good,"System built, as built, partial insulation (assumed)",Average,Average,None,N/A,N/A,(another dwelling above),N/A,N/A,"Air source heat pump, warm air, electric",Average,Good,Time and temperature zone control,Very Good,Very Good,Low energy lighting in all fixed outlets,Very Good,Very Good,electricity (not community),0,unheated corridor,10.48,,,N,natural,"Flat 3, 27 St. James's Street",Westminster,Cities of London and Westminster,LONDON,England and Wales: 1976-1982,2018-07-18 15:47:22,owner-occupied,,,,,100
428348993832018071815444640968402,Flat 4,27 St. James's Street,,SW1A 1HA,9250491768,C,C,72,74,Flat,Semi-Detached,2018-07-18,E09000033,E14000639,Greater London Authority,2018-07-18,marketed sale,69,71,215,200,2.1,36,1.9,47,47,304,304,184,155,57.0,Unknown,N,3rd,N,,2506,100,secondary glazing,Normal,0,2,2,100,0,"Electric immersion, off-peak",Poor,Poor,(another dwelling below),NO DATA!,N/A,Full secondary glazing,Good,Good,"System built, as built, partial insulation (assumed)",Average,Average,None,N/A,N/A,(another dwelling above),N/A,N/A,"Air source heat pump, warm air, electric",Average,Good,Time and temperature zone control,Very Good,Very Good,Low energy lighting in all fixed outlets,Very Good,Very Good,electricity (not community),0,unheated corridor,10.48,,,N,natural,"Flat 4, 27 St. James's Street",Westminster,Cities of London and Westminster,LONDON,England and Wales: 1976-1982,2018-07-18 15:44:46,owner-occupied,,,10033605315,Address Matched,100
1639369559142018061516042257889558,Flat 2,Arlington House,Arlington Street,SW1A 1RJ,0137758578,D,C,57,72,Flat,Semi-Detached,2018-06-15,E09000033,E14000639,Greater London Authority,2018-06-15,marketed sale,35,55,354,223,28.1,60,17.7,192,192,4459,2800,143,143,469.0,dual,N,Ground,N,,2504,100,"double glazing, unknown install date",Normal,0,10,10,100,0,Community scheme,Good,Very Good,"Suspended, no insulation (assumed)",NO DATA!,N/A,Fully double glazed,Average,Average,"Solid brick, as built, no insulation (assumed)",Very Poor,Very Poor,"Room heaters, electric",N/A,N/A,(another dwelling above),N/A,N/A,"Warm air, Electricaire",Average,Very Poor,Programmer and room thermostat,Average,Average,Low energy lighting in all fixed outlets,Very Good,Very Good,electricity (not community),0,heated corridor,,,,N,natural,"Flat 2, Arlington House, Arlington Street",Westminster,Cities of London and Westminster,LONDON,England and Wales: 1930-1949,2018-06-15 16:04:22,unknown,,,100022722207,Address Matched,100
1639994056832018061516031026978104,Flat 1 Arlington House,Arlington Street,,SW1A 1RJ,5456168578,D,C,57,72,Flat,Semi-Detached,2018-06-15,E09000033,E14000639,Greater London Authority,2018-06-15,marketed sale,35,55,354,223,28.1,60,17.7,192,192,4459,2800,143,143,469.0,dual,N,Ground,N,,2504,100,"double glazing, unknown install date",Normal,0,10,10,100,0,Community scheme,Good,Very Good,"Suspended, no insulation (assumed)",NO DATA!,N/A,Fully double glazed,Average,Average,"Solid brick, as built, no insulation (assumed)",Very Poor,Very Poor,"Room heaters, electric",N/A,N/A,(another dwelling above),N/A,N/A,"Warm air, Electricaire",Average,Very Poor,Programmer and room thermostat,Average,Average,Low energy lighting in all fixed outlets,Very Good,Very Good,electricity (not community),0,heated corridor,,,,N,natural,"Flat 1 Arlington House, Arlington Street",Westminster,Cities of London and Westminster,LONDON,England and Wales: 1930-1949,2018-06-15 16:03:10,unknown,,,100022722206,Address Matched,100
1640675167052018061516065696980257,Flat 27 Arlington House,Arlington Street,,SW1A 1RJ,2717768578,C,B,70,82,Flat,Semi-Detached,2018-06-15,E09000033,E14000639,Greater London Authority,2018-06-15,marketed sale,54,74,242,136,11.5,41,6.5,143,143,1806,1012,138,138,280.0,dual,N,3rd,N,,2504,100,"double glazing, unknown install date",Normal,0,5,5,100,0,Community scheme,Good,Very Good,(another dwelling below),NO DATA!,N/A,Fully double glazed,Average,Average,"Solid brick, as built, no insulation (assumed)",Very Poor,Very Poor,"Room heaters, electric",N/A,N/A,(another dwelling above),N/A,N/A,"Warm air, Electricaire",Average,Very Poor,Programmer and room thermostat,Average,Average,Low energy lighting in all fixed outlets,Very Good,Very Good,electricity (not community),0,heated corridor,,,,N,natural,"Flat 27 Arlington House, Arlington Street",Westminster,Cities of London and Westminster,LONDON,England and Wales: 1930-1949,2018-06-15 16:06:56,unknown,,,100022722235,Address Matched,100
1637324460012018060411263794780956,Flat 96 Arlington House,Arlington Street,,SW1A 1RL,9676048578,E,D,42,66,Flat,Enclosed End-Terrace,2018-05-31,E09000033,E14000639,Greater London Authority,2018-06-04,marketed sale,49,69,233,136,9.1,40,5.3,231,116,2390,1334,136,136,229.0,Unknown,N,8th,Y,,2506,100,double glazing installed during or after 2002,Normal,0,5,5,0,0,Community scheme,Good,Good,(another dwelling below),NO DATA!,N/A,Fully double glazed,Good,Good,"System built, as built, no insulation (assumed)",Very Poor,Very Poor,None,N/A,N/A,"Flat, no insulation (assumed)",Very Poor,Very Poor,"Air source heat pump, warm air, electric",Poor,Good,Time and temperature zone control,Very Good,Very Good,No low energy lighting,Very Poor,Very Poor,electricity (not community),0,heated corridor,,,,N,natural,"Flat 96 Arlington House, Arlington Street",Westminster,Cities of London and Westminster,LONDON,England and Wales: 1930-1949,2018-06-04 11:26:37,owner-occupied,,,100022722290,Address Matched,100
15655729222018042409472092678368,"42, St. James's Place",,,SW1A 1NS,6989252468,D,C,62,79,House,Mid-Terrace,2018-04-23,E09000033,E14000639,Greater London Authority,2018-04-24,marketed sale,51,72,197,106,11.0,35,5.7,122,125,1849,1117,153,154,303.0,Unknown,Y,NODATA!,,,2107,0,not defined,Normal,1,9,9,100,0,From main system,Good,Good,"Solid, no insulation (assumed)",NO DATA!,N/A,Single glazed,Very Poor,Very Poor,"Solid brick, as built, no insulation (assumed)",Very Poor,Very Poor,None,N/A,N/A,"Flat, no insulation (assumed)",Very Poor,Very Poor,"Boiler and radiators, mains gas",Good,Good,"Programmer, TRVs and bypass",Average,Average,Low energy lighting in all fixed outlets,Very Good,Very Good,mains gas (not community),0,NO DATA!,,,,N,natural,"42, St. James's Place",Westminster,Cities of London and Westminster,LONDON,England and Wales: before 1900,2018-04-24 09:47:20,owner-occupied,,,100023336880,Address Matched,100
1623105871152018041313532194980351,7-8 Catherine Wheel Yard,,,SW1A 1DR,3131147578,D,C,59,76,House,Mid-Terrace,2018-04-12,E09000033,E14000639,Greater London Authority,2018-04-13,rental (private),53,70,316,212,4.5,56,3.1,107,57,695,687,176,87,81.0,Single,Y,NODATA!,,,2104,100,"double glazing, unknown install date",Normal,1,3,3,11,0,From main system,Good,Good,"Solid, no insulation (assumed)",NO DATA!,N/A,Fully double glazed,Average,Average,"Cavity wall, as built, insulated (assumed)",Good,Good,None,N/A,N/A,"Pitched, insulated (assumed)",Average,Average,"Boiler and radiators, mains gas",Good,Good,Programmer and room thermostat,Average,Average,Low energy lighting in 11% of fixed outlets,Poor,Poor,mains gas (not community),0,NO DATA!,,,,N,natural,7-8 Catherine Wheel Yard,Westminster,Cities of London and Westminster,LONDON,England and Wales: 1983-1990,2018-04-13 13:53:21,rental (private),,,100023617414,Address Matched,100
1609956049402018022220465755689388,Flat 130,3 Whitehall Court,,SW1A 2EL,0412846578,C,B,80,85,Flat,Semi-Detached,2018-01-18,E09000033,E14000639,Greater London Authority,2018-02-22,marketed sale,74,82,104,70,6.5,18,4.4,178,178,1006,620,140,140,356.0,Single,Y,4th,N,,2301,100,double glazing installed during or after 2002,Normal,0,6,6,80,0,Community scheme,Good,Good,(another dwelling below),NO DATA!,N/A,Fully double glazed,Good,Good,"Solid brick, as built, no insulation (assumed)",Very Poor,Very Poor,None,N/A,N/A,(another dwelling above),N/A,N/A,Community scheme,Good,Good,"Flat rate charging, no thermostatic control of room temperature",Very Poor,Very Poor,Low energy lighting in 80% of fixed outlets,Very Good,Very Good,mains gas (community),0,heated corridor,,,,N,natural,"Flat 130, 3 Whitehall Court",Westminster,Cities of London and Westminster,LONDON,England and Wales: before 1900,2018-02-22 20:46:57,owner-occupied,,,,,100
1607975122832018021423444023978509,Flat 13,"25, Whitehall",,SW1A 2BS,2953536578,C,B,75,83,Flat,Mid-Terrace,2018-02-14,E09000033,E14000639,Greater London Authority,2018-02-14,marketed sale,74,85,142,86,2.3,25,1.4,116,66,334,195,121,121,92.0,Single,Y,3rd,N,,2106,100,secondary glazing,Normal,0,4,4,25,0,From main system,Good,Good,(another dwelling below),NO DATA!,N/A,Full secondary glazing,Good,Good,"Solid brick, as built, no insulation (assumed)",Very Poor,Very Poor,None,N/A,N/A,(another dwelling above),N/A,N/A,"Boiler and radiators, mains gas",Good,Good,"Programmer, room thermostat and TRVs",Good,Good,Low energy lighting in 25% of fixed outlets,Average,Average,mains gas (not community),0,heated corridor,,,,N,natural,"Flat 13, 25, Whitehall",Westminster,Cities of London and Westminster,LONDON,England and Wales: before 1900,2018-02-14 23:44:40,owner-occupied,,,10033549473,Address Matched,100
1576688709262017092112570624798343,Grande House,"12, Park Place",,SW1A 1LP,4287014578,B,B,87,88,House,Mid-Terrace,2017-09-21,E09000033,E14000639,Greater London Authority,2017-09-21,new dwelling,83,85,62,54,7.8,11,6.8,185,185,1291,1291,149,149,710.0,standard tariff,,NO DATA!,,,,,NO DATA!,NO DATA!,,,,100,0,From main system,Good,Good,Average thermal transmittance 0.22 W/m-¦K,Good,Good,High performance glazing,Very Good,Very Good,Average thermal transmittance 0.24 W/m-¦K,Very Good,Very Good,None,N/A,N/A,Average thermal transmittance 0.14 W/m-¦K,Very Good,Very Good,"Boiler and underfloor heating, mains gas",Good,Good,Time and temperature zone control,Very Good,Very Good,Low energy lighting in all fixed outlets,Very Good,Very Good,mains gas - this is for backwards compatibility only and should not be used,,NO DATA!,,,,,NO DATA!,"Grande House, 12, Park Place",Westminster,Cities of London and Westminster,LONDON,NO DATA!,2017-09-21 12:57:06,unknown,100,100,100023610158,Address Matched,101
1551283182452017061217313793230159,Flat 19,"25, Whitehall",,SW1A 2BS,1991232578,E,E,44,52,Flat,Detached,2017-05-22,E09000033,E14000639,Greater London Authority,2017-06-12,marketed sale,37,43,355,306,7.0,63,6.1,130,73,1216,1098,163,133,112.0,Unknown,Y,5th,Y,,2106,100,double glazing installed during or after 2002,Normal,0,4,4,22,0,From main system,Good,Good,(another dwelling below),NO DATA!,N/A,Fully double glazed,Good,Good,"Timber frame, as built, no insulation (assumed)",Very Poor,Very Poor,None,N/A,N/A,"Pitched, no insulation (assumed)",Very Poor,Very Poor,"Boiler and radiators, mains gas",Good,Good,"Programmer, room thermostat and TRVs",Good,Good,Low energy lighting in 22% of fixed outlets,Poor,Poor,mains gas (not community),0,unheated corridor,4.26,,,N,natural,"Flat 19, 25, Whitehall",Westminster,Cities of London and Westminster,LONDON,England and Wales: before 1900,2017-06-12 17:31:37,owner-occupied,,,10033545887,Address Matched,100
1550243729022017060708231502968353,"1, Marlborough Road",St. James's Palace,,SW1A 1BG,5091222578,E,D,51,63,Flat,End-Terrace,2017-06-06,E09000033,E14000639,Greater London Authority,2017-06-07,marketed sale,45,59,431,305,4.5,76,3.2,57,43,858,611,81,81,59.0,Unknown,Y,Ground,N,,2106,90,secondary glazing,Normal,0,3,3,67,0,From main system,Good,Good,"Solid, no insulation (assumed)",NO DATA!,N/A,Mostly secondary glazing,Average,Average,"Solid brick, as built, no insulation (assumed)",Very Poor,Very Poor,None,N/A,N/A,"Flat, no insulation (assumed)",Very Poor,Very Poor,"Boiler and radiators, mains gas",Good,Good,"Programmer, room thermostat and TRVs",Good,Good,Low energy lighting in 67% of fixed outlets,Good,Good,mains gas (not community),0,no corridor,,,,N,natural,"1, Marlborough Road, St. James's Palace",Westminster,Cities of London and Westminster,LONDON,England and Wales: 1900-1929,2017-06-07 08:23:15,owner-occupied,,,10033603181,Address Matched,100
1549209144252017060209264691030950,Flat 136,"4, Whitehall Court",,SW1A 2EP,9004412578,C,B,69,81,Flat,Mid-Terrace,2017-06-01,E09000033,E14000639,Greater London Authority,2017-06-02,marketed sale,64,80,186,101,3.4,33,1.8,127,69,504,253,136,136,103.0,Unknown,Y,5th,N,,2301,65,secondary glazing,Normal,0,3,3,14,0,Community scheme,Good,Good,(another dwelling below),NO DATA!,N/A,Partial secondary glazing,Average,Average,"Solid brick, as built, no insulation (assumed)",Very Poor,Very Poor,None,N/A,N/A,(another dwelling above),N/A,N/A,Community scheme,Good,Good,"Flat rate charging, no thermostatic control of room temperature",Very Poor,Very Poor,Low energy lighting in 14% of fixed outlets,Poor,Poor,mains gas (community),0,heated corridor,,,,N,natural,"Flat 136, 4, Whitehall Court",Westminster,Cities of London and Westminster,LONDON,England and Wales: 1900-1929,2017-06-02 09:26:46,owner-occupied,,,100023337070,Address Matched,100
1531397051352017032815031699230151,Apartment 5,"30, St. James's Street",,SW1A 1HD,1191190578,B,B,88,88,Flat,Enclosed Mid-Terrace,2017-03-28,E09000033,E14000639,Greater London Authority,2017-03-28,new dwelling,88,88,47,47,3.3,8,3.3,131,131,633,633,122,122,401.0,standard tariff,,mid floor,,,,,NO DATA!,NO DATA!,,,,100,0,Community scheme,Good,Very Good,(other premises below),N/A,N/A,High performance glazing,Very Good,Very Good,Average thermal transmittance 0.18 W/m-¦K,Very Good,Very Good,None,N/A,N/A,Average thermal transmittance 0.15 W/m-¦K,Good,Good,Community scheme,Good,Very Good,"Charging system linked to use of community heating, programmer and at least two room thermostats",Good,Good,Low energy lighting in all fixed outlets,Very Good,Very Good,NO DATA!,,NO DATA!,,,,,NO DATA!,"Apartment 5, 30, St. James's Street",Westminster,Cities of London and Westminster,LONDON,NO DATA!,2017-03-28 15:03:16,owner-occupied,99,99,100022805137,Address Matched,101
1531630219222017032814563360188463,Apartment 4,"30, St. James's Street",,SW1A 1HD,6661190578,B,B,90,90,Flat,Enclosed Mid-Terrace,2017-03-28,E09000033,E14000639,Greater London Authority,2017-03-28,new dwelling,92,92,36,36,1.4,6,1.4,101,101,219,219,118,118,225.0,standard tariff,,mid floor,,,,,NO DATA!,NO DATA!,,,,100,0,Community scheme,Good,Very Good,(other premises below),N/A,N/A,High performance glazing,Very Good,Very Good,Average thermal transmittance 0.19 W/m-¦K,Very Good,Very Good,None,N/A,N/A,(other premises above),N/A,N/A,Community scheme,Good,Very Good,"Charging system linked to use of community heating, programmer and at least two room thermostats",Good,Good,Low energy lighting in all fixed outlets,Very Good,Very Good,NO DATA!,,NO DATA!,,,,,NO DATA!,"Apartment 4, 30, St. James's Street",Westminster,Cities of London and Westminster,LONDON,NO DATA!,2017-03-28 14:56:33,owner-occupied,73,73,100022805136,Address Matched,101
1531643119222017032814482990088163,Apartment 1,"30, St. James's Street",,SW1A 1HD,6980190578,B,B,87,87,Flat,Enclosed Mid-Terrace,2017-03-28,E09000033,E14000639,Greater London Authority,2017-03-28,new dwelling,88,88,52,52,2.0,9,2.0,95,95,355,355,117,117,215.0,standard tariff,,mid floor,,,,,NO DATA!,NO DATA!,,,,100,0,Community scheme,Good,Very Good,Average thermal transmittance 0.15 W/m-¦K,Very Good,Very Good,High performance glazing,Very Good,Very Good,Average thermal transmittance 0.23 W/m-¦K,Very Good,Very Good,None,N/A,N/A,(other premises above),N/A,N/A,Community scheme,Good,Very Good,"Charging system linked to use of community heating, programmer and at least two room thermostats",Good,Good,Low energy lighting in all fixed outlets,Very Good,Very Good,NO DATA!,,NO DATA!,,,,,NO DATA!,"Apartment 1, 30, St. James's Street",Westminster,Cities of London and Westminster,LONDON,NO DATA!,2017-03-28 14:48:29,owner-occupied,73,73,100022805133,Address Matched,101
1531668277332017032814552411278103,Apartment 3,"30, St. James's Street",,SW1A 1HD,7331190578,B,B,90,90,Flat,Enclosed Mid-Terrace,2017-03-28,E09000033,E14000639,Greater London Authority,2017-03-28,new dwelling,92,92,35,35,1.4,6,1.4,99,99,210,210,118,118,223.0,standard tariff,,mid floor,,,,,NO DATA!,NO DATA!,,,,100,0,Community scheme,Good,Very Good,(other premises below),N/A,N/A,High performance glazing,Very Good,Very Good,Average thermal transmittance 0.21 W/m-¦K,Very Good,Very Good,None,N/A,N/A,(other premises above),N/A,N/A,Community scheme,Good,Very Good,"Charging system linked to use of community heating, programmer and at least two room thermostats",Good,Good,Low energy lighting in all fixed outlets,Very Good,Very Good,NO DATA!,,NO DATA!,,,,,NO DATA!,"Apartment 3, 30, St. James's Street",Westminster,Cities of London and Westminster,LONDON,NO DATA!,2017-03-28 14:55:24,owner-occupied,73,73,100022805135,Address Matched,101
1524827139062017030612154960968323,Apartment 2,"30, St. James's Street",,SW1A 1HD,2644340578,B,B,90,90,Flat,Enclosed Mid-Terrace,2017-03-06,E09000033,E14000639,Greater London Authority,2017-03-06,new dwelling,93,93,34,34,1.3,6,1.3,102,102,203,203,118,118,224.0,standard tariff,,mid floor,,,,,NO DATA!,NO DATA!,,,,100,0,Community scheme,Good,Very Good,(other premises below),N/A,N/A,High performance glazing,Very Good,Very Good,Average thermal transmittance 0.22 W/m-¦K,Very Good,Very Good,None,N/A,N/A,(other premises above),N/A,N/A,Community scheme,Good,Very Good,"Charging system linked to use of community heating, programmer and at least two room thermostats",Good,Good,Low energy lighting in all fixed outlets,Very Good,Very Good,NO DATA!,,NO DATA!,,,,,NO DATA!,"Apartment 2, 30, St. James's Street",Westminster,Cities of London and Westminster,LONDON,NO DATA!,2017-03-06 12:15:49,rental (private),73,73,100022805134,Address Matched,101
1523404339402017022817511952032788,Flat 122a,"4, Whitehall Court",,SW1A 2EP,8422330578,C,B,70,82,Flat,Mid-Terrace,2017-02-28,E09000033,E14000639,Greater London Authority,2017-02-28,marketed sale,67,84,205,101,2.3,36,1.1,82,46,347,154,120,120,64.0,Single,N,4th,N,,2301,0,not defined,Normal,0,2,2,18,0,Community scheme,Good,Good,(another dwelling below),NO DATA!,N/A,Single glazed,Very Poor,Very Poor,"Solid brick, as built, no insulation (assumed)",Very Poor,Very Poor,None,N/A,N/A,(another dwelling above),N/A,N/A,Community scheme,Good,Good,"Flat rate charging, no thermostatic control of room temperature",Very Poor,Very Poor,Low energy lighting in 18% of fixed outlets,Poor,Poor,mains gas (community),0,heated corridor,,,,N,natural,"Flat 122a, 4, Whitehall Court",Westminster,Cities of London and Westminster,LONDON,England and Wales: before 1900,2017-02-28 17:51:19,owner-occupied,,,100023337100,Address Matched,100
1513808259262017022709050429638713,Apartment E,5 Park Place,,SW1A 1LP,1294569478,C,C,72,72,Flat,Detached,2017-02-27,E09000033,E14000639,Greater London Authority,2017-02-27,new dwelling,74,74,131,131,3.3,23,3.3,95,95,727,727,104,104,144.0,standard tariff,,ground floor,,,,,NO DATA!,NO DATA!,,,,,0,Community scheme,Good,Good,Average thermal transmittance 0.2 W/m-¦K,Very Good,Very Good,High performance glazing,Very Good,Very Good,Average thermal transmittance 0.3 W/m-¦K,Very Good,Very Good,None,N/A,N/A,Average thermal transmittance 0.3 W/m-¦K,Good,Good,Community scheme,Good,Good,"Charging system linked to use of community heating, programmer and at least two room thermostats",Good,Good,Low energy lighting in all fixed outlets,Very Good,Very Good,NO DATA!,,NO DATA!,,,,,NO DATA!,"Apartment E, 5 Park Place",Westminster,Cities of London and Westminster,LONDON,NO DATA!,2017-02-27 09:05:04,owner-occupied,15,15,10033649703,Address Matched,101
1513887059222017022709045169838933,Apartment C,5 Park Place,,SW1A 1LP,3694569478,C,C,77,77,Flat,Detached,2017-02-27,E09000033,E14000639,Greater London Authority,2017-02-27,new dwelling,80,80,100,100,3.1,17,3.1,95,95,709,709,105,105,181.0,standard tariff,,mid floor,,,,,NO DATA!,NO DATA!,,,,,0,Community scheme,Good,Good,(other premises below),N/A,N/A,High performance glazing,Very Good,Very Good,Average thermal transmittance 0.3 W/m-¦K,Very Good,Very Good,None,N/A,N/A,Average thermal transmittance 0.2 W/m-¦K,Good,Good,Community scheme,Good,Good,"Charging system linked to use of community heating, programmer and at least two room thermostats",Good,Good,Low energy lighting in all fixed outlets,Very Good,Very Good,NO DATA!,,NO DATA!,,,,,NO DATA!,"Apartment C, 5 Park Place",Westminster,Cities of London and Westminster,LONDON,NO DATA!,2017-02-27 09:04:51,owner-occupied,30,30,10033649701,Address Matched,101
1514007645712017022709033396230740,Apartment B,5 Park Place,,SW1A 1LP,7094569478,C,C,77,77,Flat,Detached,2017-02-27,E09000033,E14000639,Greater London Authority,2017-02-27,new dwelling,79,79,101,101,3.1,17,3.1,95,95,717,717,105,105,181.0,standard tariff,,mid floor,,,,,NO DATA!,NO DATA!,,,,,0,Community scheme,Good,Good,(other premises below),N/A,N/A,High performance glazing,Very Good,Very Good,Average thermal transmittance 0.3 W/m-¦K,Very Good,Very Good,None,N/A,N/A,Average thermal transmittance 0.2 W/m-¦K,Good,Good,Community scheme,Good,Good,"Charging system linked to use of community heating, programmer and at least two room thermostats",Good,Good,Low energy lighting in all fixed outlets,Very Good,Very Good,NO DATA!,,NO DATA!,,,,,NO DATA!,"Apartment B, 5 Park Place",Westminster,Cities of London and Westminster,LONDON,NO DATA!,2017-02-27 09:03:33,owner-occupied,30,30,10033649700,Address Matched,101
1514072769142017022709051048932438,Apartment D,5 Park Place,,SW1A 1LP,9105569478,C,C,76,76,Flat,Detached,2017-02-27,E09000033,E14000639,Greater London Authority,2017-02-27,new dwelling,79,79,106,106,2.9,18,2.9,84,84,666,666,105,105,159.0,standard tariff,,mid floor,,,,,NO DATA!,NO DATA!,,,,,0,Community scheme,Good,Good,Average thermal transmittance 0.8 W/m-¦K,Very Poor,Very Poor,High performance glazing,Very Good,Very Good,Average thermal transmittance 0.3 W/m-¦K,Very Good,Very Good,None,N/A,N/A,(other premises above),N/A,N/A,Community scheme,Good,Good,"Charging system linked to use of community heating, programmer and at least two room thermostats",Good,Good,Low energy lighting in all fixed outlets,Very Good,Very Good,NO DATA!,,NO DATA!,,,,,NO DATA!,"Apartment D, 5 Park Place",Westminster,Cities of London and Westminster,LONDON,NO DATA!,2017-02-27 09:05:10,owner-occupied,30,30,10033649702,Address Matched,101
1514096092332017022709052084278507,Apartment A,5 Park Place,,SW1A 1LP,9784569478,C,C,74,74,Flat,Detached,2017-02-27,E09000033,E14000639,Greater London Authority,2017-02-27,new dwelling,73,73,112,112,6.6,19,6.6,130,130,1539,1539,109,109,339.0,standard tariff,,top floor,,,,,NO DATA!,NO DATA!,,,,,0,Community scheme,Good,Good,(other premises below),N/A,N/A,High performance glazing,Very Good,Very Good,Average thermal transmittance 0.3 W/m-¦K,Very Good,Very Good,None,N/A,N/A,Average thermal transmittance 0.2 W/m-¦K,Good,Good,Community scheme,Good,Good,"Charging system linked to use of community heating, programmer and at least two room thermostats",Good,Good,Low energy lighting in all fixed outlets,Very Good,Very Good,NO DATA!,,NO DATA!,,,,,NO DATA!,"Apartment A, 5 Park Place",Westminster,Cities of London and Westminster,LONDON,NO DATA!,2017-02-27 09:05:20,owner-occupied,60,60,10033649699,Address Matched,101
1514105959222017022709033399938083,Apartment F,5 Park Place,,SW1A 1LP,8994569478,C,C,74,74,Flat,Detached,2017-02-27,E09000033,E14000639,Greater London Authority,2017-02-27,new dwelling,80,80,157,157,1.2,27,1.2,34,34,283,283,76,76,44.0,standard tariff,,mid floor,,,,,NO DATA!,NO DATA!,,,,,0,Community scheme,Good,Good,Average thermal transmittance 0.2 W/m-¦K,Very Good,Very Good,High performance glazing,Very Good,Very Good,Average thermal transmittance 0.3 W/m-¦K,Very Good,Very Good,None,N/A,N/A,Average thermal transmittance 0.3 W/m-¦K,Good,Good,Community scheme,Good,Good,"Charging system linked to use of community heating, programmer and at least two room thermostats",Good,Good,Low energy lighting in all fixed outlets,Very Good,Very Good,NO DATA!,,NO DATA!,,,,,NO DATA!,"Apartment F, 5 Park Place",Westminster,Cities of London and Westminster,LONDON,NO DATA!,2017-02-27 09:03:33,owner-occupied,15,15,10033649704,Address Matched,101
1520668839962017021819360900638743,Flat B,16 Arlington Street,,SW1A 1RD,4007310578,D,C,67,80,Flat,Mid-Terrace,2017-02-17,E09000033,E14000639,Greater London Authority,2017-02-18,marketed sale,63,82,218,109,2.7,38,1.4,70,51,480,227,101,104,71.0,Unknown,Y,3rd,N,,2107,10,secondary glazing,Normal,0,3,3,60,0,From main system,Good,Good,(another dwelling below),NO DATA!,N/A,Some secondary glazing,Very Poor,Very Poor,"Solid brick, as built, no insulation (assumed)",Very Poor,Very Poor,None,N/A,N/A,(another dwelling above),N/A,N/A,"Boiler and radiators, mains gas",Good,Good,"Programmer, TRVs and bypass",Average,Average,Low energy lighting in 60% of fixed outlets,Good,Good,mains gas (not community),0,unheated corridor,10.06,,,N,natural,"Flat B, 16 Arlington Street",Westminster,Cities of London and Westminster,LONDON,England and Wales: before 1900,2017-02-18 19:36:09,owner-occupied,,,100022722200,Address Matched,100
1512341069922017011921103309818323,Flat 10,"73, St. James's Street",,SW1A 1PH,2078659478,E,B,49,82,Flat,Enclosed Mid-Terrace,2017-01-19,E09000033,E14000639,Greater London Authority,2017-01-19,marketed sale,54,82,373,147,2.4,63,1.0,58,32,526,67,146,162,39.0,Single,N,2nd,N,,2699,0,not defined,Normal,0,2,0,0,0,Electric instantaneous at point of use,Very Poor,Poor,(another dwelling below),NO DATA!,N/A,Single glazed,Very Poor,Very Poor,"Solid brick, as built, no insulation (assumed)",Very Poor,Very Poor,None,N/A,N/A,(another dwelling above),N/A,N/A,No system present: electric heaters assumed,Very Poor,Poor,None,Very Poor,Very Poor,No low energy lighting,Very Poor,Very Poor,To be used only when there is no heating/hot-water system,0,heated corridor,,,,N,natural,"Flat 10, 73, St. James's Street",Westminster,Cities of London and Westminster,LONDON,England and Wales: 1900-1929,2017-01-19 21:10:33,owner-occupied,,,100022805208,Address Matched,100
1509843369062017010908353789268223,Flat 28 Arlington House,Arlington Street,,SW1A 1RL,2837639478,C,B,80,85,Flat,End-Terrace,2017-01-06,E09000033,E14000639,Greater London Authority,2017-01-09,marketed sale,76,83,120,85,5.0,21,3.5,158,124,814,548,149,149,233.0,dual,Y,3rd,N,,2309,100,double glazing installed during or after 2002,Normal,0,4,4,72,0,Community scheme,Good,Very Poor,(another dwelling below),NO DATA!,N/A,Fully double glazed,Good,Good,"Solid brick, as built, no insulation (assumed)",Very Poor,Very Poor,None,N/A,N/A,(another dwelling above),N/A,N/A,Community scheme,Good,Good,"Charging system linked to use of community heating, programmer and room thermostat",Average,Average,Low energy lighting in 72% of fixed outlets,Very Good,Very Good,mains gas (community),0,no corridor,,,,N,natural,"Flat 28 Arlington House, Arlington Street",Westminster,Cities of London and Westminster,LONDON,England and Wales: 1900-1929,2017-01-09 08:35:37,owner-occupied,,,100022722236,Address Matched,100
1505090632632016122010080681978398,Flat 2,"21-22, St. James's Place",,SW1A 1NH,3861309478,C,C,79,79,Flat,Semi-Detached,2016-12-14,E09000033,E14000639,Greater London Authority,2016-12-20,marketed sale,74,74,103,103,7.0,18,7.0,148,148,1351,1351,105,105,383.0,Single,Y,2nd,N,,2506,100,"double glazing, unknown install date",Normal,0,7,7,100,0,Community scheme,Very Good,Very Good,(another dwelling below),NO DATA!,N/A,Fully double glazed,Average,Average,"System built, as built, no insulation (assumed)",Very Poor,Very Poor,None,N/A,N/A,(another dwelling above),N/A,N/A,"Warm air, mains gas",Good,Good,Time and temperature zone control,Very Good,Very Good,Low energy lighting in all fixed outlets,Very Good,Very Good,mains gas (not community),0,unheated corridor,8.88,,,N,natural,"Flat 2, 21-22, St. James's Place",Westminster,Cities of London and Westminster,LONDON,England and Wales: 1930-1949,2016-12-20 10:08:06,owner-occupied,,,100023336837,Address Matched,100
1505222009202016121614483846967408,Ivy Lodge,St. James's Park,,SW1A 2BJ,8257309478,E,C,41,80,House,Detached,2016-11-30,E09000033,E14000639,Greater London Authority,2016-12-16,none of the above,37,78,362,101,6.2,64,1.7,105,62,1200,556,135,75,97.0,Single,Y,NODATA!,,,2106,100,"double glazing, unknown install date",Normal,1,4,4,30,0,From main system,Good,Good,"Suspended, no insulation (assumed)",NO DATA!,N/A,Fully double glazed,Average,Average,"Solid brick, as built, no insulation (assumed)",Very Poor,Very Poor,"Room heaters, electric",N/A,N/A,"Pitched, 100 mm loft insulation",Average,Average,"Boiler and radiators, mains gas",Good,Good,"Programmer, room thermostat and TRVs",Good,Good,Low energy lighting in 30% of fixed outlets,Average,Average,mains gas (not community),0,NO DATA!,,,,N,natural,"Ivy Lodge, St. James's Park",Westminster,Cities of London and Westminster,LONDON,England and Wales: before 1900,2016-12-16 14:48:38,rental (private),,,10033536500,Address Matched,100
1500924874752016113013525897769043,Flat 79,"3, Whitehall Court",,SW1A 2EL,0367478478,D,C,66,70,Flat,Mid-Terrace,2016-11-30,E09000033,E14000639,Greater London Authority,2016-11-30,marketed sale,45,51,188,161,5.5,48,4.8,128,74,736,664,141,141,114.0,Unknown,Y,5th,N,,2307,35,secondary glazing,Normal,0,4,4,23,1,Community scheme,Good,Poor,(another dwelling below),NO DATA!,N/A,Partial secondary glazing,Poor,Poor,"System built, as built, no insulation (assumed)",Very Poor,Very Poor,"Room heaters, mains gas",N/A,N/A,(another dwelling above),N/A,N/A,Community scheme,Good,Poor,"Flat rate charging, TRVs",Average,Average,Low energy lighting in 23% of fixed outlets,Poor,Poor,oil (community),0,heated corridor,,,,N,natural,"Flat 79, 3, Whitehall Court",Westminster,Cities of London and Westminster,LONDON,England and Wales: before 1900,2016-11-30 13:52:58,owner-occupied,,,100023337022,Address Matched,100
1395703009632016111809374488978092,"4, Russell Court",,,SW1A 1DA,0258031478,B,B,81,81,Flat,NO DATA!,2016-11-18,E09000033,E14000639,Greater London Authority,2016-11-18,new dwelling,82,82,111,111,2.0,20,2.0,62,62,338,338,127,127,100.0,standard tariff,,top floor,,,,,NO DATA!,NO DATA!,,,,,0,Community scheme,Good,Good,Average thermal transmittance 0.11 W/m-¦K,Very Good,Very Good,High performance glazing,Very Good,Very Good,Average thermal transmittance 0.13 W/m-¦K,Very Good,Very Good,None,N/A,N/A,Average thermal transmittance 0.15 W/m-¦K,Good,Good,Community scheme,Good,Good,"Charging system linked to use of community heating, TRVs",Good,Good,Low energy lighting in all fixed outlets,Very Good,Very Good,NO DATA!,,NO DATA!,,,,,NO DATA!,"4, Russell Court",Westminster,Cities of London and Westminster,LONDON,NO DATA!,2016-11-18 09:37:44,unknown,10,10,100022798919,Address Matched,101
1395728739842016111809383946169888,"2, Russell Court",,,SW1A 1DA,0838031478,B,B,85,90,House,NO DATA!,2016-11-18,E09000033,E14000639,Greater London Authority,2016-11-18,new dwelling,86,90,74,52,3.0,13,2.1,98,98,566,571,134,134,234.0,standard tariff,,NO DATA!,,,,,NO DATA!,NO DATA!,,,,,0,Community scheme,Good,Good,Average thermal transmittance 0.19 W/m-¦K,Very Good,Very Good,High performance glazing,Very Good,Very Good,Average thermal transmittance 0.24 W/m-¦K,Very Good,Very Good,None,N/A,N/A,Average thermal transmittance 0.15 W/m-¦K,Good,Good,Community scheme,Good,Good,"Charging system linked to use of community heating, TRVs",Good,Good,Low energy lighting in all fixed outlets,Very Good,Very Good,NO DATA!,,NO DATA!,,,,,NO DATA!,"2, Russell Court",Westminster,Cities of London and Westminster,LONDON,NO DATA!,2016-11-18 09:38:39,unknown,10,10,10033635577,Address Matched,101
1395737260412016111809384193969140,"3, Russell Court",,,SW1A 1DA,1048031478,B,B,83,88,House,NO DATA!,2016-11-18,E09000033,E14000639,Greater London Authority,2016-11-18,new dwelling,83,87,87,65,3.6,15,2.7,99,99,698,703,134,134,238.0,standard tariff,,NO DATA!,,,,,NO DATA!,NO DATA!,,,,,0,Community scheme,Good,Good,Average thermal transmittance 0.20 W/m-¦K,Very Good,Very Good,High performance glazing,Very Good,Very Good,Average thermal transmittance 0.24 W/m-¦K,Very Good,Very Good,None,N/A,N/A,Average thermal transmittance 0.15 W/m-¦K,Good,Good,Community scheme,Good,Good,"Charging system linked to use of community heating, TRVs",Good,Good,Low energy lighting in all fixed outlets,Very Good,Very Good,NO DATA!,,NO DATA!,,,,,NO DATA!,"3, Russell Court",Westminster,Cities of London and Westminster,LONDON,NO DATA!,2016-11-18 09:38:41,unknown,10,10,100023336694,Address Matched,101
1396051609922016111809383831388686,"1, Russell Court",,,SW1A 1DA,8338031478,B,B,84,89,House,NO DATA!,2016-11-18,E09000033,E14000639,Greater London Authority,2016-11-18,new dwelling,84,88,84,61,3.3,15,2.4,97,97,617,623,133,133,222.0,standard tariff,,NO DATA!,,,,,NO DATA!,NO DATA!,,,,,0,Community scheme,Good,Good,Average thermal transmittance 0.19 W/m-¦K,Very Good,Very Good,High performance glazing,Very Good,Very Good,Average thermal transmittance 0.24 W/m-¦K,Very Good,Very Good,None,N/A,N/A,Average thermal transmittance 0.15 W/m-¦K,Good,Good,Community scheme,Good,Good,"Charging system linked to use of community heating, TRVs",Good,Good,Low energy lighting in all fixed outlets,Very Good,Very Good,NO DATA!,,NO DATA!,,,,,NO DATA!,"1, Russell Court",Westminster,Cities of London and Westminster,LONDON,NO DATA!,2016-11-18 09:38:38,unknown,10,10,10033635576,Address Matched,101
185272821632016091517060464968708,Flat 3,"21-22, St. James's Place",,SW1A 1NH,2824704568,C,C,77,77,Flat,Mid-Terrace,2016-09-15,E09000033,E14000639,Greater London Authority,2016-09-15,rental (private),70,70,145,145,8.3,26,8.3,147,147,1424,1424,141,141,324.0,Unknown,N,3rd,N,,2306,100,double glazing installed before 2002,Normal,0,7,7,100,0,Community scheme,Good,Good,(another dwelling below),NO DATA!,N/A,Fully double glazed,Average,Average,"System built, as built, no insulation (assumed)",Very Poor,Very Poor,None,N/A,N/A,(another dwelling above),N/A,N/A,Community scheme,Good,Good,"Charging system linked to use of community heating, programmer and TRVs",Good,Good,Low energy lighting in all fixed outlets,Very Good,Very Good,mains gas (community),0,unheated corridor,8.5,2.7,,N,natural,"Flat 3, 21-22, St. James's Place",Westminster,Cities of London and Westminster,LONDON,England and Wales: 1950-1966,2016-09-15 17:06:04,rental (private),,,100023336838,Address Matched,100
1428694193852016091409484996260549,Apartment H,"88, St. James's Street",,SW1A 1PL,5916363478,D,C,60,69,Flat,Enclosed End-Terrace,2016-08-23,E09000033,E14000639,Greater London Authority,2016-09-14,marketed sale,49,61,301,224,6.7,53,5.0,78,78,1172,843,141,141,126.0,Single,N,Ground,N,,2309,100,double glazing installed before 2002,Normal,0,3,3,100,0,Community scheme,Good,Good,(other premises below),NO DATA!,N/A,Fully double glazed,Average,Average,"Solid brick, as built, no insulation (assumed)",Poor,Poor,None,N/A,N/A,(another dwelling above),N/A,N/A,Community scheme,Good,Good,"Charging system linked to use of community heating, programmer and room thermostat",Average,Average,Low energy lighting in all fixed outlets,Very Good,Very Good,mains gas (community),0,heated corridor,,3.0,,N,natural,"Apartment H, 88, St. James's Street",Westminster,Cities of London and Westminster,LONDON,England and Wales: 1900-1929,2016-09-14 09:48:49,unknown,,,10033639373,Address Matched,100
1428848488632016091409435446278308,Apartment G,"88, St. James's Street",,SW1A 1PL,8816363478,D,C,68,72,Flat,Enclosed Mid-Terrace,2016-08-23,E09000033,E14000639,Greater London Authority,2016-09-14,marketed sale,62,68,251,214,3.6,44,3.1,61,61,601,500,132,132,81.0,Single,N,Ground,N,,2309,100,double glazing installed before 2002,Less Than Typical,0,3,3,100,0,Community scheme,Good,Good,(other premises below),NO DATA!,N/A,Fully double glazed,Average,Average,"Solid brick, as built, no insulation (assumed)",Poor,Poor,None,N/A,N/A,(another dwelling above),N/A,N/A,Community scheme,Good,Good,"Charging system linked to use of community heating, programmer and room thermostat",Average,Average,Low energy lighting in all fixed outlets,Very Good,Very Good,mains gas (community),0,heated corridor,,3.0,,N,natural,"Apartment G, 88, St. James's Street",Westminster,Cities of London and Westminster,LONDON,England and Wales: 1900-1929,2016-09-14 09:43:54,unknown,,,10033639372,Address Matched,100
1428873733252016091408581996260943,Apartment A,"88, St. James's Street",,SW1A 1PL,9316363478,D,C,64,75,Maisonette,End-Terrace,2016-08-23,E09000033,E14000639,Greater London Authority,2016-09-14,marketed sale,50,65,227,154,38.0,40,26.0,285,285,7067,4732,166,166,957.0,dual,Y,1st,N,,2309,100,secondary glazing,Normal,3,12,12,100,2,Community scheme,Good,Good,"To unheated space, limited insulation (assumed)",NO DATA!,N/A,Full secondary glazing,Good,Good,"Granite or whinstone, as built, no insulation (assumed)",Very Poor,Very Poor,"Room heaters, mains gas",N/A,N/A,(another dwelling above),N/A,N/A,Community scheme,Good,Good,"Charging system linked to use of community heating, programmer and room thermostat",Average,Average,Low energy lighting in all fixed outlets,Very Good,Very Good,mains gas (community),0,heated corridor,,2.8,,N,natural,"Apartment A, 88, St. James's Street",Westminster,Cities of London and Westminster,LONDON,England and Wales: 1900-1929,2016-09-14 08:58:19,unknown,,,10033639366,Address Matched,100
1479003479262016091409375717478946,Apartment F,"88, St. James's Street",,SW1A 1PL,4138717478,D,C,64,71,Flat,End-Terrace,2016-08-23,E09000033,E14000639,Greater London Authority,2016-09-14,marketed sale,56,65,272,214,4.7,48,3.7,71,71,804,612,137,137,98.0,Single,N,Ground,N,,2309,100,double glazing installed before 2002,Less Than Typical,0,2,2,100,0,Community scheme,Good,Good,(other premises below),NO DATA!,N/A,Fully double glazed,Average,Average,"Solid brick, as built, no insulation (assumed)",Poor,Poor,None,N/A,N/A,(another dwelling above),N/A,N/A,Community scheme,Good,Good,"Charging system linked to use of community heating, programmer and room thermostat",Average,Average,Low energy lighting in all fixed outlets,Very Good,Very Good,mains gas (community),0,heated corridor,,3.0,,N,natural,"Apartment F, 88, St. James's Street",Westminster,Cities of London and Westminster,LONDON,England and Wales: 1900-1929,2016-09-14 09:37:57,unknown,,,10033639371,Address Matched,100
1428487223652016082601130096260148,Apartment E,"88, St. James's Street",,SW1A 1PL,1816363478,C,C,72,72,Maisonette,Semi-Detached,2016-08-23,E09000033,E14000639,Greater London Authority,2016-08-26,none of the above,62,62,181,181,12.0,32,12.0,137,137,2081,2081,149,149,365.0,Single,Y,4th,Y,,2309,100,secondary glazing,More Than Typical,4,7,7,100,3,Community scheme,Good,Good,(another dwelling below),NO DATA!,N/A,Full secondary glazing,Good,Good,"System built, with internal insulation",Good,Good,"Room heaters, mains gas",N/A,N/A,"Flat, insulated",Good,Good,Community scheme,Good,Good,"Charging system linked to use of community heating, programmer and room thermostat",Average,Average,Low energy lighting in all fixed outlets,Very Good,Very Good,mains gas (community),0,heated corridor,,2.45,,N,natural,"Apartment E, 88, St. James's Street",Westminster,Cities of London and Westminster,LONDON,England and Wales: 1900-1929,2016-08-26 01:13:00,unknown,,,10033639370,Address Matched,100
1428633183852016082601052096260447,Apartment D,"88, St. James's Street",,SW1A 1PL,4716363478,D,C,66,74,Flat,Semi-Detached,2016-08-24,E09000033,E14000639,Greater London Authority,2016-08-26,none of the above,54,66,223,163,13.0,39,9.6,137,137,2360,1692,148,148,334.0,Single,Y,4th,Y,,2309,100,secondary glazing,Normal,3,6,6,100,3,Community scheme,Good,Good,(another dwelling below),NO DATA!,N/A,Full secondary glazing,Good,Good,"System built, with internal insulation",Good,Good,"Room heaters, mains gas",N/A,N/A,"Flat, insulated",Good,Good,Community scheme,Good,Good,"Charging system linked to use of community heating, programmer and room thermostat",Average,Average,Low energy lighting in all fixed outlets,Very Good,Very Good,mains gas (community),0,heated corridor,,2.45,,N,natural,"Apartment D, 88, St. James's Street",Westminster,Cities of London and Westminster,LONDON,England and Wales: 1900-1929,2016-08-26 01:05:20,unknown,,,10033639369,Address Matched,100
1428431139222016082520234763858906,Apartment B,"88, St. James's Street",,SW1A 1PL,0616363478,D,C,65,78,Flat,Semi-Detached,2016-08-25,E09000033,E14000639,Greater London Authority,2016-08-25,none of the above,52,71,227,135,18.0,40,11.0,165,165,3346,1914,157,157,461.0,Single,Y,2nd,N,,2309,100,secondary glazing,Normal,1,8,8,100,6,Community scheme,Good,Good,(another dwelling below),NO DATA!,N/A,Full secondary glazing,Good,Good,"Granite or whinstone, as built, no insulation (assumed)",Very Poor,Very Poor,"Room heaters, mains gas",N/A,N/A,(another dwelling above),N/A,N/A,Community scheme,Good,Good,"Charging system linked to use of community heating, programmer and room thermostat",Average,Average,Low energy lighting in all fixed outlets,Very Good,Very Good,mains gas (community),0,heated corridor,,2.6,,N,natural,"Apartment B, 88, St. James's Street",Westminster,Cities of London and Westminster,LONDON,England and Wales: 1900-1929,2016-08-25 20:23:47,unknown,,,10033639367,Address Matched,100
1428787378632016082520311396278306,Apartment C,"88, St. James's Street",,SW1A 1PL,7616363478,C,B,73,83,Flat,Semi-Detached,2016-08-25,E09000033,E14000639,Greater London Authority,2016-08-25,none of the above,63,78,174,103,14.0,31,8.4,165,165,2525,1421,157,157,462.0,Single,Y,3rd,N,,2309,100,secondary glazing,Normal,1,8,8,100,6,Community scheme,Good,Good,(another dwelling below),NO DATA!,N/A,Full secondary glazing,Good,Good,"Granite or whinstone, as built, no insulation (assumed)",Very Poor,Very Poor,"Room heaters, mains gas",N/A,N/A,(another dwelling above),N/A,N/A,Community scheme,Good,Good,"Charging system linked to use of community heating, programmer and room thermostat",Average,Average,Low energy lighting in all fixed outlets,Very Good,Very Good,mains gas (community),0,heated corridor,,2.7,,N,natural,"Apartment C, 88, St. James's Street",Westminster,Cities of London and Westminster,LONDON,England and Wales: 1900-1929,2016-08-25 20:31:13,unknown,,,10033639368,Address Matched,100
1470645657552016081110555095960741,"2, Marlborough Road",St. James's Palace,,SW1A 1BG,7139756478,F,C,36,69,Flat,Mid-Terrace,2016-08-11,E09000033,E14000639,Greater London Authority,2016-08-11,rental (private),32,67,528,213,4.9,93,2.0,60,38,931,369,97,97,52.0,Single,Y,Ground,N,,2106,100,secondary glazing,Normal,1,3,3,43,1,From main system,Very Good,Good,"Suspended, no insulation (assumed)",NO DATA!,N/A,Full secondary glazing,Good,Good,"Solid brick, as built, no insulation (assumed)",Very Poor,Very Poor,"Room heaters, mains gas",N/A,N/A,"Flat, no insulation (assumed)",Very Poor,Very Poor,"Boiler and radiators, mains gas",Good,Good,"Programmer, room thermostat and TRVs",Good,Good,Low energy lighting in 43% of fixed outlets,Average,Average,mains gas (not community),0,no corridor,,2.2,,N,natural,"2, Marlborough Road, St. James's Palace",Westminster,Cities of London and Westminster,LONDON,England and Wales: before 1900,2016-08-11 10:55:50,rental (private),,,10033603185,Address Matched,100
1454300149962016061618214735268566,Flat 7,"73, St. James's Street",,SW1A 1PH,6304445478,D,B,59,81,Flat,Enclosed Mid-Terrace,2016-06-16,E09000033,E14000639,Greater London Authority,2016-06-16,marketed sale,64,88,364,124,1.6,62,0.6,37,22,342,125,101,74,26.0,Single,Y,1st,N,,2602,0,not defined,Normal,0,1,1,29,0,Community scheme,Good,Good,(another dwelling below),NO DATA!,N/A,Single glazed,Very Poor,Very Poor,"Solid brick, as built, no insulation (assumed)",Very Poor,Very Poor,None,N/A,N/A,(another dwelling above),N/A,N/A,"Room heaters, electric",Very Poor,Poor,Appliance thermostats,Good,Good,Low energy lighting in 29% of fixed outlets,Average,Average,electricity (not community),0,heated corridor,,2.75,,N,natural,"Flat 7, 73, St. James's Street",Westminster,Cities of London and Westminster,LONDON,England and Wales: before 1900,2016-06-16 18:21:47,owner-occupied,,,100022805206,Address Matched,100
1445057989102016051922064540469488,Flat 30,"73, St. James's Street",,SW1A 1PH,0135184478,D,D,60,62,Flat,Mid-Terrace,2016-05-18,E09000033,E14000639,Greater London Authority,2016-05-19,marketed sale,53,54,304,293,3.2,54,3.1,85,43,529,536,121,121,60.0,Unknown,N,4th,N,,2301,100,double glazing installed before 2002,Normal,0,2,2,0,0,Community scheme,Good,Good,(another dwelling below),NO DATA!,N/A,Fully double glazed,Average,Average,"Timber frame, as built, no insulation (assumed)",Very Poor,Very Poor,None,N/A,N/A,(another dwelling above),N/A,N/A,Community scheme,Good,Good,"Flat rate charging, no thermostatic control of room temperature",Very Poor,Very Poor,No low energy lighting,Very Poor,Very Poor,mains gas (community),0,unheated corridor,12.0,2.5,,N,natural,"Flat 30, 73, St. James's Street",Westminster,Cities of London and Westminster,LONDON,England and Wales: before 1900,2016-05-19 22:06:45,owner-occupied,,,100022805224,Address Matched,100
1432977699602016041300390847360658,Apartment 1,7 Cleveland Row,,SW1A 1DB,6677293478,E,D,41,57,Flat,End-Terrace,2016-04-05,E09000033,E14000639,Greater London Authority,2016-04-13,marketed sale,46,58,272,208,21.5,46,16.4,282,171,5566,4012,431,415,466.0,dual,N,Ground,N,,2506,100,double glazing installed during or after 2002,Normal,0,8,8,35,0,From main system,Very Poor,Poor,"Solid, no insulation (assumed)",NO DATA!,N/A,Fully double glazed,Good,Good,"Solid brick, as built, no insulation (assumed)",Poor,Poor,None,N/A,N/A,(another dwelling above),N/A,N/A,"Boiler and underfloor heating, electric",Very Poor,Poor,Time and temperature zone control,Very Good,Very Good,Low energy lighting in 35% of fixed outlets,Average,Average,electricity (not community),0,unheated corridor,21.74,3.16,,N,natural,"Apartment 1, 7 Cleveland Row",Westminster,Cities of London and Westminster,LONDON,England and Wales: 1900-1929,2016-04-13 00:39:08,unknown,,,10033633545,Address Matched,100
1411499039102016020911382146260388,Flat 66,"3, Whitehall Court",,SW1A 2EL,7186932478,D,C,68,80,Flat,Mid-Terrace,2016-02-08,E09000033,E14000639,Greater London Authority,2016-02-09,marketed sale,63,80,205,108,3.0,36,1.6,113,58,465,228,135,135,84.0,Single,N,1st,N,,2301,0,not defined,Normal,0,2,2,0,1,Community scheme,Good,Good,(another dwelling below),NO DATA!,N/A,Single glazed,Very Poor,Very Poor,"Solid brick, as built, no insulation (assumed)",Very Poor,Very Poor,None,N/A,N/A,(another dwelling above),N/A,N/A,Community scheme,Good,Good,"Flat rate charging, no thermostatic control of room temperature",Very Poor,Very Poor,No low energy lighting,Very Poor,Very Poor,mains gas (community),0,heated corridor,,,,N,natural,"Flat 66, 3, Whitehall Court",Westminster,Cities of London and Westminster,LONDON,England and Wales: before 1900,2016-02-09 11:38:21,owner-occupied,,,100023337009,Address Matched,100
1408219978112016020317040091260247,Flat 146,"4, Whitehall Court",,SW1A 2EP,2720812478,C,B,69,83,Flat,Mid-Terrace,2016-01-29,E09000033,E14000639,Greater London Authority,2016-02-03,marketed sale,47,74,168,81,5.3,47,2.6,142,73,564,243,142,142,114.0,Single,N,4th,N,,2301,0,not defined,Normal,0,3,3,0,0,Community scheme,Good,Poor,(another dwelling below),NO DATA!,N/A,Single glazed,Very Poor,Very Poor,"Solid brick, as built, no insulation (assumed)",Very Poor,Very Poor,None,N/A,N/A,(another dwelling above),N/A,N/A,Community scheme,Good,Poor,"Flat rate charging, no thermostatic control of room temperature",Very Poor,Very Poor,No low energy lighting,Very Poor,Very Poor,oil (community),0,heated corridor,,,,N,natural,"Flat 146, 4, Whitehall Court",Westminster,Cities of London and Westminster,LONDON,England and Wales: before 1900,2016-02-03 17:04:00,owner-occupied,,,100023337077,Address Matched,100
1405246469262016012118340891708066,Flat 135,"4, Whitehall Court",,SW1A 2EP,6984691478,C,B,70,83,Flat,Mid-Terrace,2016-01-20,E09000033,E14000639,Greater London Authority,2016-01-21,marketed sale,49,75,162,77,5.3,44,2.5,147,76,666,339,143,143,120.0,Single,Y,5th,N,,2307,0,not defined,Normal,0,4,4,0,0,Community scheme,Good,Poor,(another dwelling below),NO DATA!,N/A,Single glazed,Very Poor,Very Poor,"Solid brick, as built, no insulation (assumed)",Very Poor,Very Poor,"Room heaters, mains gas",N/A,N/A,(another dwelling above),N/A,N/A,Community scheme,Good,Poor,"Flat rate charging, TRVs",Average,Average,No low energy lighting,Very Poor,Very Poor,oil (community),0,heated corridor,,,,N,natural,"Flat 135, 4, Whitehall Court",Westminster,Cities of London and Westminster,LONDON,England and Wales: before 1900,2016-01-21 18:34:08,owner-occupied,,,100023337069,Address Matched,100
1401653579002016011211415044169428,Apartment A Cleveland Court,Cleveland Row,,SW1A 1DH,0011271478,C,C,77,77,Flat,NO DATA!,2016-01-12,E09000033,E14000639,Greater London Authority,2016-01-12,new dwelling,78,78,181,181,1.5,32,1.5,40,40,253,253,104,104,47.0,standard tariff,,ground floor,,,,,NO DATA!,NO DATA!,,,,,0,Community scheme,Good,Good,Average thermal transmittance 0.25 W/m-¦K,Good,Good,High performance glazing,Very Good,Very Good,Average thermal transmittance 0.24 W/m-¦K,Very Good,Very Good,None,N/A,N/A,(other premises above),N/A,N/A,Community scheme,Good,Good,"Charging system linked to use of community heating, TRVs",Good,Good,Low energy lighting in all fixed outlets,Very Good,Very Good,NO DATA!,,NO DATA!,,,,,NO DATA!,"Apartment A Cleveland Court, Cleveland Row",Westminster,Cities of London and Westminster,LONDON,NO DATA!,2016-01-12 11:41:50,unknown,10,10,,,101
1401686209632016011211415791978207,Apartment 3 Cleveland Court,Cleveland Row,,SW1A 1DH,0711271478,C,C,75,75,Flat,NO DATA!,2016-01-12,E09000033,E14000639,Greater London Authority,2016-01-12,new dwelling,68,68,162,162,6.8,29,6.8,101,101,1219,1219,135,135,240.0,standard tariff,,top floor,,,,,NO DATA!,NO DATA!,,,,,0,Community scheme,Good,Good,(other premises below),N/A,N/A,Fully double glazed,Good,Good,Average thermal transmittance 0.24 W/m-¦K,Very Good,Very Good,"Room heaters, mains gas",N/A,N/A,Average thermal transmittance 0.18 W/m-¦K,Good,Good,Community scheme,Good,Good,"Charging system linked to use of community heating, TRVs",Good,Good,Low energy lighting in all fixed outlets,Very Good,Very Good,NO DATA!,,NO DATA!,,,,,NO DATA!,"Apartment 3 Cleveland Court, Cleveland Row",Westminster,Cities of London and Westminster,LONDON,NO DATA!,2016-01-12 11:41:57,unknown,10,10,,,101
1401709529922016011211415221228516,Apartment B Cleveland Court,Cleveland Row,,SW1A 1DH,1211271478,C,C,76,76,Flat,NO DATA!,2016-01-12,E09000033,E14000639,Greater London Authority,2016-01-12,new dwelling,76,76,177,177,1.8,31,1.8,49,49,298,298,110,110,58.0,standard tariff,,ground floor,,,,,NO DATA!,NO DATA!,,,,,0,Community scheme,Good,Good,Average thermal transmittance 0.25 W/m-¦K,Good,Good,Fully double glazed,Good,Good,Average thermal transmittance 0.24 W/m-¦K,Very Good,Very Good,None,N/A,N/A,(other premises above),N/A,N/A,Community scheme,Good,Good,"Charging system linked to use of community heating, TRVs",Good,Good,Low energy lighting in all fixed outlets,Very Good,Very Good,NO DATA!,,NO DATA!,,,,,NO DATA!,"Apartment B Cleveland Court, Cleveland Row",Westminster,Cities of London and Westminster,LONDON,NO DATA!,2016-01-12 11:41:52,unknown,10,10,,,101
1401765329962016011211415341828726,Apartment C Cleveland Court,Cleveland Row,,SW1A 1DH,2411271478,C,C,76,76,Flat,NO DATA!,2016-01-12,E09000033,E14000639,Greater London Authority,2016-01-12,new dwelling,76,76,182,182,1.8,32,1.8,41,41,311,311,110,110,57.0,standard tariff,,ground floor,,,,,NO DATA!,NO DATA!,,,,,0,Community scheme,Good,Good,Average thermal transmittance 0.25 W/m-¦K,Good,Good,Fully double glazed,Good,Good,Average thermal transmittance 0.24 W/m-¦K,Very Good,Very Good,None,N/A,N/A,(other premises above),N/A,N/A,Community scheme,Good,Good,"Charging system linked to use of community heating, TRVs",Good,Good,Low energy lighting in all fixed outlets,Very Good,Very Good,NO DATA!,,NO DATA!,,,,,NO DATA!,"Apartment C Cleveland Court, Cleveland Row",Westminster,Cities of London and Westminster,LONDON,NO DATA!,2016-01-12 11:41:53,unknown,10,10,,,101
1401817029962016011211415561228336,Apartment 2 Cleveland Court,Cleveland Row,,SW1A 1DH,3611271478,C,C,80,80,Flat,NO DATA!,2016-01-12,E09000033,E14000639,Greater London Authority,2016-01-12,new dwelling,75,75,126,126,5.3,22,5.3,99,99,930,930,135,135,240.0,standard tariff,,mid floor,,,,,NO DATA!,NO DATA!,,,,,0,Community scheme,Good,Good,(other premises below),N/A,N/A,Fully double glazed,Good,Good,Average thermal transmittance 0.24 W/m-¦K,Very Good,Very Good,"Room heaters, mains gas",N/A,N/A,(other premises above),N/A,N/A,Community scheme,Good,Good,"Charging system linked to use of community heating, TRVs",Good,Good,Low energy lighting in all fixed outlets,Very Good,Very Good,NO DATA!,,NO DATA!,,,,,NO DATA!,"Apartment 2 Cleveland Court, Cleveland Row",Westminster,Cities of London and Westminster,LONDON,NO DATA!,2016-01-12 11:41:55,unknown,10,10,,,101
1398164459922015122115421531588675,Flat 2,53 Whitehall,,SW1A 2HP,7358541478,D,C,63,76,Flat,Semi-Detached,2015-12-18,E09000033,E14000639,Greater London Authority,2015-12-21,rental (private),59,73,305,202,3.3,52,2.2,47,47,588,327,182,156,64.0,Unknown,N,3rd,Y,,2504,100,secondary glazing,Normal,0,3,3,100,0,"Electric immersion, off-peak",Poor,Poor,(another dwelling below),NO DATA!,N/A,Full secondary glazing,Good,Good,"Solid brick, as built, no insulation (assumed)",Poor,Poor,None,N/A,N/A,"Flat, insulated",Good,Good,"Air source heat pump, warm air, electric",Average,Good,Programmer and room thermostat,Average,Average,Low energy lighting in all fixed outlets,Very Good,Very Good,electricity (not community),0,no corridor,,,,N,natural,"Flat 2, 53 Whitehall",Westminster,Cities of London and Westminster,LONDON,England and Wales: 1900-1929,2015-12-21 15:42:15,rental (private),,,,,100
1398231259962015122115171901888895,Flat 1,53 Whitehall,,SW1A 2HP,9058541478,D,C,57,69,Flat,Semi-Detached,2015-12-18,E09000033,E14000639,Greater London Authority,2015-12-21,rental (private),54,66,350,254,3.8,59,2.8,47,47,720,478,182,156,64.0,Unknown,N,2nd,N,,2504,100,secondary glazing,Normal,0,3,3,100,0,"Electric immersion, off-peak",Poor,Poor,(other premises below),NO DATA!,N/A,Full secondary glazing,Good,Good,"Solid brick, as built, no insulation (assumed)",Poor,Poor,None,N/A,N/A,(another dwelling above),N/A,N/A,"Air source heat pump, warm air, electric",Average,Good,Programmer and room thermostat,Average,Average,Low energy lighting in all fixed outlets,Very Good,Very Good,electricity (not community),0,no corridor,,,,N,natural,"Flat 1, 53 Whitehall",Westminster,Cities of London and Westminster,LONDON,England and Wales: 1900-1929,2015-12-21 15:17:19,rental (private),,,,,100
49628104912015113020185890259854,Flat C,16 Arlington Street,,SW1A 1RD,8463406568,D,D,60,64,Flat,Mid-Terrace,2015-11-24,E09000033,E14000639,Greater London Authority,2015-11-30,rental (private),51,55,234,213,5.8,41,5.2,142,82,1003,939,143,143,139.0,Single,Y,5th,Y,,2106,0,not defined,Much More Than Typical,0,5,5,27,0,From main system,Good,Good,(another dwelling below),NO DATA!,N/A,Mostly multiple glazing,Average,Average,"Solid brick, as built, no insulation (assumed)",Very Poor,Very Poor,None,N/A,N/A,"Roof room(s), no insulation (assumed)",Very Poor,Very Poor,"Boiler and radiators, mains gas",Good,Good,"Programmer, room thermostat and TRVs",Good,Good,Low energy lighting in 27% of fixed outlets,Average,Average,mains gas (not community),0,unheated corridor,6.944,,,N,natural,"Flat C, 16 Arlington Street",Westminster,Cities of London and Westminster,LONDON,England and Wales: before 1900,2015-11-30 20:18:58,rental (private),,,,,100
1377795139262015102219082210898045,Flat 17,"25, Whitehall",,SW1A 2BS,4114300478,E,E,48,54,Flat,Mid-Terrace,2015-10-21,E09000033,E14000639,Greater London Authority,2015-10-22,rental (private),53,58,292,256,3.5,49,3.1,99,49,637,562,276,276,71.0,Single,N,4th,N,,2106,100,secondary glazing,Normal,0,3,3,0,0,From main system,Very Poor,Poor,(another dwelling below),NO DATA!,N/A,Full secondary glazing,Good,Good,"Timber frame, as built, no insulation (assumed)",Very Poor,Very Poor,None,N/A,N/A,(another dwelling above),N/A,N/A,"Boiler and radiators, electric",Very Poor,Poor,"Programmer, room thermostat and TRVs",Good,Good,No low energy lighting,Very Poor,Very Poor,electricity (not community),0,heated corridor,,,,N,natural,"Flat 17, 25, Whitehall",Westminster,Cities of London and Westminster,LONDON,England and Wales: before 1900,2015-10-22 19:08:22,rental (private),,,200002374714,Address Matched,100
1374997100532015101508155368978195,Flat 113,"4, Whitehall Court",,SW1A 2EP,0588189378,C,B,70,82,Flat,Enclosed Mid-Terrace,2015-10-12,E09000033,E14000639,Greater London Authority,2015-10-15,rental (private),64,81,216,115,4.2,38,2.2,83,85,714,344,116,116,109.0,Single,Y,1st,N,,2301,0,not defined,Normal,0,3,3,78,0,Community scheme,Good,Good,(another dwelling below),NO DATA!,N/A,Single glazed,Very Poor,Very Poor,"Sandstone or limestone, as built, no insulation (assumed)",Very Poor,Very Poor,None,N/A,N/A,(another dwelling above),N/A,N/A,Community scheme,Good,Good,"Flat rate charging, no thermostatic control of room temperature",Very Poor,Very Poor,Low energy lighting in 78% of fixed outlets,Very Good,Very Good,mains gas (community),0,heated corridor,,,,N,natural,"Flat 113, 4, Whitehall Court",Westminster,Cities of London and Westminster,LONDON,England and Wales: before 1900,2015-10-15 08:15:53,rental (private),,,100023337053,Address Matched,100
35140899922015092306592372708415,Flat 3,35 Spring Gardens,,SW1A 2BA,1712982568,D,C,56,75,Flat,Mid-Terrace,2015-09-10,E09000033,E14000639,Greater London Authority,2015-09-23,unknown,49,73,280,147,4.7,49,2.4,120,60,780,403,131,133,94.0,Single,Y,3rd,Y,,2106,75,secondary glazing,Normal,0,3,3,0,0,From main system,Good,Good,(another dwelling below),NO DATA!,N/A,Partial secondary glazing,Average,Average,"Solid brick, as built, no insulation (assumed)",Very Poor,Very Poor,None,N/A,N/A,"Pitched, no insulation",Very Poor,Very Poor,"Boiler and radiators, mains gas",Good,Good,"Programmer, room thermostat and TRVs",Good,Good,No low energy lighting,Very Poor,Very Poor,mains gas (not community),0,heated corridor,,,,N,natural,"Flat 3, 35 Spring Gardens",Westminster,Cities of London and Westminster,LONDON,England and Wales: before 1900,2015-09-23 06:59:23,unknown,,,100022803243,Address Matched,100
1353470818532015092109571497078001,Flat 4,1 Bennett Street,,SW1A 1RP,1177038378,B,B,81,81,Flat,NO DATA!,2015-08-03,E09000033,E14000639,Greater London Authority,2015-09-21,new dwelling,83,83,131,131,1.4,22,1.4,43,43,244,244,118,118,64.0,standard tariff,,top floor,,,,,NO DATA!,NO DATA!,,,,,0,"From main system, plus solar",Good,Very Good,(other premises below),N/A,N/A,Fully double glazed,Very Good,Very Good,Average thermal transmittance 0.47 W/m-¦K,Good,Good,None,N/A,N/A,Average thermal transmittance 0.2 W/m-¦K,Good,Good,"Air source heat pump, Underfloor heating, pipes in screed above insulation, electric",Very Good,Very Good,Time and temperature zone control,Very Good,Very Good,Low energy lighting in all fixed outlets,Very Good,Very Good,"Electricity: electricity, unspecified tariff",,NO DATA!,,,,,NO DATA!,"Flat 4, 1 Bennett Street",Westminster,Cities of London and Westminster,LONDON,NO DATA!,2015-09-21 09:57:14,unknown,10,10,,,101
1353476639202015092109571235850678,Flat 3,1 Bennett Street,,SW1A 1RP,1297038378,C,C,79,79,Flat,NO DATA!,2015-08-03,E09000033,E14000639,Greater London Authority,2015-09-21,new dwelling,81,81,143,143,1.5,24,1.5,42,42,269,269,116,116,61.0,standard tariff,,top floor,,,,,NO DATA!,NO DATA!,,,,,0,"From main system, plus solar",Good,Very Good,(other premises below),N/A,N/A,Fully double glazed,Very Good,Very Good,Average thermal transmittance 0.53 W/m-¦K,Good,Good,None,N/A,N/A,Average thermal transmittance 0.2 W/m-¦K,Good,Good,"Air source heat pump, Underfloor heating, pipes in screed above insulation, electric",Very Good,Very Good,Time and temperature zone control,Very Good,Very Good,Low energy lighting in all fixed outlets,Very Good,Very Good,"Electricity: electricity, unspecified tariff",,NO DATA!,,,,,NO DATA!,"Flat 3, 1 Bennett Street",Westminster,Cities of London and Westminster,LONDON,NO DATA!,2015-09-21 09:57:12,unknown,10,10,,,101
1353525110152015092109571693050233,Flat 5,1 Bennett Street,,SW1A 1RP,2377038378,B,B,82,82,Flat,NO DATA!,2015-08-03,E09000033,E14000639,Greater London Authority,2015-09-21,new dwelling,84,84,124,124,1.3,21,1.3,48,48,222,222,119,119,64.0,standard tariff,,top floor,,,,,NO DATA!,NO DATA!,,,,,0,"From main system, plus solar",Good,Very Good,(other premises below),N/A,N/A,Fully double glazed,Very Good,Very Good,Average thermal transmittance 0.63 W/m-¦K,Average,Average,None,N/A,N/A,Average thermal transmittance 0.2 W/m-¦K,Good,Good,"Air source heat pump, Underfloor heating, pipes in screed above insulation, electric",Very Good,Very Good,Time and temperature zone control,Very Good,Very Good,Low energy lighting in all fixed outlets,Very Good,Very Good,"Electricity: electricity, unspecified tariff",,NO DATA!,,,,,NO DATA!,"Flat 5, 1 Bennett Street",Westminster,Cities of London and Westminster,LONDON,NO DATA!,2015-09-21 09:57:16,unknown,10,10,,,101
1353607948532015092109571127078004,Flat 2,1 Bennett Street,,SW1A 1RP,4487038378,B,B,82,82,Flat,NO DATA!,2015-08-03,E09000033,E14000639,Greater London Authority,2015-09-21,new dwelling,83,83,125,125,1.4,21,1.4,45,45,227,227,119,119,64.0,standard tariff,,top floor,,,,,NO DATA!,NO DATA!,,,,,0,"From main system, plus solar",Good,Very Good,(other premises below),N/A,N/A,Fully double glazed,Very Good,Very Good,Average thermal transmittance 0.49 W/m-¦K,Good,Good,None,N/A,N/A,Average thermal transmittance 0.2 W/m-¦K,Good,Good,"Air source heat pump, Underfloor heating, pipes in screed above insulation, electric",Very Good,Very Good,Time and temperature zone control,Very Good,Very Good,Low energy lighting in all fixed outlets,Very Good,Very Good,"Electricity: electricity, unspecified tariff",,NO DATA!,,,,,NO DATA!,"Flat 2, 1 Bennett Street",Westminster,Cities of London and Westminster,LONDON,NO DATA!,2015-09-21 09:57:11,unknown,10,10,,,101
1353680758532015092109571047078008,Flat 1,1 Bennett Street,,SW1A 1RP,5857038378,B,B,82,82,Flat,NO DATA!,2015-08-03,E09000033,E14000639,Greater London Authority,2015-09-21,new dwelling,84,84,116,116,1.4,20,1.4,51,51,230,230,125,125,72.0,standard tariff,,top floor,,,,,NO DATA!,NO DATA!,,,,,0,"From main system, plus solar",Good,Very Good,(other premises below),N/A,N/A,Fully double glazed,Very Good,Very Good,Average thermal transmittance 0.56 W/m-¦K,Good,Good,None,N/A,N/A,Average thermal transmittance 0.2 W/m-¦K,Good,Good,"Air source heat pump, Underfloor heating, pipes in screed above insulation, electric",Very Good,Very Good,Time and temperature zone control,Very Good,Very Good,Low energy lighting in all fixed outlets,Very Good,Very Good,"Electricity: electricity, unspecified tariff",,NO DATA!,,,,,NO DATA!,"Flat 1, 1 Bennett Street",Westminster,Cities of London and Westminster,LONDON,NO DATA!,2015-09-21 09:57:10,unknown,10,10,,,101
1353570509962015081317103308478335,Apartment 1,Bennet House,54 St. James's Street,SW1A 1JT,3064038378,C,C,77,77,Flat,NO DATA!,2015-08-13,E09000033,E14000639,Greater London Authority,2015-08-13,new dwelling,74,74,139,139,4.0,24,4.0,79,79,745,745,111,111,162.0,standard tariff,,mid floor,,,,,NO DATA!,NO DATA!,,,,,0,From main system,Good,Good,Average thermal transmittance 0.04 W/m-¦K,Very Good,Very Good,High performance glazing,Very Good,Very Good,Average thermal transmittance 0.30 W/m-¦K,Good,Good,None,N/A,N/A,Average thermal transmittance 0.11 W/m-¦K,Very Good,Very Good,"Boiler & underfloor, mains gas",Good,Good,Time and temperature zone control,Very Good,Very Good,Low energy lighting in all fixed outlets,Very Good,Very Good,mains gas - this is for backwards compatibility only and should not be used,,NO DATA!,,,,,NO DATA!,"Apartment 1, Bennet House, 54 St. James's Street",Westminster,Cities of London and Westminster,LONDON,NO DATA!,2015-08-13 17:10:33,unknown,10,10,10033633178,Address Matched,101
1353639339902015081317104036859678,Apartment 5,Bennet House,54 St. James's Street,SW1A 1JT,4964038378,C,C,79,79,Maisonette,NO DATA!,2015-08-13,E09000033,E14000639,Greater London Authority,2015-08-13,new dwelling,77,77,124,124,3.8,22,3.8,83,83,717,717,112,112,177.0,standard tariff,,top floor,,,,,NO DATA!,NO DATA!,,,,,0,From main system,Good,Good,(other premises below),N/A,N/A,High performance glazing,Very Good,Very Good,Average thermal transmittance 0.24 W/m-¦K,Very Good,Very Good,None,N/A,N/A,Average thermal transmittance 0.11 W/m-¦K,Very Good,Very Good,"Boiler & underfloor, mains gas",Good,Good,Time and temperature zone control,Very Good,Very Good,Low energy lighting in all fixed outlets,Very Good,Very Good,mains gas - this is for backwards compatibility only and should not be used,,NO DATA!,,,,,NO DATA!,"Apartment 5, Bennet House, 54 St. James's Street",Westminster,Cities of London and Westminster,LONDON,NO DATA!,2015-08-13 17:10:40,unknown,10,10,10033633182,Address Matched,101
1353665180912015081317103693950534,Apartment 3,Bennet House,54 St. James's Street,SW1A 1JT,5464038378,B,B,82,82,Flat,NO DATA!,2015-08-13,E09000033,E14000639,Greater London Authority,2015-08-13,new dwelling,82,82,101,101,2.8,18,2.8,82,82,501,501,112,112,155.0,standard tariff,,mid floor,,,,,NO DATA!,NO DATA!,,,,,0,From main system,Good,Good,(other premises below),N/A,N/A,High performance glazing,Very Good,Very Good,Average thermal transmittance 0.31 W/m-¦K,Good,Good,None,N/A,N/A,(other premises above),N/A,N/A,"Boiler & underfloor, mains gas",Good,Good,Time and temperature zone control,Very Good,Very Good,Low energy lighting in all fixed outlets,Very Good,Very Good,mains gas - this is for backwards compatibility only and should not be used,,NO DATA!,,,,,NO DATA!,"Apartment 3, Bennet House, 54 St. James's Street",Westminster,Cities of London and Westminster,LONDON,NO DATA!,2015-08-13 17:10:36,unknown,10,10,10033633180,Address Matched,101
1353722760552015081317103893950636,Apartment 4,Bennet House,54 St. James's Street,SW1A 1JT,6664038378,B,B,83,83,Flat,NO DATA!,2015-08-13,E09000033,E14000639,Greater London Authority,2015-08-13,new dwelling,83,83,95,95,2.6,17,2.6,86,86,462,462,112,112,155.0,standard tariff,,mid floor,,,,,NO DATA!,NO DATA!,,,,,0,From main system,Good,Good,(other premises below),N/A,N/A,High performance glazing,Very Good,Very Good,Average thermal transmittance 0.31 W/m-¦K,Good,Good,None,N/A,N/A,(other premises above),N/A,N/A,"Boiler & underfloor, mains gas",Good,Good,Time and temperature zone control,Very Good,Very Good,Low energy lighting in all fixed outlets,Very Good,Very Good,mains gas - this is for backwards compatibility only and should not be used,,NO DATA!,,,,,NO DATA!,"Apartment 4, Bennet House, 54 St. James's Street",Westminster,Cities of London and Westminster,LONDON,NO DATA!,2015-08-13 17:10:38,unknown,10,10,10033633181,Address Matched,101
1353791639342015081317103537859478,Apartment 2,Bennet House,54 St. James's Street,SW1A 1JT,8364038378,B,B,81,81,Flat,NO DATA!,2015-08-13,E09000033,E14000639,Greater London Authority,2015-08-13,new dwelling,80,80,111,111,3.0,19,3.0,82,82,555,555,112,112,155.0,standard tariff,,mid floor,,,,,NO DATA!,NO DATA!,,,,,0,From main system,Good,Good,(other premises below),N/A,N/A,High performance glazing,Very Good,Very Good,Average thermal transmittance 0.31 W/m-¦K,Good,Good,None,N/A,N/A,(other premises above),N/A,N/A,"Boiler & underfloor, mains gas",Good,Good,Time and temperature zone control,Very Good,Very Good,Low energy lighting in all fixed outlets,Very Good,Very Good,mains gas - this is for backwards compatibility only and should not be used,,NO DATA!,,,,,NO DATA!,"Apartment 2, Bennet House, 54 St. James's Street",Westminster,Cities of London and Westminster,LONDON,NO DATA!,2015-08-13 17:10:35,unknown,10,10,10033633179,Address Matched,101
1324444766912015060409104992050130,Flat 1 Ryger House,"11, Arlington Street",,SW1A 1RD,1012626378,B,B,81,81,Maisonette,NO DATA!,2015-06-04,E09000033,E14000639,Greater London Authority,2015-06-04,new dwelling,81,81,109,109,2.6,19,2.6,77,77,484,484,109,109,136.0,standard tariff,,ground floor,,,,,NO DATA!,NO DATA!,,,,,0,From main system,Good,Good,Average thermal transmittance 0.25 W/m-¦K,Good,Good,High performance glazing,Very Good,Very Good,Average thermal transmittance 0.21 W/m-¦K,Very Good,Very Good,None,N/A,N/A,Average thermal transmittance 0.15 W/m-¦K,Good,Good,"Boiler & underfloor, mains gas",Good,Good,Time and temperature zone control,Very Good,Very Good,Low energy lighting in all fixed outlets,Very Good,Very Good,mains gas - this is for backwards compatibility only and should not be used,,NO DATA!,,,,,NO DATA!,"Flat 1 Ryger House, 11, Arlington Street",Westminster,Cities of London and Westminster,LONDON,NO DATA!,2015-06-04 09:10:49,unknown,10,10,10033628517,Address Matched,101
1324463269062015060409110696548605,Flat 5 Ryger House,"11, Arlington Street",,SW1A 1RD,0922626378,B,B,84,84,Flat,NO DATA!,2015-06-04,E09000033,E14000639,Greater London Authority,2015-06-04,new dwelling,83,83,86,86,3.5,15,3.5,100,100,656,656,114,114,232.0,standard tariff,,mid floor,,,,,NO DATA!,NO DATA!,,,,,0,From main system,Good,Good,(other premises below),N/A,N/A,High performance glazing,Very Good,Very Good,Average thermal transmittance 0.22 W/m-¦K,Very Good,Very Good,None,N/A,N/A,Average thermal transmittance 0.12 W/m-¦K,Very Good,Very Good,"Boiler & underfloor, mains gas",Good,Good,Time and temperature zone control,Very Good,Very Good,Low energy lighting in all fixed outlets,Very Good,Very Good,mains gas - this is for backwards compatibility only and should not be used,,NO DATA!,,,,,NO DATA!,"Flat 5 Ryger House, 11, Arlington Street",Westminster,Cities of London and Westminster,LONDON,NO DATA!,2015-06-04 09:11:06,unknown,10,10,10033628521,Address Matched,101
1324522346112015060409110492050239,Flat 4 Ryger House,"11, Arlington Street",,SW1A 1RD,2912626378,B,B,86,86,Flat,NO DATA!,2015-06-04,E09000033,E14000639,Greater London Authority,2015-06-04,new dwelling,87,87,68,68,2.7,12,2.7,100,100,511,511,115,115,233.0,standard tariff,,mid floor,,,,,NO DATA!,NO DATA!,,,,,0,From main system,Good,Good,(other premises below),N/A,N/A,High performance glazing,Very Good,Very Good,Average thermal transmittance 0.22 W/m-¦K,Very Good,Very Good,None,N/A,N/A,(other premises above),N/A,N/A,"Boiler & underfloor, mains gas",Good,Good,Time and temperature zone control,Very Good,Very Good,Low energy lighting in all fixed outlets,Very Good,Very Good,mains gas - this is for backwards compatibility only and should not be used,,NO DATA!,,,,,NO DATA!,"Flat 4 Ryger House, 11, Arlington Street",Westminster,Cities of London and Westminster,LONDON,NO DATA!,2015-06-04 09:11:04,unknown,10,10,10033628520,Address Matched,101
1324592146532015060409105892078606,Flat 3 Ryger House,"11, Arlington Street",,SW1A 1RD,4612626378,B,B,86,86,Flat,NO DATA!,2015-06-04,E09000033,E14000639,Greater London Authority,2015-06-04,new dwelling,86,86,70,70,2.8,12,2.8,100,100,529,529,115,115,233.0,standard tariff,,mid floor,,,,,NO DATA!,NO DATA!,,,,,0,From main system,Good,Good,Average thermal transmittance 0.23 W/m-¦K,Good,Good,High performance glazing,Very Good,Very Good,Average thermal transmittance 0.22 W/m-¦K,Very Good,Very Good,None,N/A,N/A,(other premises above),N/A,N/A,"Boiler & underfloor, mains gas",Good,Good,Time and temperature zone control,Very Good,Very Good,Low energy lighting in all fixed outlets,Very Good,Very Good,mains gas - this is for backwards compatibility only and should not be used,,NO DATA!,,,,,NO DATA!,"Flat 3 Ryger House, 11, Arlington Street",Westminster,Cities of London and Westminster,LONDON,NO DATA!,2015-06-04 09:10:58,unknown,10,10,10033628519,Address Matched,101
1324785169022015060409105126148595,Flat 2 Ryger House,"11, Arlington Street",,SW1A 1RD,9212626378,B,B,84,84,Flat,NO DATA!,2015-06-04,E09000033,E14000639,Greater London Authority,2015-06-04,new dwelling,83,83,86,86,3.2,15,3.2,95,95,605,605,111,111,217.0,standard tariff,,mid floor,,,,,NO DATA!,NO DATA!,,,,,0,From main system,Good,Good,Average thermal transmittance 0.26 W/m-¦K,Good,Good,High performance glazing,Very Good,Very Good,Average thermal transmittance 0.20 W/m-¦K,Very Good,Very Good,None,N/A,N/A,(other premises above),N/A,N/A,"Boiler & underfloor, mains gas",Good,Good,Time and temperature zone control,Very Good,Very Good,Low energy lighting in all fixed outlets,Very Good,Very Good,mains gas - this is for backwards compatibility only and should not be used,,NO DATA!,,,,,NO DATA!,"Flat 2 Ryger House, 11, Arlington Street",Westminster,Cities of London and Westminster,LONDON,NO DATA!,2015-06-04 09:10:51,unknown,10,10,10033628518,Address Matched,101
458606669062015030408550864778995,Flat 2,"1, St. James's Street",,SW1A 1EF,9632604768,C,B,75,82,Flat,End-Terrace,2015-03-03,E09000033,E14000639,Greater London Authority,2015-03-04,none of the above,74,84,142,90,2.4,25,1.5,97,61,362,219,138,141,96.0,Unknown,Y,2nd,N,,2106,100,secondary glazing,Normal,0,3,3,42,1,From main system,Good,Good,(another dwelling below),NO DATA!,N/A,Full secondary glazing,Good,Good,"Solid brick, as built, no insulation (assumed)",Very Poor,Very Poor,None,N/A,N/A,(another dwelling above),N/A,N/A,"Boiler and radiators, mains gas",Good,Good,"Programmer, room thermostat and TRVs",Good,Good,Low energy lighting in 42% of fixed outlets,Average,Average,mains gas (not community),0,heated corridor,,,,N,natural,"Flat 2, 1, St. James's Street",Westminster,Cities of London and Westminster,LONDON,England and Wales: before 1900,2015-03-04 08:55:08,owner-occupied,,,100023336809,Address Matched,100
468712347012015030410583697050473,Flat 5,"1, St. James's Street",,SW1A 1EF,4353774768,C,C,72,79,Flat,End-Terrace,2015-03-04,E09000033,E14000639,Greater London Authority,2015-03-04,marketed sale,69,78,154,106,3.3,27,2.3,143,72,524,383,112,113,121.0,Unknown,Y,5th,Y,,2106,100,secondary glazing,Normal,0,4,4,0,1,From main system,Good,Good,(another dwelling below),NO DATA!,N/A,Full secondary glazing,Good,Good,"Solid brick, as built, no insulation (assumed)",Very Poor,Very Poor,None,N/A,N/A,"Pitched, insulated at rafters",Average,Average,"Boiler and radiators, mains gas",Good,Good,"Programmer, room thermostat and TRVs",Good,Good,No low energy lighting,Very Poor,Very Poor,mains gas (not community),0,heated corridor,,,,N,natural,"Flat 5, 1, St. James's Street",Westminster,Cities of London and Westminster,LONDON,England and Wales: before 1900,2015-03-04 10:58:36,owner-occupied,,,100023336812,Address Matched,100
1263933699402015012910223136152788,Flat 86,3 Whitehall Court,,SW1A 2EL,6414091378,E,C,46,76,Flat,Mid-Terrace,2015-01-28,E09000033,E14000639,Greater London Authority,2015-01-29,marketed sale,41,75,436,171,5.5,76,2.2,96,49,1007,372,125,125,72.0,Single,N,5th,N,,2301,0,not defined,Normal,0,3,3,0,0,Community scheme,Good,Good,(another dwelling below),NO DATA!,N/A,Single glazed,Very Poor,Very Poor,"Solid brick, as built, no insulation (assumed)",Very Poor,Very Poor,"Room heaters, electric",N/A,N/A,(another dwelling above),N/A,N/A,Community scheme,Good,Good,"Flat rate charging, no thermostatic control of room temperature",Very Poor,Very Poor,No low energy lighting,Very Poor,Very Poor,mains gas (community),0,heated corridor,,,,N,natural,"Flat 86, 3 Whitehall Court",Westminster,Cities of London and Westminster,LONDON,England and Wales: before 1900,2015-01-29 10:22:31,unknown,,,100023337027,Address Matched,100
1262866328152015012818573098250736,Flat 85,"3, Whitehall Court",,SW1A 2EL,7630881378,C,B,77,85,Flat,Mid-Terrace,2015-01-28,E09000033,E14000639,Greater London Authority,2015-01-28,marketed sale,74,85,150,89,3.1,26,1.8,141,71,447,262,138,138,116.0,Single,N,5th,N,,2301,66,"double glazing, unknown install date",Normal,0,3,3,0,0,Community scheme,Good,Good,(another dwelling below),NO DATA!,N/A,Partial double glazing,Poor,Poor,"Solid brick, as built, no insulation (assumed)",Very Poor,Very Poor,None,N/A,N/A,(another dwelling above),N/A,N/A,Community scheme,Good,Good,"Flat rate charging, no thermostatic control of room temperature",Very Poor,Very Poor,No low energy lighting,Very Poor,Very Poor,mains gas (community),0,heated corridor,,,,N,natural,"Flat 85, 3, Whitehall Court",Westminster,Cities of London and Westminster,LONDON,England and Wales: before 1900,2015-01-28 18:57:30,unknown,,,100023337026,Address Matched,100
1253182819222015010413312241578284,Flat 81,"3, Whitehall Court",,SW1A 2EL,8430121378,C,B,76,85,Flat,Mid-Terrace,2014-12-23,E09000033,E14000639,Greater London Authority,2015-01-04,marketed sale,73,86,134,71,2.8,23,1.5,142,73,400,199,138,138,120.0,Unknown,Y,2nd,N,,2301,0,not defined,Normal,0,3,3,0,0,Community scheme,Good,Good,(another dwelling below),NO DATA!,N/A,Single glazed,Very Poor,Very Poor,"Solid brick, as built, no insulation (assumed)",Very Poor,Very Poor,None,N/A,N/A,(another dwelling above),N/A,N/A,Community scheme,Good,Good,"Flat rate charging, no thermostatic control of room temperature",Very Poor,Very Poor,No low energy lighting,Very Poor,Very Poor,mains gas (community),0,unheated corridor,7.4,,,N,natural,"Flat 81, 3, Whitehall Court",Westminster,Cities of London and Westminster,LONDON,England and Wales: 1900-1929,2015-01-04 13:31:22,owner-occupied,,,100023337023,Address Matched,100
1249093499742014121212041532049198,Tower Three,3-4 Whitehall Court,,SW1A 2EL,6770190378,G,G,9,20,Flat,Detached,2014-12-11,E09000033,E14000639,Greater London Authority,2014-12-12,marketed sale,23,31,510,414,9.6,87,7.8,134,67,2388,1954,132,132,111.0,Single,Y,7th,Y,,2106,80,double glazing installed before 2002,Normal,1,3,3,0,0,Community scheme,Good,Good,(another dwelling below),NO DATA!,N/A,Mostly double glazing,Poor,Poor,"Timber frame, as built, partial insulation (assumed)",Average,Average,None,N/A,N/A,"Pitched, limited insulation (assumed)",Very Poor,Very Poor,"Boiler and radiators, electric",Very Poor,Poor,"Programmer, room thermostat and TRVs",Good,Good,No low energy lighting,Very Poor,Very Poor,electricity (not community),0,no corridor,,,,N,natural,"Tower Three, 3-4 Whitehall Court",Westminster,Cities of London and Westminster,LONDON,England and Wales: 1967-1975,2014-12-12 12:04:15,owner-occupied,,,,,100
1246880688412014120823420897049135,Flat 151,"4, Whitehall Court",,SW1A 2EP,1500870378,D,C,68,80,Flat,Mid-Terrace,2014-12-08,E09000033,E14000639,Greater London Authority,2014-12-08,marketed sale,44,68,216,119,6.5,63,3.5,64,65,635,282,217,217,104.0,Unknown,N,7th,N,,2301,33,secondary glazing,Normal,0,4,4,100,0,Community scheme,Good,Poor,(another dwelling below),NO DATA!,N/A,Partial secondary glazing,Poor,Poor,"Solid brick, as built, no insulation (assumed)",Very Poor,Very Poor,None,N/A,N/A,(another dwelling above),N/A,N/A,Community scheme,Good,Poor,"Flat rate charging, no thermostatic control of room temperature",Very Poor,Very Poor,Low energy lighting in all fixed outlets,Very Good,Very Good,oil (community),0,heated corridor,,,,N,natural,"Flat 151, 4, Whitehall Court",Westminster,Cities of London and Westminster,LONDON,England and Wales: before 1900,2014-12-08 23:42:08,unknown,,,100023337080,Address Matched,100
1235395499942014111217595822949028,Flat 148,"4, Whitehall Court",,SW1A 2EP,9976499278,D,C,59,71,Flat,End-Terrace,2014-11-12,E09000033,E14000639,Greater London Authority,2014-11-12,marketed sale,52,66,212,146,9.8,41,6.8,202,106,1832,1278,149,149,241.0,Unknown,Y,6th,Y,,2106,70,double glazing installed before 2002,Normal,1,5,5,9,0,From main system,Good,Good,(other premises below),N/A,N/A,Partial double glazing,Poor,Poor,"Solid brick, as built, no insulation (assumed)",Very Poor,Very Poor,None,N/A,N/A,"Pitched, insulated at rafters",Poor,Poor,"Boiler and radiators, mains gas",Good,Good,"Programmer, room thermostat and TRVs",Good,Good,Low energy lighting in 9% of fixed outlets,Very Poor,Very Poor,mains gas (not community),0,heated corridor,,,0.0,,natural,"Flat 148, 4, Whitehall Court",Westminster,Cities of London and Westminster,LONDON,England and Wales: before 1900,2014-11-12 17:59:58,owner-occupied,22,2,100023337113,Address Matched,100
1227827400432014110316135310278492,Flat 3,Arlington House,Arlington Street,SW1A 1RJ,0200449278,C,C,72,74,Maisonette,Enclosed Mid-Terrace,2014-10-27,E09000033,E14000639,Greater London Authority,2014-11-03,marketed sale,76,79,120,108,3.5,21,3.2,173,86,789,776,134,134,166.0,Unknown,N,Ground,N,,2309,100,"double glazing, unknown install date",Normal,0,4,4,0,0,Community scheme,Good,Very Good,"Solid, no insulation (assumed)",N/A,N/A,Fully double glazed,Average,Average,"Solid brick, as built, no insulation (assumed)",Very Poor,Very Poor,None,N/A,N/A,(another dwelling above),N/A,N/A,Community scheme,Good,Very Good,"Charging system linked to use of community heating, programmer and room thermostat",Average,Average,No low energy lighting,Very Poor,Very Poor,oil (community),0,heated corridor,,,0.0,,natural,"Flat 3, Arlington House, Arlington Street",Westminster,Cities of London and Westminster,LONDON,England and Wales: 1930-1949,2014-11-03 16:13:53,owner-occupied,35,0,100022722209,Address Matched,100
150728919262014110316091631138944,Flat 16 Arlington House,Arlington Street,,SW1A 1RL,4302101568,C,C,77,78,Flat,Enclosed Mid-Terrace,2014-10-27,E09000033,E14000639,Greater London Authority,2014-11-03,marketed sale,82,83,100,91,2.2,18,2.0,146,73,451,465,132,132,125.0,Unknown,N,2nd,N,,2309,100,"double glazing, unknown install date",Normal,0,4,4,0,0,Community scheme,Good,Very Good,(other premises below),N/A,N/A,Fully double glazed,Average,Average,"Solid brick, as built, no insulation (assumed)",Very Poor,Very Poor,None,N/A,N/A,(another dwelling above),N/A,N/A,Community scheme,Good,Very Good,"Charging system linked to use of community heating, programmer and room thermostat",Average,Average,No low energy lighting,Very Poor,Very Poor,oil (community),0,heated corridor,,,0.0,,natural,"Flat 16 Arlington House, Arlington Street",Westminster,Cities of London and Westminster,LONDON,England and Wales: 1930-1949,2014-11-03 16:09:16,owner-occupied,34,0,100022722226,Address Matched,100
1226751743112014102714554693249627,Flat 24,"73, St. James's Street",,SW1A 1PH,6775339278,D,C,59,71,Flat,Mid-Terrace,2014-10-24,E09000033,E14000639,Greater London Authority,2014-10-27,marketed sale,72,83,192,119,2.0,34,1.3,61,55,570,385,118,89,59.0,dual,Y,4th,N,,2706,100,"double glazing, unknown install date",Normal,0,2,2,62,0,Community scheme,Good,Good,(other premises below),N/A,N/A,Fully double glazed,Average,Average,"Timber frame, as built, no insulation (assumed)",Very Poor,Very Poor,"Room heaters, bioethanol",N/A,N/A,(another dwelling above),N/A,N/A,Electric underfloor heating,Very Poor,Very Poor,Time and temperature zone control,Very Good,Very Good,Low energy lighting in 62% of fixed outlets,Good,Good,electricity (not community),0,heated corridor,,,0.0,,natural,"Flat 24, 73, St. James's Street",Westminster,Cities of London and Westminster,LONDON,England and Wales: 1900-1929,2014-10-27 14:55:46,owner-occupied,8,5,100022805220,Address Matched,100
1216129286912014100612203195049627,Flat 142,"4, Whitehall Court",,SW1A 2EP,6746658278,E,D,54,55,Flat,End-Terrace,2014-10-06,E09000033,E14000639,Greater London Authority,2014-10-06,marketed sale,46,47,263,256,8.1,51,7.9,164,84,1447,1466,140,140,159.0,Unknown,Y,6th,N,,2304,90,"double glazing, unknown install date",Normal,0,4,4,5,0,Community scheme,Good,Good,(other premises below),N/A,N/A,Mostly double glazing,Average,Average,"Solid brick, as built, no insulation (assumed)",Very Poor,Very Poor,"Room heaters, mains gas",N/A,N/A,(another dwelling above),N/A,N/A,Community scheme,Good,Good,"Flat rate charging, programmer and room thermostat",Poor,Poor,Low energy lighting in 5% of fixed outlets,Very Poor,Very Poor,mains gas (community),0,heated corridor,,,0.0,,natural,"Flat 142, 4, Whitehall Court",Westminster,Cities of London and Westminster,LONDON,England and Wales: before 1900,2014-10-06 12:20:31,owner-occupied,21,1,100023337074,Address Matched,100
1197554799262014082917110337318654,Flat 53 Arlington House,Arlington Street,,SW1A 1RJ,5384927278,D,D,65,67,Flat,End-Terrace,2014-08-29,E09000033,E14000639,Greater London Authority,2014-08-29,marketed sale,71,73,164,155,3.0,29,2.9,123,65,713,724,116,116,104.0,Unknown,N,4th,N,,2303,100,secondary glazing,Normal,0,4,4,10,0,Community scheme,Good,Very Good,(other premises below),N/A,N/A,Full secondary glazing,Good,Good,"System built, as built, no insulation (assumed)",Very Poor,Very Poor,None,N/A,N/A,(another dwelling above),N/A,N/A,Community scheme,Good,Very Good,"Flat rate charging, room thermostat only",Poor,Poor,Low energy lighting in 10% of fixed outlets,Poor,Poor,oil (community),0,heated corridor,,,0.0,,natural,"Flat 53 Arlington House, Arlington Street",Westminster,Cities of London and Westminster,LONDON,England and Wales: 1930-1949,2014-08-29 17:11:03,owner-occupied,31,3,100022722261,Address Matched,100
803411049262014082209211569498344,Flat 14,"25, Whitehall",,SW1A 2BS,4624449968,C,B,76,84,Flat,Mid-Terrace,2014-08-21,E09000033,E14000639,Greater London Authority,2014-08-22,marketed sale,77,86,124,76,2.3,24,1.4,74,74,412,227,123,124,97.0,Single,Y,3rd,N,,2106,100,secondary glazing,Normal,0,4,4,80,0,From main system,Good,Good,(other premises below),N/A,N/A,Fully secondary glazing,Good,Good,"Solid brick, as built, no insulation (assumed)",Very Poor,Very Poor,"Room heaters, mains gas",N/A,N/A,(another dwelling above),N/A,N/A,"Boiler and radiators, mains gas",Good,Good,"Programmer, room thermostat and TRVs",Good,Good,Low energy lighting in 80% of fixed outlets,Very Good,Very Good,mains gas (not community),0,unheated corridor,1.0,,0.0,,natural,"Flat 14, 25, Whitehall",Westminster,Cities of London and Westminster,LONDON,England and Wales: before 1900,2014-08-22 09:21:15,owner-occupied,25,20,200002373318,Address Matched,100
1185415941152014080509300894040325,6 Little St. James's Street,,,SW1A 1DP,3586146278,F,B,38,85,House,Enclosed End-Terrace,2014-08-04,E09000033,E14000639,Greater London Authority,2014-08-05,marketed sale,35,86,426,75,6.0,82,1.1,90,45,1073,418,146,72,73.0,Single,Y,NODATA!,,,2103,0,not defined,Normal,0,4,4,0,0,From main system,Good,Good,"Solid, no insulation (assumed)",N/A,N/A,Single glazed,Very Poor,Very Poor,"Solid brick, as built, no insulation (assumed)",Very Poor,Very Poor,None,N/A,N/A,"Flat, no insulation (assumed)",Very Poor,Very Poor,"Boiler and underfloor heating, mains gas",Average,Average,Room thermostat only,Poor,Poor,No low energy lighting,Very Poor,Very Poor,mains gas (not community),0,NO DATA!,,,0.0,,natural,6 Little St. James's Street,Westminster,Cities of London and Westminster,LONDON,England and Wales: before 1900,2014-08-05 09:30:08,unknown,10,0,10033549192,Address Matched,100
88309203432014072509552473268005,Flat 14,"73, St. James's Street",,SW1A 1PH,0503065468,C,B,76,85,Flat,Mid-Terrace,2014-07-24,E09000033,E14000639,Greater London Authority,2014-07-25,marketed sale,77,86,141,83,2.1,26,1.3,106,56,359,181,131,131,84.0,dual,Y,3rd,N,,2506,100,double glazing installed during or after 2002,Normal,0,3,3,12,0,Community scheme,Good,Good,(other premises below),N/A,N/A,Fully double glazed,Good,Good,"Solid brick, as built, no insulation (assumed)",Very Poor,Very Poor,None,N/A,N/A,(another dwelling above),N/A,N/A,"Air source heat pump, warm air, electric",Good,Good,Time and temperature zone control,Very Good,Very Good,Low energy lighting in 12% of fixed outlets,Poor,Poor,electricity (not community),0,heated corridor,,,0.0,,natural,"Flat 14, 73, St. James's Street",Westminster,Cities of London and Westminster,LONDON,England and Wales: 1900-1929,2014-07-25 09:55:24,owner-occupied,24,3,100022805211,Address Matched,100
1178669379262014072315121305428814,Flat 1,"16, Whitehall",,SW1A 2DY,1019795278,D,C,64,72,Flat,Mid-Terrace,2014-07-22,E09000033,E14000639,Greater London Authority,2014-07-23,marketed sale,61,70,206,155,4.2,40,3.2,112,65,760,581,138,139,106.0,Single,Y,2nd,N,,2106,70,secondary glazing,Normal,1,4,4,29,1,From main system,Good,Good,(other premises below),N/A,N/A,Partial secondary glazing,Average,Average,"Solid brick, as built, no insulation (assumed)",Very Poor,Very Poor,None,N/A,N/A,(another dwelling above),N/A,N/A,"Boiler and radiators, mains gas",Good,Good,"Programmer, room thermostat and TRVs",Good,Good,Low energy lighting in 29% of fixed outlets,Average,Average,mains gas (not community),0,heated corridor,,,0.0,,natural,"Flat 1, 16, Whitehall",Westminster,Cities of London and Westminster,LONDON,England and Wales: before 1900,2014-07-23 15:12:13,owner-occupied,35,10,100022819781,Address Matched,100
1176877493512014071910481098940022,Flat 122,"4, Whitehall Court",,SW1A 2EP,0280385278,C,B,70,83,Flat,End-Terrace,2014-07-18,E09000033,E14000639,Greater London Authority,2014-07-19,marketed sale,64,81,158,83,6.8,30,3.6,210,105,1156,593,142,142,225.0,Unknown,Y,3rd,N,,2301,90,triple glazing,Normal,0,5,5,0,0,Community scheme,Good,Good,(other premises below),N/A,N/A,Mostly triple glazing,Good,Good,"Solid brick, as built, no insulation (assumed)",Very Poor,Very Poor,None,N/A,N/A,(another dwelling above),N/A,N/A,Community scheme,Good,Good,"Flat rate charging, no thermostatic control of room temperature",Very Poor,Very Poor,No low energy lighting,Very Poor,Very Poor,mains gas (community),0,heated corridor,,,0.0,,natural,"Flat 122, 4, Whitehall Court",Westminster,Cities of London and Westminster,LONDON,England and Wales: before 1900,2014-07-19 10:48:10,owner-occupied,23,0,100023337043,Address Matched,100
1164111716432014062919035791278703,Flat 2,"24, St. James's Place",,SW1A 1NH,1301794278,D,D,65,67,Flat,Mid-Terrace,2014-06-27,E09000033,E14000639,Greater London Authority,2014-06-29,marketed sale,60,61,176,169,7.8,34,7.5,208,104,1347,1367,133,133,229.0,Unknown,Y,1st,N,,2110,100,"double glazing, unknown install date",More Than Typical,0,6,6,0,1,From main system,Good,Good,(other premises below),N/A,N/A,Fully double glazed,Average,Average,"System built, as built, no insulation (assumed)",Very Poor,Very Poor,"Room heaters, mains gas",N/A,N/A,(another dwelling above),N/A,N/A,"Boiler and radiators, mains gas",Good,Good,Time and temperature zone control,Very Good,Very Good,No low energy lighting,Very Poor,Very Poor,mains gas (not community),0,unheated corridor,17.0,,0.0,,natural,"Flat 2, 24, St. James's Place",Westminster,Cities of London and Westminster,LONDON,England and Wales: 1950-1966,2014-06-29 19:03:57,owner-occupied,25,0,100022805113,Address Matched,100
1164483469262014062621103654468264,Flat 23,"73, St. James's Street",,SW1A 1PH,6508694278,C,C,70,74,Flat,Semi-Detached,2014-06-26,E09000033,E14000639,Greater London Authority,2014-06-26,marketed sale,68,73,146,122,5.1,28,4.3,173,88,885,791,145,145,181.0,Unknown,Y,4th,N,,2105,50,"double glazing, unknown install date",Normal,0,4,4,0,1,Community scheme,Good,Good,(other premises below),N/A,N/A,Partial double glazing,Poor,Poor,"Timber frame, as built, no insulation (assumed)",Very Poor,Very Poor,"Room heaters, mains gas",N/A,N/A,(another dwelling above),N/A,N/A,"Boiler and underfloor heating, mains gas",Good,Good,Programmer and at least two room thermostats,Good,Good,No low energy lighting,Very Poor,Very Poor,mains gas (not community),0,heated corridor,,,0.0,,natural,"Flat 23, 73, St. James's Street",Westminster,Cities of London and Westminster,LONDON,England and Wales: 1900-1929,2014-06-26 21:10:36,owner-occupied,33,0,100022805219,Address Matched,100
1159858080712014062010035996940624,Flat 1,"25, St. James's Place",,SW1A 1NH,6495064278,C,B,73,85,Flat,Mid-Terrace,2014-06-17,E09000033,E14000639,Greater London Authority,2014-06-20,marketed sale,67,83,127,67,11.0,25,6.0,206,210,2096,1015,127,127,455.0,Single,N,1st,N,,2307,0,single glazing,More Than Typical,0,10,10,67,0,Community scheme,Good,Very Good,(other premises below),N/A,N/A,Single glazed,Very Poor,Very Poor,"Solid brick, as built, no insulation (assumed)",Very Poor,Very Poor,None,N/A,N/A,(another dwelling above),N/A,N/A,Community scheme,Good,Good,"Flat rate charging, TRVs",Average,Average,Low energy lighting in 67% of fixed outlets,Good,Good,mains gas (community),0,unheated corridor,16.58,,0.0,,natural,"Flat 1, 25, St. James's Place",Westminster,Cities of London and Westminster,LONDON,England and Wales: 1950-1966,2014-06-20 10:03:59,owner-occupied,33,22,100023336819,Address Matched,100
1159364780152014061910485096940020,Basement Flat,25 St. James's Place,,SW1A 1NH,0033064278,C,B,71,81,Flat,Mid-Terrace,2014-06-17,E09000033,E14000639,Greater London Authority,2014-06-19,marketed sale,71,84,160,89,2.6,32,1.4,59,60,473,245,111,111,82.0,Single,N,Basement,N,,2307,0,single glazing,Normal,0,2,2,86,0,Community scheme,Good,Very Good,"Solid, no insulation (assumed)",N/A,N/A,Single glazed,Very Poor,Very Poor,"Solid brick, as built, no insulation (assumed)",Very Poor,Very Poor,None,N/A,N/A,(another dwelling above),N/A,N/A,Community scheme,Good,Good,"Flat rate charging, TRVs",Average,Average,Low energy lighting in 86% of fixed outlets,Very Good,Very Good,mains gas (community),0,unheated corridor,4.71,,0.0,,natural,"Basement Flat, 25 St. James's Place",Westminster,Cities of London and Westminster,LONDON,England and Wales: 1950-1966,2014-06-19 10:48:50,owner-occupied,7,6,10033576154,Address Matched,100
1160396136432014061919395769978808,Flat 6,"25, Whitehall",,SW1A 2BS,3889864278,D,C,67,80,Flat,Enclosed End-Terrace,2014-06-19,E09000033,E14000639,Greater London Authority,2014-06-19,rental (private),68,84,216,111,2.3,42,1.2,49,36,436,242,92,79,55.0,Single,Y,3rd,N,,2106,67,secondary glazing,Normal,0,2,2,63,0,From main system,Good,Good,(other premises below),N/A,N/A,Partial secondary glazing,Average,Average,"Solid brick, as built, no insulation (assumed)",Very Poor,Very Poor,None,N/A,N/A,(another dwelling above),N/A,N/A,"Boiler and radiators, mains gas",Good,Good,"Programmer, room thermostat and TRVs",Good,Good,Low energy lighting in 63% of fixed outlets,Good,Good,mains gas (not community),0,unheated corridor,8.42,,0.0,,natural,"Flat 6, 25, Whitehall",Westminster,Cities of London and Westminster,LONDON,England and Wales: before 1900,2014-06-19 19:39:57,rental (private),8,5,200002372586,Address Matched,100
491540449842014061911172077649438,Flat 2,"25, St. James's Place",,SW1A 1NH,4815246768,C,B,78,87,Flat,Mid-Terrace,2014-06-17,E09000033,E14000639,Greater London Authority,2014-06-19,marketed sale,76,87,100,56,5.2,20,2.9,232,118,846,481,122,122,263.0,Single,N,2nd,N,,2307,40,secondary glazing,Normal,0,5,5,0,0,Community scheme,Good,Very Good,(other premises below),N/A,N/A,Partial secondary glazing,Poor,Poor,"Solid brick, as built, no insulation (assumed)",Very Poor,Very Poor,None,N/A,N/A,(another dwelling above),N/A,N/A,Community scheme,Good,Good,"Flat rate charging, TRVs",Average,Average,No low energy lighting,Very Poor,Very Poor,mains gas (community),0,unheated corridor,13.46,,0.0,,natural,"Flat 2, 25, St. James's Place",Westminster,Cities of London and Westminster,LONDON,England and Wales: 1950-1966,2014-06-19 11:17:20,owner-occupied,46,0,100022805119,Address Matched,100
878644371752014042917584797240907,Flat 2,1-3 Arlington Street,,SW1A 1RA,9755174078,E,C,53,69,Flat,End-Terrace,2014-04-28,E09000033,E14000639,Greater London Authority,2014-04-29,marketed sale,48,67,227,140,16.0,43,9.7,232,132,3128,2047,188,136,372.0,Single,Y,3rd,N,,2106,100,secondary glazing,Normal,1,7,7,25,1,From main system,Average,Average,(other premises below),N/A,N/A,Full secondary glazing,Good,Good,"Granite or whinstone, as built, no insulation (assumed)",Very Poor,Very Poor,"Room heaters, mains gas",N/A,N/A,(another dwelling above),N/A,N/A,"Boiler and radiators, mains gas",Good,Good,"Programmer, room thermostat and TRVs",Good,Good,Low energy lighting in 25% of fixed outlets,Average,Average,mains gas (not community),0,unheated corridor,16.2,,0.0,,"mechanical, supply and extract","Flat 2, 1-3 Arlington Street",Westminster,Cities of London and Westminster,LONDON,England and Wales: 1900-1929,2014-04-29 17:58:47,owner-occupied,60,15,,,100
511505419922014041516022267258674,Flat 84,"3, Whitehall Court",,SW1A 2EL,7620187768,D,B,68,81,Flat,Detached,2014-04-15,E09000033,E14000639,Greater London Authority,2014-04-15,rental (private),46,69,178,98,10.0,48,5.5,122,96,1103,540,216,216,210.0,Single,N,5th,N,,2301,0,not defined,Normal,0,5,5,69,1,Community scheme,Good,Poor,(other premises below),N/A,N/A,Single glazed,Very Poor,Very Poor,"Sandstone, as built, no insulation (assumed)",Very Poor,Very Poor,None,N/A,N/A,(another dwelling above),N/A,N/A,Community scheme,Good,Poor,"Flat rate charging, no thermostatic control",Very Poor,Very Poor,Low energy lighting in 69% of fixed outlets,Good,Good,oil (community),0,no corridor,,,0.0,,natural,"Flat 84, 3, Whitehall Court",Westminster,Cities of London and Westminster,LONDON,England and Wales: before 1900,2014-04-15 16:02:22,rental (private),16,11,100023337025,Address Matched,100
458606694432014040811591772068606,Flat 2,"1, St. James's Street",,SW1A 1EF,9632604768,E,C,54,74,Flat,Enclosed End-Terrace,2014-04-08,E09000033,E14000639,Greater London Authority,2014-04-08,marketed sale,53,76,276,135,4.5,50,2.2,114,57,867,403,165,165,89.0,Unknown,Y,3rd,N,,2106,100,secondary glazing,Normal,0,4,4,0,1,Gas boiler/circulator,Average,Average,(other premises below),N/A,N/A,Fully secondary glazing,Good,Good,"Solid brick, as built, no insulation (assumed)",Very Poor,Very Poor,"Room heaters, mains gas",N/A,N/A,(another dwelling above),N/A,N/A,"Boiler and radiators, electric",Poor,Very Poor,"Programmer, room thermostat and TRVs",Good,Good,No low energy lighting,Very Poor,Very Poor,electricity (not community),0,heated corridor,,,0.0,,natural,"Flat 2, 1, St. James's Street",Westminster,Cities of London and Westminster,LONDON,England and Wales: before 1900,2014-04-08 11:59:17,unknown,7,0,100023336809,Address Matched,100
314748909802014032418514362442548,Flat 31,"73, St. James's Street",,SW1A 1PH,2855504668,F,D,22,56,Maisonette,Mid-Terrace,2014-03-24,E09000033,E14000639,Greater London Authority,2014-03-24,marketed sale,8,33,672,362,25.0,119,14.0,210,105,3536,1772,135,135,210.0,dual,N,5th,Y,,2402,100,double glazing installed during or after 2002,Normal,0,6,6,0,0,Community scheme,Good,Good,(other premises below),N/A,N/A,Fully double glazed,Good,Good,"Solid brick, as built, no insulation (assumed)",Very Poor,Very Poor,Portable electric heaters (assumed),N/A,N/A,"Pitched, no insulation (assumed)",Very Poor,Very Poor,Electric storage heaters,Average,Very Poor,Automatic charge control,Average,Average,No low energy lighting,Very Poor,Very Poor,electricity (not community),0,heated corridor,,,0.0,,natural,"Flat 31, 73, St. James's Street",Westminster,Cities of London and Westminster,LONDON,England and Wales: 1900-1929,2014-03-24 18:51:43,owner-occupied,23,0,100023336832,Address Matched,100
465923167432014031711302398968708,Flat 3,"1, St. James's Street",,SW1A 1EF,6848754768,D,C,56,77,Flat,Enclosed End-Terrace,2014-03-14,E09000033,E14000639,Greater London Authority,2014-03-17,marketed sale,50,76,271,126,5.2,52,2.4,122,61,881,402,123,123,99.0,Unknown,Y,4th,N,,2308,100,secondary glazing,Normal,0,3,3,0,1,Community scheme,Good,Good,(other premises below),N/A,N/A,Fully secondary glazing,Good,Good,"Solid brick, as built, no insulation (assumed)",Very Poor,Very Poor,"Room heaters, mains gas",N/A,N/A,(another dwelling above),N/A,N/A,Community scheme,Good,Good,"Charging system linked to use of community heating, room thermostat only",Poor,Poor,No low energy lighting,Very Poor,Very Poor,mains gas (community),0,heated corridor,,,0.0,,natural,"Flat 3, 1, St. James's Street",Westminster,Cities of London and Westminster,LONDON,England and Wales: before 1900,2014-03-17 11:30:23,unknown,8,0,100023336810,Address Matched,100
1107302799742014031415233724049048,Flat 4,"25, Whitehall",,SW1A 2BS,1759190278,D,C,58,75,Flat,End-Terrace,2014-03-14,E09000033,E14000639,Greater London Authority,2014-03-14,rental (private),55,77,277,144,3.5,53,1.8,83,42,630,358,106,83,65.0,Single,Y,1st,N,,2106,0,not defined,Normal,0,3,3,0,0,From main system,Good,Good,(other premises below),N/A,N/A,Single glazed,Very Poor,Very Poor,"Solid brick, as built, no insulation (assumed)",Very Poor,Very Poor,None,N/A,N/A,(another dwelling above),N/A,N/A,"Boiler and radiators, mains gas",Good,Good,"Programmer, room thermostat and TRVs",Good,Good,No low energy lighting,Very Poor,Very Poor,mains gas (not community),0,unheated corridor,9.1,,0.0,,natural,"Flat 4, 25, Whitehall",Westminster,Cities of London and Westminster,LONDON,England and Wales: before 1900,2014-03-14 15:23:37,rental (private),6,0,200002422686,Address Matched,100
649324999962014031109110098508634,16a Arlington Street,,,SW1A 1RD,3974908868,C,B,70,81,Flat,Mid-Terrace,2014-03-10,E09000033,E14000639,Greater London Authority,2014-03-11,rental (private),70,84,178,96,2.5,34,1.3,73,48,473,266,83,83,73.0,Single,Y,1st,N,,2106,0,not defined,Normal,0,3,3,44,0,From main system,Good,Good,(other premises below),N/A,N/A,Single glazed,Very Poor,Very Poor,"Solid brick, as built, no insulation (assumed)",Very Poor,Very Poor,None,N/A,N/A,(another dwelling above),N/A,N/A,"Boiler and radiators, mains gas",Good,Good,"Programmer, room thermostat and TRVs",Good,Good,Low energy lighting in 44% of fixed outlets,Average,Average,mains gas (not community),0,unheated corridor,16.5,,0.0,,natural,16a Arlington Street,Westminster,Cities of London and Westminster,LONDON,England and Wales: before 1900,2014-03-11 09:11:00,rental (private),18,8,100022722199,Address Matched,100
728291879002014030711035492342548,Flat 49 Arlington House,Arlington Street,,SW1A 1RJ,0085173968,C,B,77,82,Flat,Mid-Terrace,2014-02-24,E09000033,E14000639,Greater London Authority,2014-03-07,rental (private),83,88,106,76,1.5,19,1.1,97,50,291,223,122,122,79.0,Unknown,N,4th,N,,2304,100,"double glazing, unknown install date",Normal,0,2,2,8,0,Community scheme,Good,Very Good,(other premises below),N/A,N/A,Fully double glazed,Average,Average,"Solid brick, as built, no insulation (assumed)",Very Poor,Very Poor,"Room heaters, electric",N/A,N/A,(another dwelling above),N/A,N/A,Community scheme,Good,Very Good,"Flat rate charging, programmer and room thermostat",Poor,Poor,Low energy lighting in 8% of fixed outlets,Very Poor,Very Poor,oil (community),0,heated corridor,,,0.0,,natural,"Flat 49 Arlington House, Arlington Street",Westminster,Cities of London and Westminster,LONDON,England and Wales: 1930-1949,2014-03-07 11:03:54,rental (private),24,2,100022722257,Address Matched,100
1094502422852014022116250790240528,Flat 152,"4, Whitehall Court",,SW1A 2EP,5841200278,F,E,32,53,Flat,Mid-Terrace,2014-02-21,E09000033,E14000639,Greater London Authority,2014-02-21,marketed sale,28,47,527,335,6.9,102,4.4,88,44,1218,782,117,117,68.0,Single,N,7th,Y,,2301,65,double glazing installed during or after 2002,Normal,0,2,2,0,0,Community scheme,Good,Good,(other premises below),N/A,N/A,Partial double glazing,Average,Average,"Solid brick, as built, no insulation (assumed)",Very Poor,Very Poor,None,N/A,N/A,"Pitched, no insulation (assumed)",Very Poor,Very Poor,Community scheme,Good,Good,"Flat rate charging, no thermostatic control",Very Poor,Very Poor,No low energy lighting,Very Poor,Very Poor,mains gas (community),0,heated corridor,,,0.0,,natural,"Flat 152, 4, Whitehall Court",Westminster,Cities of London and Westminster,LONDON,England and Wales: before 1900,2014-02-21 16:25:07,owner-occupied,6,0,100023337081,Address Matched,100
1079896209762014013015242559508904,Flat 55,"3, Whitehall Court",,SW1A 2EL,0587009178,D,C,66,78,Flat,Mid-Terrace,2014-01-30,E09000033,E14000639,Greater London Authority,2014-01-30,marketed sale,61,77,192,115,4.8,37,2.9,120,72,705,384,214,214,129.0,Unknown,Y,Ground,N,,2307,0,not defined,Normal,0,4,4,30,0,Community scheme,Good,Good,"Suspended, no insulation (assumed)",N/A,N/A,Single glazed,Very Poor,Very Poor,"Solid brick, as built, no insulation (assumed)",Very Poor,Very Poor,None,N/A,N/A,(another dwelling above),N/A,N/A,Community scheme,Good,Good,"Flat rate charging, TRVs",Average,Average,Low energy lighting in 30% of fixed outlets,Average,Average,mains gas (community),0,heated corridor,,,0.0,,natural,"Flat 55, 3, Whitehall Court",Westminster,Cities of London and Westminster,LONDON,England and Wales: before 1900,2014-01-30 15:24:25,rental (social),33,10,10033558056,Address Matched,100
1078485899302014012717325710842548,Flat 39 Arlington House,Arlington Street,,SW1A 1RJ,2389198178,D,D,59,62,Flat,Enclosed End-Terrace,2014-01-24,E09000033,E14000639,Greater London Authority,2014-01-27,marketed sale,66,69,196,177,3.7,35,3.3,120,64,842,805,130,130,106.0,Single,N,3rd,N,,2304,44,secondary glazing,Normal,0,3,3,9,0,Community scheme,Good,Very Good,(other premises below),N/A,N/A,Partial secondary glazing,Poor,Poor,"Solid brick, as built, no insulation (assumed)",Very Poor,Very Poor,"Room heaters, electric",N/A,N/A,(another dwelling above),N/A,N/A,Community scheme,Good,Very Good,"Flat rate charging, programmer and room thermostat",Poor,Poor,Low energy lighting in 9% of fixed outlets,Poor,Poor,electricity (community),0,heated corridor,,,0.0,,natural,"Flat 39 Arlington House, Arlington Street",Westminster,Cities of London and Westminster,LONDON,England and Wales: 1900-1929,2014-01-27 17:32:57,rental (private),32,3,100022722247,Address Matched,100
1078792069432014012717433592278904,143B,3 Whitehall Court,,SW1A 2EL,6452988178,E,C,51,77,Flat,Enclosed Mid-Terrace,2014-01-27,E09000033,E14000639,Greater London Authority,2014-01-27,marketed sale,45,77,325,128,5.2,63,2.0,104,53,883,334,124,124,83.0,Unknown,N,6th,N,,2307,30,secondary glazing,Normal,0,3,3,0,0,Community scheme,Good,Good,(other premises below),N/A,N/A,Some secondary glazing,Poor,Poor,"Solid brick, as built, no insulation (assumed)",Very Poor,Very Poor,None,N/A,N/A,(another dwelling above),N/A,N/A,Community scheme,Good,Good,"Flat rate charging, TRVs",Average,Average,No low energy lighting,Very Poor,Very Poor,mains gas (community),0,heated corridor,,,0.0,,natural,"143B, 3 Whitehall Court",Westminster,Cities of London and Westminster,LONDON,England and Wales: before 1900,2014-01-27 17:43:35,owner-occupied,10,0,,,100
1072882249442014012222264715849648,Palace View Penthouse,73 St. James's Street,,SW1A 1PH,9445448178,D,D,57,62,Flat,End-Terrace,2014-01-14,E09000033,E14000639,Greater London Authority,2014-01-22,marketed sale,50,55,230,206,12.0,41,10.0,187,107,2274,2063,194,194,285.0,dual,N,5th,Y,,2106,64,double glazing installed during or after 2002,More Than Typical,0,6,6,23,0,From main system,Poor,Very Poor,"Solid, limited insulation (assumed)",N/A,N/A,Partial double glazing,Average,Average,"Timber frame, as built, insulated (assumed)",Good,Good,None,N/A,N/A,"Flat, insulated (assumed)",Average,Average,"Boiler and radiators, electric",Poor,Very Poor,"Programmer, room thermostat and TRVs",Good,Good,Low energy lighting in 23% of fixed outlets,Poor,Poor,electricity (not community),0,heated corridor,,,0.0,,natural,"Palace View Penthouse, 73 St. James's Street",Westminster,Cities of London and Westminster,LONDON,England and Wales: 1996-2002,2014-01-22 22:26:47,unknown,22,5,,,100
1049669629262013112512502296658777,Flat 123a,"4, Whitehall Court",,SW1A 2EP,7959286178,D,B,62,81,Flat,Enclosed Mid-Terrace,2013-11-25,E09000033,E14000639,Greater London Authority,2013-11-25,marketed sale,57,82,235,98,4.1,45,1.7,109,56,673,283,102,102,92.0,Single,N,3rd,N,,2301,0,not defined,Normal,0,3,3,0,1,Community scheme,Good,Good,(other premises below),N/A,N/A,Single glazed,Very Poor,Very Poor,"Solid brick, as built, no insulation (assumed)",Very Poor,Very Poor,None,N/A,N/A,(another dwelling above),N/A,N/A,Community scheme,Good,Good,"Flat rate charging, no thermostatic control of room temperature",Very Poor,Very Poor,No low energy lighting,Very Poor,Very Poor,mains gas (community),0,heated corridor,,,0.0,,natural,"Flat 123a, 4, Whitehall Court",Westminster,Cities of London and Westminster,LONDON,England and Wales: before 1900,2013-11-25 12:50:22,owner-occupied,5,0,100023337101,Address Matched,100
1035868889742013110116284817577798,Flat 38 Arlington House,Arlington Street,,SW1A 1RL,2766985178,D,B,67,81,Flat,Detached,2013-10-31,E09000033,E14000639,Greater London Authority,2013-11-01,new dwelling,65,84,224,105,2.6,43,1.2,77,39,420,214,108,96,61.0,Single,N,3rd,N,,2301,100,secondary glazing,Normal,0,2,2,0,0,Community scheme,Good,Very Good,(other premises below),N/A,N/A,Full secondary glazing,Good,Good,"Solid brick, as built, no insulation (assumed)",Very Poor,Very Poor,None,N/A,N/A,(another dwelling above),N/A,N/A,Community scheme,Good,Good,"Flat rate charging, no thermostatic control of room temperature",Very Poor,Very Poor,No low energy lighting,Very Poor,Very Poor,mains gas (community),0,heated corridor,,,0.0,,natural,"Flat 38 Arlington House, Arlington Street",Westminster,Cities of London and Westminster,LONDON,England and Wales: 1900-1929,2013-11-01 16:28:48,owner-occupied,14,0,100022722246,Address Matched,100
1022841499002013101109275713470918,Apartment 2,46 St. James's Place,,SW1A 1NS,6023394178,D,D,66,66,Flat,Enclosed End-Terrace,2013-10-09,E09000033,E14000639,Greater London Authority,2013-10-11,new dwelling,68,68,203,203,3.1,36,3.1,63,63,468,468,294,294,87.0,standard tariff,,mid floor,,,,,NO DATA!,NO DATA!,,,,,0,"Electric immersion, standard tariff",Very Poor,Very Poor,(other premises below),N/A,N/A,Fully double glazed,Good,Good,Average thermal transmittance 0.60 W/m?K,Good,Good,None,N/A,N/A,(other premises above),N/A,N/A,"Warm air , electric",Good,Good,Time and temperature zone control,Very Good,Very Good,Low energy lighting in 75% of fixed outlets,Very Good,Very Good,"Electricity: electricity, unspecified tariff",,NO DATA!,,,,,NO DATA!,"Apartment 2, 46 St. James's Place",Westminster,Cities of London and Westminster,LONDON,NO DATA!,2013-10-11 09:27:57,NO DATA!,0,0,10033623814,Address Matched,101
1022930273752013101109280599079712,Apartment 3,46 St. James's Place,,SW1A 1NS,7223394178,D,D,66,66,Flat,Enclosed End-Terrace,2013-10-09,E09000033,E14000639,Greater London Authority,2013-10-11,new dwelling,68,68,203,203,3.1,36,3.1,63,63,468,468,294,294,87.0,standard tariff,,mid floor,,,,,NO DATA!,NO DATA!,,,,,0,"Electric immersion, standard tariff",Very Poor,Very Poor,(other premises below),N/A,N/A,Fully double glazed,Good,Good,Average thermal transmittance 0.60 W/m?K,Good,Good,None,N/A,N/A,(other premises above),N/A,N/A,"Warm air , electric",Good,Good,Time and temperature zone control,Very Good,Very Good,Low energy lighting in 75% of fixed outlets,Very Good,Very Good,"Electricity: electricity, unspecified tariff",,NO DATA!,,,,,NO DATA!,"Apartment 3, 46 St. James's Place",Westminster,Cities of London and Westminster,LONDON,NO DATA!,2013-10-11 09:28:05,NO DATA!,0,0,10033623815,Address Matched,101
1023018939022013101109273144618987,Apartment 1,46 St. James's Place,,SW1A 1NS,8423394178,D,D,66,66,Flat,Enclosed End-Terrace,2013-10-09,E09000033,E14000639,Greater London Authority,2013-10-11,new dwelling,68,68,203,203,3.1,36,3.1,63,63,468,468,294,294,87.0,standard tariff,,mid floor,,,,,NO DATA!,NO DATA!,,,,,0,"Electric immersion, standard tariff",Very Poor,Very Poor,(other premises below),N/A,N/A,Fully double glazed,Good,Good,Average thermal transmittance 0.60 W/m?K,Good,Good,None,N/A,N/A,(other premises above),N/A,N/A,"Warm air , electric",Good,Good,Time and temperature zone control,Very Good,Very Good,Low energy lighting in 75% of fixed outlets,Very Good,Very Good,"Electricity: electricity, unspecified tariff",,NO DATA!,,,,,NO DATA!,"Apartment 1, 46 St. James's Place",Westminster,Cities of London and Westminster,LONDON,NO DATA!,2013-10-11 09:27:31,NO DATA!,0,0,10033623812,Address Matched,101
1023039839022013101109282074418987,Penthouse,46 St. James's Place,,SW1A 1NS,8713394178,D,D,64,64,Maisonette,Enclosed End-Terrace,2013-10-09,E09000033,E14000639,Greater London Authority,2013-10-11,new dwelling,67,67,167,167,6.4,30,6.4,103,103,1261,1261,318,318,216.0,standard tariff,,top floor,,,,,NO DATA!,NO DATA!,,,,,0,"Electric immersion, standard tariff",Very Poor,Very Poor,(other premises below),N/A,N/A,Fully double glazed,Good,Good,Average thermal transmittance 0.45 W/m?K,Good,Good,None,N/A,N/A,Average thermal transmittance 0.19 W/m?K,Good,Good,"Warm air , electric",Good,Good,Time and temperature zone control,Very Good,Very Good,Low energy lighting in 75% of fixed outlets,Very Good,Very Good,"Electricity: electricity, unspecified tariff",,NO DATA!,,,,,NO DATA!,"Penthouse, 46 St. James's Place",Westminster,Cities of London and Westminster,LONDON,NO DATA!,2013-10-11 09:28:20,NO DATA!,0,0,10033623816,Address Matched,101
684820121732013092120475741268104,Flat 79 Arlington House,Arlington Street,,SW1A 1RJ,2431160968,D,C,66,78,Flat,Detached,2013-09-20,E09000033,E14000639,Greater London Authority,2013-09-21,new dwelling,32,58,532,285,6.1,94,3.3,82,41,447,277,110,97,65.0,Single,N,6th,N,,2304,100,secondary glazing,Normal,0,2,2,0,0,Community scheme,Good,Very Poor,(other premises below),N/A,N/A,Full secondary glazing,Good,Good,"Solid brick, as built, no insulation (assumed)",Very Poor,Very Poor,None,N/A,N/A,(another dwelling above),N/A,N/A,Community scheme,Good,Very Poor,"Flat rate charging, programmer and room thermostat",Poor,Poor,No low energy lighting,Very Poor,Very Poor,electricity (community),0,heated corridor,,,0.0,,"mechanical, extract only","Flat 79 Arlington House, Arlington Street",Westminster,Cities of London and Westminster,LONDON,England and Wales: 1930-1949,2013-09-21 20:47:57,owner-occupied,13,0,100022722279,Address Matched,100
1009661049912013091822334599970412,Flat 57 Arlington House,Arlington Street,,SW1A 1RJ,4275993178,C,B,74,82,Flat,Detached,2013-09-17,E09000033,E14000639,Greater London Authority,2013-09-18,new dwelling,41,59,355,226,7.1,63,4.5,128,64,443,285,124,124,112.0,Single,N,5th,N,,2302,100,double glazing installed before 2002,Normal,0,3,3,0,0,Community scheme,Good,Very Poor,(other premises below),N/A,N/A,Fully double glazed,Average,Average,"Solid brick, as built, no insulation (assumed)",Very Poor,Very Poor,None,N/A,N/A,(another dwelling above),N/A,N/A,Community scheme,Good,Very Poor,"Flat rate charging, programmer, no room thermostat",Very Poor,Very Poor,No low energy lighting,Very Poor,Very Poor,electricity (community),0,heated corridor,,,0.0,,natural,"Flat 57 Arlington House, Arlington Street",Westminster,Cities of London and Westminster,LONDON,England and Wales: 1930-1949,2013-09-18 22:33:45,owner-occupied,12,0,100022722265,Address Matched,100
994461179222013082112014542808297,29b St. James's Palace,,,SW1A 1BQ,9402782178,D,C,60,80,House,End-Terrace,2013-08-20,E09000033,E14000639,Greater London Authority,2013-08-21,rental (private),53,76,203,98,10.0,39,4.9,189,95,1711,1017,116,117,256.0,Single,Y,NODATA!,,,2106,70,secondary glazing,Normal,0,6,6,0,0,From main system,Good,Good,"Solid, no insulation (assumed)",N/A,N/A,Partial secondary glazing,Average,Average,"Solid brick, as built, no insulation (assumed)",Very Poor,Very Poor,None,N/A,N/A,"Pitched, 300+ mm loft insulation",Very Good,Very Good,"Boiler and radiators, mains gas",Good,Good,"Programmer, room thermostat and TRVs",Good,Good,No low energy lighting,Very Poor,Very Poor,mains gas (not community),0,NO DATA!,,,0.0,,natural,29b St. James's Palace,Westminster,Cities of London and Westminster,LONDON,England and Wales: before 1900,2013-08-21 12:01:45,rental (private),26,0,,,100
979068923732013081411271755278400,Flat 154,"4, Whitehall Court",,SW1A 2EP,2075481178,F,E,36,42,Maisonette,End-Terrace,2013-07-29,E09000033,E14000639,Greater London Authority,2013-08-14,marketed sale,14,18,375,333,24.0,102,22.0,192,98,2796,2534,144,144,236.0,Single,N,7th,Y,,2301,77,"double glazing, unknown install date",Normal,0,5,5,5,0,Community scheme,Good,Good,(other premises below),N/A,N/A,Partial double glazing,Poor,Poor,"Sandstone, as built, no insulation (assumed)",Poor,Poor,None,N/A,N/A,"Pitched, no insulation (assumed)",Very Poor,Very Poor,Community scheme,Good,Poor,"Flat rate charging, no thermostatic control of room temperature",Very Poor,Very Poor,Low energy lighting in 5% of fixed outlets,Very Poor,Very Poor,oil (community),0,heated corridor,,,0.0,,natural,"Flat 154, 4, Whitehall Court",Westminster,Cities of London and Westminster,LONDON,England and Wales: before 1900,2013-08-14 11:27:17,owner-occupied,22,1,100023337084,Address Matched,100
985041393712013081012312092070415,Flat 5 & 6,1-3 Arlington Street,,SW1A 1RA,4544322178,B,B,81,82,Flat,Detached,2013-08-07,E09000033,E14000639,Greater London Authority,2013-08-10,marketed sale,79,80,88,84,13.0,16,12.0,412,206,2343,2383,207,207,810.0,Unknown,Y,5th,Y,,2506,95,secondary glazing,Normal,0,8,8,0,0,"Electric immersion, off-peak",Average,Very Poor,(other premises below),N/A,N/A,Mostly secondary glazing,Average,Average,"Cavity wall, as built, insulated (assumed)",Good,Good,None,N/A,N/A,"Roof room(s), insulated (assumed)",Good,Good,"Air source heat pump, warm air, electric",Good,Good,Time and temperature zone control,Very Good,Very Good,No low energy lighting,Very Poor,Very Poor,electricity (not community),0,heated corridor,,,0.0,,natural,"Flat 5 & 6, 1-3 Arlington Street",Westminster,Cities of London and Westminster,LONDON,England and Wales: 1991-1995,2013-08-10 12:31:20,owner-occupied,50,0,,,100
985505229062013080717540992538207,Flat 52 Arlington House,Arlington Street,,SW1A 1RL,0917232178,D,C,68,72,Flat,Mid-Terrace,2013-08-07,E09000033,E14000639,Greater London Authority,2013-08-07,marketed sale,71,74,195,171,2.2,35,2.0,79,40,404,375,109,109,63.0,Unknown,N,5th,N,,2504,50,"double glazing, unknown install date",Normal,0,2,2,0,0,Community scheme,Good,Very Good,(other premises below),N/A,N/A,Partial double glazing,Poor,Poor,"System built, as built, no insulation (assumed)",Very Poor,Very Poor,"Room heaters, electric",N/A,N/A,(another dwelling above),N/A,N/A,"Air source heat pump, warm air, electric",Average,Good,Programmer and room thermostat,Average,Average,No low energy lighting,Very Poor,Very Poor,electricity (not community),0,heated corridor,,,0.0,,natural,"Flat 52 Arlington House, Arlington Street",Westminster,Cities of London and Westminster,LONDON,England and Wales: 1930-1949,2013-08-07 17:54:09,owner-occupied,23,0,100022722260,Address Matched,100
985260129642013080620563115270268,Flat 97/A,"3, Whitehall Court",,SW1A 2EL,7645722178,F,E,33,43,Flat,Mid-Terrace,2013-08-06,E09000033,E14000639,Greater London Authority,2013-08-06,rental (private),21,31,470,373,8.1,120,6.4,75,43,1133,951,111,98,67.0,Unknown,Y,6th,Y,,2301,40,secondary glazing,Normal,0,2,2,21,1,Community scheme,Good,Good,(other premises below),N/A,N/A,Partial secondary glazing,Poor,Poor,"Solid brick, as built, no insulation (assumed)",Very Poor,Very Poor,"Room heaters, mains gas",N/A,N/A,"Flat, no insulation (assumed)",Very Poor,Very Poor,Community scheme,Good,Poor,"Flat rate charging, no thermostatic control of room temperature",Very Poor,Very Poor,Low energy lighting in 21% of fixed outlets,Poor,Poor,oil (community),0,heated corridor,,,0.0,,natural,"Flat 97/A, 3, Whitehall Court",Westminster,Cities of London and Westminster,LONDON,England and Wales: before 1900,2013-08-06 20:56:31,rental (private),14,3,100023337096,Address Matched,100
965817189102013070910500911070118,Flat 26,"73, St. James's Street",,SW1A 1PH,9186580178,D,B,68,86,Flat,Mid-Terrace,2013-07-09,E09000033,E14000639,Greater London Authority,2013-07-09,marketed sale,50,79,371,155,3.5,66,1.5,52,37,369,81,123,123,54.0,dual,N,3rd,N,,2401,0,single glazing,Normal,0,2,2,60,0,"Electric immersion, off-peak",Average,Very Poor,(other premises below),N/A,N/A,Single glazed,Very Poor,Very Poor,"Solid brick, as built, no insulation (assumed)",Very Poor,Very Poor,Portable electric heaters (assumed),N/A,N/A,(another dwelling above),N/A,N/A,Electric storage heaters,Average,Very Poor,Manual charge control,Poor,Poor,Low energy lighting in 60% of fixed outlets,Good,Good,electricity (not community),0,heated corridor,,,0.0,,natural,"Flat 26, 73, St. James's Street",Westminster,Cities of London and Westminster,LONDON,England and Wales: before 1900,2013-07-09 10:50:09,owner-occupied,5,3,100022805222,Address Matched,100
124412264252013061823402794970840,Flat 74,"3, Whitehall Court",,SW1A 2EL,8047449468,C,C,74,80,Flat,Mid-Terrace,2013-06-18,E09000033,E14000639,Greater London Authority,2013-06-18,marketed sale,60,70,151,111,4.4,39,3.3,128,66,436,343,118,118,111.0,Unknown,N,5th,N,,2301,0,not defined,Less Than Typical,0,3,3,0,0,Community scheme,Good,Poor,(other premises below),N/A,N/A,Single glazed,Very Poor,Very Poor,"System built, as built, no insulation (assumed)",Very Poor,Very Poor,None,N/A,N/A,(another dwelling above),N/A,N/A,Community scheme,Good,Poor,"Flat rate charging, no thermostatic control of room temperature",Very Poor,Very Poor,No low energy lighting,Very Poor,Very Poor,oil (community),0,heated corridor,,,0.0,,natural,"Flat 74, 3, Whitehall Court",Westminster,Cities of London and Westminster,LONDON,England and Wales: before 1900,2013-06-18 23:40:27,owner-occupied,10,0,100023337017,Address Matched,100
921713517312013042911575097270204,Flat 74/A,"3, Whitehall Court",,SW1A 2EL,2418777078,C,C,70,79,Flat,Detached,2013-04-26,E09000033,E14000639,Greater London Authority,2013-04-29,marketed sale,54,72,193,119,4.0,51,2.5,93,48,348,197,185,185,79.0,Single,N,3rd,N,,2307,0,not defined,Normal,0,2,2,0,1,Community scheme,Good,Poor,(other premises below),N/A,N/A,Single glazed,Very Poor,Very Poor,"Sandstone, as built, no insulation (assumed)",Poor,Poor,None,N/A,N/A,(another dwelling above),N/A,N/A,Community scheme,Good,Poor,"Flat rate charging, TRVs",Average,Average,No low energy lighting,Very Poor,Very Poor,oil (community),0,no corridor,,,0.0,,natural,"Flat 74/A, 3, Whitehall Court",Westminster,Cities of London and Westminster,LONDON,England and Wales: before 1900,2013-04-29 11:57:50,owner-occupied,18,0,10033554118,Address Matched,100
921713579262013042910440347968727,Flat 74/A,"3, Whitehall Court",,SW1A 2EL,2418777078,C,C,70,79,Flat,Detached,2013-04-26,E09000033,E14000639,Greater London Authority,2013-04-29,marketed sale,54,72,193,119,4.0,51,2.5,93,48,348,197,185,185,79.0,Single,N,3rd,N,,2307,0,not defined,Normal,0,2,2,0,1,Community scheme,Good,Poor,(other premises below),N/A,N/A,Single glazed,Very Poor,Very Poor,"Sandstone, as built, no insulation (assumed)",Poor,Poor,None,N/A,N/A,(another dwelling above),N/A,N/A,Community scheme,Good,Poor,"Flat rate charging, TRVs",Average,Average,No low energy lighting,Very Poor,Very Poor,oil (community),0,no corridor,,,0.0,,natural,"Flat 74/A, 3, Whitehall Court",Westminster,Cities of London and Westminster,LONDON,England and Wales: before 1900,2013-04-29 10:44:03,owner-occupied,18,0,10033554118,Address Matched,100
921713597652013042911491497270204,Flat 74/A,"3, Whitehall Court",,SW1A 2EL,2418777078,C,C,70,79,Flat,Detached,2013-04-26,E09000033,E14000639,Greater London Authority,2013-04-29,marketed sale,54,72,193,119,4.0,51,2.5,93,48,348,197,185,185,79.0,Single,N,3rd,N,,2307,0,not defined,Normal,0,2,2,0,1,Community scheme,Good,Poor,(other premises below),N/A,N/A,Single glazed,Very Poor,Very Poor,"Sandstone, as built, no insulation (assumed)",Poor,Poor,None,N/A,N/A,(another dwelling above),N/A,N/A,Community scheme,Good,Poor,"Flat rate charging, TRVs",Average,Average,No low energy lighting,Very Poor,Very Poor,oil (community),0,no corridor,,,0.0,,natural,"Flat 74/A, 3, Whitehall Court",Westminster,Cities of London and Westminster,LONDON,England and Wales: before 1900,2013-04-29 11:49:14,owner-occupied,18,0,10033554118,Address Matched,100
921736679702013042912114009772668,Flat 123b,"4, Whitehall Court",,SW1A 2EP,2734877078,C,C,70,80,Flat,Detached,2013-04-26,E09000033,E14000639,Greater London Authority,2013-04-29,marketed sale,54,72,181,111,4.7,48,2.9,112,57,406,232,190,190,98.0,Single,N,3rd,N,,2301,50,secondary glazing,Normal,0,3,3,0,0,Community scheme,Good,Poor,(other premises below),N/A,N/A,Partial secondary glazing,Poor,Poor,"Sandstone, as built, no insulation (assumed)",Poor,Poor,None,N/A,N/A,(another dwelling above),N/A,N/A,Community scheme,Good,Poor,"Flat rate charging, no thermostatic control",Very Poor,Very Poor,No low energy lighting,Very Poor,Very Poor,oil (community),0,unheated corridor,3.35,,0.0,,natural,"Flat 123b, 4, Whitehall Court",Westminster,Cities of London and Westminster,LONDON,England and Wales: before 1900,2013-04-29 12:11:40,owner-occupied,17,0,100023337102,Address Matched,100
888729949202013032516224207572938,First Floor Flat,35 Whitehall,,SW1A 2BX,1231545078,E,D,44,68,Flat,Mid-Terrace,2013-02-27,E09000033,E14000639,Greater London Authority,2013-03-25,marketed sale,45,67,443,250,3.8,78,2.2,65,33,677,333,148,148,49.0,dual,N,1st,N,,2401,0,secondary glazing,Normal,0,3,3,0,0,Electric instantaneous at point of use,Very Poor,Very Poor,(other premises below),N/A,N/A,Single glazedsecondary glazing,Very Poor,Very Poor,"Solid brick, as built, no insulation (assumed)",Very Poor,Very Poor,Portable electric heaters (assumed),N/A,N/A,(another dwelling above),N/A,N/A,Electric storage heaters,Average,Very Poor,Manual charge control,Poor,Poor,No low energy lighting,Very Poor,Very Poor,electricity (not community),0,unheated corridor,15.5,,0.0,,natural,"First Floor Flat, 35 Whitehall",Westminster,Cities of London and Westminster,LONDON,England and Wales: before 1900,2013-03-25 16:22:42,rental (private),18,0,10033582085,Address Matched,100
889068645752013032516243794270608,Fourth Floor Flat,35 Whitehall,,SW1A 2BX,6821545078,E,D,48,65,Flat,Mid-Terrace,2013-02-27,E09000033,E14000639,Greater London Authority,2013-03-25,marketed sale,45,64,377,236,4.0,72,2.5,73,37,716,475,74,74,56.0,dual,Y,4th,Y,,2106,0,secondary glazing,Normal,0,3,3,0,0,From main system,Good,Good,(other premises below),N/A,N/A,Single glazedsecondary glazing,Very Poor,Very Poor,"Solid brick, as built, no insulation (assumed)",Very Poor,Very Poor,None,N/A,N/A,"Flat, no insulation (assumed)",Very Poor,Very Poor,"Boiler and radiators, mains gas",Good,Good,"Programmer, room thermostat and TRVs",Good,Good,No low energy lighting,Very Poor,Very Poor,mains gas (not community),0,unheated corridor,7.0,,0.0,,natural,"Fourth Floor Flat, 35 Whitehall",Westminster,Cities of London and Westminster,LONDON,England and Wales: before 1900,2013-03-25 16:24:37,rental (private),18,0,100023337138,Address Matched,100
889226349402013032516240605572838,Third Floor Flat,35 Whitehall,,SW1A 2BX,9431545078,C,B,71,82,Flat,Mid-Terrace,2013-02-27,E09000033,E14000639,Greater London Authority,2013-03-25,marketed sale,74,87,175,91,1.9,33,1.0,75,38,339,201,75,76,57.0,dual,Y,3rd,N,,2106,0,secondary glazing,Normal,0,3,3,0,0,From main system,Good,Good,(other premises below),N/A,N/A,Single glazedsecondary glazing,Very Poor,Very Poor,"Solid brick, as built, no insulation (assumed)",Very Poor,Very Poor,None,N/A,N/A,(another dwelling above),N/A,N/A,"Boiler and radiators, mains gas",Good,Good,"Programmer, room thermostat and TRVs",Good,Good,No low energy lighting,Very Poor,Very Poor,mains gas (not community),0,unheated corridor,7.0,,0.0,,natural,"Third Floor Flat, 35 Whitehall",Westminster,Cities of London and Westminster,LONDON,England and Wales: before 1900,2013-03-25 16:24:06,rental (private),12,0,100023337138,Address Matched,100
890928059262013032516230865638487,2nd Floor Flat,35 Whitehall,,SW1A 2BX,8699555078,D,B,56,81,Flat,Mid-Terrace,2013-02-27,E09000033,E14000639,Greater London Authority,2013-03-25,marketed sale,52,77,342,160,3.4,61,1.6,69,38,578,136,148,160,57.0,dual,N,2nd,N,,2602,0,secondary glazing,Normal,0,3,3,0,0,Electric instantaneous at point of use,Very Poor,Very Poor,(other premises below),N/A,N/A,Single glazedsecondary glazing,Very Poor,Very Poor,"Solid brick, as built, no insulation (assumed)",Very Poor,Very Poor,None,N/A,N/A,(another dwelling above),N/A,N/A,"Room heaters, electric",Poor,Very Poor,Appliance thermostats,Good,Good,No low energy lighting,Very Poor,Very Poor,electricity (not community),0,unheated corridor,7.0,,0.0,,natural,"2nd Floor Flat, 35 Whitehall",Westminster,Cities of London and Westminster,LONDON,England and Wales: before 1900,2013-03-25 16:23:08,rental (private),12,0,100023337138,Address Matched,100
899783464612013032017175092270106,Penthouse,66 St. James's Street,,SW1A 1NE,1666426078,E,E,48,54,Flat,End-Terrace,2013-03-20,E09000033,E14000639,Greater London Authority,2013-03-20,marketed sale,53,57,216,191,11.0,38,10.0,195,114,2610,2354,124,124,300.0,Unknown,Y,5th,Y,,2506,100,"double glazing, unknown install date",More Than Typical,0,6,6,29,0,Community scheme,Good,Good,(other premises below),N/A,N/A,Fully double glazed,Average,Average,"System built, as built, insulated (assumed)",Good,Good,None,N/A,N/A,"Flat, insulated (assumed)",Average,Average,"Warm air, Electricaire",Very Poor,Very Poor,Time and temperature zone control,Very Good,Very Good,Low energy lighting in 29% of fixed outlets,Average,Average,electricity (not community),0,heated corridor,,,0.0,,natural,"Penthouse, 66 St. James's Street",Westminster,Cities of London and Westminster,LONDON,England and Wales: 1983-1990,2013-03-20 17:17:50,owner-occupied,42,12,10033616274,Address Matched,100
888154239222013022720271725758517,Flat 1,"73, St. James's Street",,SW1A 1PH,1230345078,C,B,69,82,Flat,Mid-Terrace,2013-02-25,E09000033,E14000639,Greater London Authority,2013-02-27,marketed sale,72,84,162,90,2.7,29,1.6,107,54,468,276,115,91,92.0,Single,Y,2nd,N,,2604,65,secondary glazing,Normal,0,4,3,0,1,Community scheme,Good,Good,(other premises below),N/A,N/A,Partial secondary glazing,Average,Average,"Solid brick, with internal insulation",Good,Good,Portable electric heaters (assumed),N/A,N/A,(another dwelling above),N/A,N/A,"Room heaters, electric",Very Poor,Very Poor,Room thermostats only,Good,Good,No low energy lighting,Very Poor,Very Poor,electricity (not community),0,heated corridor,,,0.0,,natural,"Flat 1, 73, St. James's Street",Westminster,Cities of London and Westminster,LONDON,England and Wales: 1900-1929,2013-02-27 20:27:17,unknown,13,0,100022805200,Address Matched,100
876509759802013021815505105472938,Flat 7,"25, Whitehall",,SW1A 2BS,0804954078,D,B,60,81,Flat,Enclosed End-Terrace,2013-01-27,E09000033,E14000639,Greater London Authority,2013-02-18,assessment for green deal,56,85,265,95,3.5,51,1.2,42,42,602,234,111,83,69.0,Single,Y,5th,N,,2104,100,secondary glazing,Normal,0,2,2,100,0,From main system,Average,Average,(other premises below),N/A,N/A,Fully secondary glazing,Good,Good,"Solid brick, as built, no insulation (assumed)",Very Poor,Very Poor,None,N/A,N/A,(another dwelling above),N/A,N/A,"Boiler and radiators, mains gas",Good,Average,Programmer and room thermostat,Average,Average,Low energy lighting in all fixed outlets,Very Good,Very Good,mains gas (not community),0,heated corridor,,,0.0,,natural,"Flat 7, 25, Whitehall",Westminster,Cities of London and Westminster,LONDON,England and Wales: before 1900,2013-02-18 15:50:51,owner-occupied,13,13,200002431222,Address Matched,100
174155549602013021514224750379748,Flat 71/A,"3, Whitehall Court",,SW1A 2EL,9649443568,C,B,76,82,Flat,Mid-Terrace,2013-02-14,E09000033,E14000639,Greater London Authority,2013-02-15,rental (private),75,83,131,88,2.9,25,1.9,98,63,417,284,119,119,115.0,Single,Y,2nd,N,,2301,50,secondary glazing,Normal,0,3,3,42,0,Community scheme,Good,Good,(other premises below),N/A,N/A,Partial secondary glazing,Poor,Poor,"Sandstone, as built, no insulation (assumed)",Very Poor,Very Poor,None,N/A,N/A,(another dwelling above),N/A,N/A,Community scheme,Good,Good,"Flat rate charging, no thermostatic control of room temperature",Very Poor,Very Poor,Low energy lighting in 42% of fixed outlets,Average,Average,mains gas (community),0,unheated corridor,2.0,,0.0,,natural,"Flat 71/A, 3, Whitehall Court",Westminster,Cities of London and Westminster,LONDON,England and Wales: before 1900,2013-02-15 14:22:47,rental (private),12,5,100023337088,Address Matched,100
883847093552013021218263790970401,Flat A,6 Arlington Street,,SW1A 1RE,4179305078,D,D,55,60,Flat,End-Terrace,2013-02-11,E09000033,E14000639,Greater London Authority,2013-02-12,marketed sale,28,31,507,465,8.6,90,7.9,119,61,793,766,139,108,96.0,dual,Y,5th,Y,,2504,46,double glazing installed before 2002,Normal,0,4,4,0,0,"Electric immersion, off-peak",Average,Very Poor,(other premises below),N/A,N/A,Partial double glazing,Poor,Poor,"Timber frame, as built, no insulation (assumed)",Very Poor,Very Poor,None,N/A,N/A,"Flat, limited insulation",Poor,Poor,"Warm air, Electricaire",Average,Very Poor,Programmer and room thermostat,Average,Average,No low energy lighting,Very Poor,Very Poor,electricity (not community),0,no corridor,,,0.0,,natural,"Flat A, 6 Arlington Street",Westminster,Cities of London and Westminster,LONDON,England and Wales: 1900-1929,2013-02-12 18:26:37,owner-occupied,15,0,100022722196,Address Matched,100
878644361852013020117230397070907,Flat 2,1-3 Arlington Street,,SW1A 1RA,9755174078,D,C,60,80,Flat,End-Terrace,2013-02-01,E09000033,E14000639,Greater London Authority,2013-02-01,rental (private),52,77,200,96,12.0,39,5.9,228,114,1945,963,183,120,319.0,Single,Y,3rd,N,,2102,100,secondary glazing,Normal,0,6,6,0,2,From main system,Average,Average,(other premises below),N/A,N/A,Full secondary glazing,Good,Good,"Solid brick, as built, no insulation (assumed)",Very Poor,Very Poor,"Room heaters, mains gas",N/A,N/A,(another dwelling above),N/A,N/A,"Boiler and radiators, mains gas",Good,Good,"Programmer, no room thermostat",Very Poor,Very Poor,No low energy lighting,Very Poor,Very Poor,mains gas (not community),0,heated corridor,,,0.0,,natural,"Flat 2, 1-3 Arlington Street",Westminster,Cities of London and Westminster,LONDON,England and Wales: before 1900,2013-02-01 17:23:03,rental (private),42,0,,,100
871170559732013011409512018978108,Flat 5,"30, St. James's Place",,SW1A 1NR,5898124078,E,C,49,69,Flat,Mid-Terrace,2013-01-11,E09000033,E14000639,Greater London Authority,2013-01-14,marketed sale,44,67,310,175,6.0,60,3.4,113,58,994,590,109,91,101.0,Single,Y,4th,Y,,2111,9,double glazing installed before 2002,Normal,0,4,4,0,0,From main system,Good,Good,(other premises below),N/A,N/A,Some double glazing,Very Poor,Very Poor,"Solid brick, as built, no insulation (assumed)",Very Poor,Very Poor,None,N/A,N/A,"Pitched, no insulation (assumed)",Very Poor,Very Poor,"Boiler and radiators, mains gas",Good,Good,TRVs and bypass,Average,Average,No low energy lighting,Very Poor,Very Poor,mains gas (not community),0,unheated corridor,9.0,,0.0,,natural,"Flat 5, 30, St. James's Place",Westminster,Cities of London and Westminster,LONDON,England and Wales: 1930-1949,2013-01-14 09:51:20,owner-occupied,26,0,100022805137,Address Matched,100
851713063152012122011573898229208,Apartment 12 Corinthia Residences,"10, Whitehall Place",,SW1A 2BD,2884382078,D,D,61,62,Flat,Enclosed End-Terrace,2012-10-29,E09000033,E14000639,Greater London Authority,2012-12-20,rental,56,56,178,176,26.0,33,26.0,286,190,4896,4913,128,128,788.0,Single,Y,7th,Y,,2306,100,"double, known data",Normal,0,13,13,50,0,Community scheme,Good,Good,(other premises below),N/A,N/A,Fully double glazed,Good,Good,"Timber frame, with additional insulation",Good,Good,None,N/A,N/A,"Flat, insulated",Good,Good,Community scheme,Good,Good,"Charging system linked to use of community heating, programmer and TRVs",Good,Good,Low energy lighting in 50% of fixed outlets,Good,Good,mains gas (community),0,heated corridor,,,0.0,,"mechanical, supply and extract","Apartment 12 Corinthia Residences, 10, Whitehall Place",Westminster,Cities of London and Westminster,LONDON,England and Wales: 1900-1929,2012-12-20 11:57:38,owner-occupied,161,81,10033615880,Address Matched,100
865873589242012121412115204329878,Flat 19,"73, St. James's Street",,SW1A 1PH,7213483078,E,B,49,81,Flat,Mid-Terrace,2012-12-13,E09000033,E14000639,Greater London Authority,2012-12-14,marketed sale,54,86,357,105,2.9,64,0.9,55,28,599,196,92,67,46.0,Single,Y,5th,N,,2603,0,not defined,Normal,0,2,2,0,0,Community scheme,Good,Good,(other premises below),N/A,N/A,Single glazed,Very Poor,Very Poor,"Solid brick, as built, no insulation (assumed)",Poor,Poor,None,N/A,N/A,(another dwelling above),N/A,N/A,"Room heaters, electric",Very Poor,Very Poor,Programmer and appliance thermostats,Good,Good,No low energy lighting,Very Poor,Very Poor,electricity (not community),0,unheated corridor,6.94,,0.0,,natural,"Flat 19, 73, St. James's Street",Westminster,Cities of London and Westminster,LONDON,England and Wales: before 1900,2012-12-14 12:11:52,unknown,8,0,100022805216,Address Matched,100
860964789262012112809265963538772,Flat 2,6 Arlington Street,,SW1A 1RE,7667843078,E,D,50,64,Flat,End-Terrace,2012-11-27,E09000033,E14000639,Greater London Authority,2012-11-28,marketed sale,46,62,336,226,4.7,65,3.1,79,43,695,497,181,140,72.0,Single,N,5th,Y,,2504,100,double glazing installed before 2002,Normal,0,2,2,17,0,"Gas boiler/circulator, no cylinder thermostat",Poor,Poor,(other premises below),N/A,N/A,Fully double glazed,Average,Average,"Solid brick, as built, no insulation (assumed)",Very Poor,Very Poor,None,N/A,N/A,"Flat, insulated",Average,Average,"Warm air, mains gas",Good,Good,Programmer and room thermostat,Average,Average,Low energy lighting in 17% of fixed outlets,Poor,Poor,mains gas (not community),0,unheated corridor,7.47,,0.0,,natural,"Flat 2, 6 Arlington Street",Westminster,Cities of London and Westminster,LONDON,England and Wales: 1930-1949,2012-11-28 09:26:59,owner-occupied,18,3,,,100
851196481752012103014312798229001,Apartment 1 Corinthia Residences,"10, Whitehall Place",,SW1A 2BD,0135182078,D,D,65,66,Flat,Enclosed End-Terrace,2012-10-29,E09000033,E14000639,Greater London Authority,2012-10-30,rental,64,64,165,161,8.3,31,8.0,173,102,1540,1553,116,116,270.0,Single,Y,2nd,N,,2306,100,"double, known data",Normal,0,5,5,30,0,Community scheme,Good,Good,(other premises below),N/A,N/A,Fully double glazed,Good,Good,"Cavity wall, with internal insulation",Good,Good,None,N/A,N/A,(another dwelling above),N/A,N/A,Community scheme,Good,Good,"Charging system linked to use of community heating, programmer and TRVs",Good,Good,Low energy lighting in 30% of fixed outlets,Average,Average,mains gas (community),0,heated corridor,,,0.0,,"mechanical, supply and extract","Apartment 1 Corinthia Residences, 10, Whitehall Place",Westminster,Cities of London and Westminster,LONDON,England and Wales: 1900-1929,2012-10-30 14:31:27,owner-occupied,70,21,10033615869,Address Matched,100
851300920232012103014385279278197,Apartment 3 Corinthia Residences,"10, Whitehall Place",,SW1A 2BD,2729182078,D,D,67,67,Flat,Enclosed Mid-Terrace,2012-10-29,E09000033,E14000639,Greater London Authority,2012-10-30,rental,65,66,155,153,8.8,29,8.6,161,109,1674,1683,116,116,306.0,Single,Y,2nd,N,,2306,100,"double, known data",Normal,0,6,6,53,0,Community scheme,Good,Good,(other premises below),N/A,N/A,Fully double glazed,Good,Good,"Cavity wall, with internal insulation",Good,Good,None,N/A,N/A,(another dwelling above),N/A,N/A,Community scheme,Good,Good,"Charging system linked to use of community heating, programmer and TRVs",Good,Good,Low energy lighting in 53% of fixed outlets,Good,Good,mains gas (community),0,heated corridor,,,0.0,,"mechanical, supply and extract","Apartment 3 Corinthia Residences, 10, Whitehall Place",Westminster,Cities of London and Westminster,LONDON,England and Wales: 1900-1929,2012-10-30 14:38:52,owner-occupied,66,35,10033615871,Address Matched,100
851341819262012103014343472818332,Apartment 2 Corinthia Residences,"10, Whitehall Place",,SW1A 2BD,3747182078,D,D,66,66,Flat,Enclosed End-Terrace,2012-10-29,E09000033,E14000639,Greater London Authority,2012-10-30,rental,64,65,163,160,8.0,30,7.9,145,101,1518,1526,115,115,267.0,Single,Y,2nd,N,,2306,100,"double, known data",Normal,0,5,5,56,0,Community scheme,Good,Good,(other premises below),N/A,N/A,Fully double glazed,Good,Good,"Cavity wall, with internal insulation",Good,Good,None,N/A,N/A,(another dwelling above),N/A,N/A,Community scheme,Good,Good,"Charging system linked to use of community heating, programmer and TRVs",Good,Good,Low energy lighting in 56% of fixed outlets,Good,Good,mains gas (community),0,heated corridor,,,0.0,,"mechanical, supply and extract","Apartment 2 Corinthia Residences, 10, Whitehall Place",Westminster,Cities of London and Westminster,LONDON,England and Wales: 1900-1929,2012-10-30 14:34:34,owner-occupied,41,23,10033615870,Address Matched,100
851409112452012103014410398229504,Apartment 4 Corinthia Residences,"10, Whitehall Place",,SW1A 2BD,5420282078,C,C,69,70,Flat,Enclosed End-Terrace,2012-10-29,E09000033,E14000639,Greater London Authority,2012-10-30,rental,68,69,144,140,7.3,27,7.1,161,102,1345,1356,116,116,273.0,Single,Y,3rd,N,,2306,100,"double, known data",Normal,0,6,6,43,0,Community scheme,Good,Good,(other premises below),N/A,N/A,Fully double glazed,Good,Good,"Cavity wall, with internal insulation",Good,Good,None,N/A,N/A,(another dwelling above),N/A,N/A,Community scheme,Good,Good,"Charging system linked to use of community heating, programmer and TRVs",Good,Good,Low energy lighting in 43% of fixed outlets,Average,Average,mains gas (community),0,heated corridor,,,0.0,,"mechanical, supply and extract","Apartment 4 Corinthia Residences, 10, Whitehall Place",Westminster,Cities of London and Westminster,LONDON,England and Wales: 1900-1929,2012-10-30 14:41:03,owner-occupied,58,25,10033615872,Address Matched,100
851629729262012103014423182118102,Apartment 5 Corinthia Residences,"10, Whitehall Place",,SW1A 2BD,0868282078,C,C,70,71,Flat,Enclosed End-Terrace,2012-10-29,E09000033,E14000639,Greater London Authority,2012-10-30,rental,69,69,134,132,10.0,25,9.8,184,128,1889,1899,119,119,402.0,Single,Y,3rd,N,,2306,100,"double, known data",Normal,0,9,9,56,0,Community scheme,Good,Good,(other premises below),N/A,N/A,Fully double glazed,Good,Good,"Cavity wall, with internal insulation",Good,Good,None,N/A,N/A,(another dwelling above),N/A,N/A,Community scheme,Good,Good,"Charging system linked to use of community heating, programmer and TRVs",Good,Good,Low energy lighting in 56% of fixed outlets,Good,Good,mains gas (community),0,heated corridor,,,0.0,,"mechanical, supply and extract","Apartment 5 Corinthia Residences, 10, Whitehall Place",Westminster,Cities of London and Westminster,LONDON,England and Wales: 1900-1929,2012-10-30 14:42:31,owner-occupied,72,40,10033615873,Address Matched,100
851691089342012103014521706222818,Apartment 10 Corinthia Residences,"10, Whitehall Place",,SW1A 2BD,2354382078,D,C,68,69,Flat,Enclosed End-Terrace,2012-10-29,E09000033,E14000639,Greater London Authority,2012-10-30,rental,66,67,151,148,7.7,28,7.5,157,102,1418,1428,116,116,273.0,Single,Y,6th,N,,2306,100,"double, known data",Normal,0,6,6,47,0,Community scheme,Good,Good,(other premises below),N/A,N/A,Fully double glazed,Good,Good,"Cavity wall, with internal insulation",Good,Good,None,N/A,N/A,(another dwelling above),N/A,N/A,Community scheme,Good,Good,"Charging system linked to use of community heating, programmer and TRVs",Good,Good,Low energy lighting in 47% of fixed outlets,Good,Good,mains gas (community),0,heated corridor,,,0.0,,"mechanical, supply and extract","Apartment 10 Corinthia Residences, 10, Whitehall Place",Westminster,Cities of London and Westminster,LONDON,England and Wales: 1900-1929,2012-10-30 14:52:17,owner-occupied,70,33,10033615878,Address Matched,100
851752939222012103014491982718032,Apartment 9 Corinthia Residences,"10, Whitehall Place",,SW1A 2BD,3844382078,C,C,69,70,Flat,Enclosed End-Terrace,2012-10-29,E09000033,E14000639,Greater London Authority,2012-10-30,rental,67,68,141,139,11.0,26,10.0,184,128,1984,1994,119,119,402.0,Single,Y,5th,N,,2306,100,"double, known data",Normal,0,9,9,56,0,Community scheme,Good,Good,(other premises below),N/A,N/A,Fully double glazed,Good,Good,"Cavity wall, with internal insulation",Good,Good,None,N/A,N/A,(another dwelling above),N/A,N/A,Community scheme,Good,Good,"Charging system linked to use of community heating, programmer and TRVs",Good,Good,Low energy lighting in 56% of fixed outlets,Good,Good,mains gas (community),0,heated corridor,,,0.0,,"mechanical, supply and extract","Apartment 9 Corinthia Residences, 10, Whitehall Place",Westminster,Cities of London and Westminster,LONDON,England and Wales: 1900-1929,2012-10-30 14:49:19,owner-occupied,84,47,10033615877,Address Matched,100
851763529262012103014440902718342,Apartment 6 Corinthia Residences,"10, Whitehall Place",,SW1A 2BD,4098282078,D,C,68,69,Flat,Enclosed End-Terrace,2012-10-29,E09000033,E14000639,Greater London Authority,2012-10-30,rental,67,68,150,146,7.6,28,7.4,158,102,1398,1408,116,116,273.0,Single,Y,4th,N,,2306,100,"double, known data",Normal,0,6,6,46,0,Community scheme,Good,Good,(other premises below),N/A,N/A,Fully double glazed,Good,Good,"Cavity wall, with internal insulation",Good,Good,None,N/A,N/A,(another dwelling above),N/A,N/A,Community scheme,Good,Good,"Charging system linked to use of community heating, programmer and TRVs",Good,Good,Low energy lighting in 46% of fixed outlets,Good,Good,mains gas (community),0,heated corridor,,,0.0,,"mechanical, supply and extract","Apartment 6 Corinthia Residences, 10, Whitehall Place",Westminster,Cities of London and Westminster,LONDON,England and Wales: 1900-1929,2012-10-30 14:44:09,owner-occupied,63,29,10033615874,Address Matched,100
851778563552012103014540798229404,Apartment 11 Corinthia Residences,"10, Whitehall Place",,SW1A 2BD,4464382078,C,C,69,70,Flat,Enclosed End-Terrace,2012-10-29,E09000033,E14000639,Greater London Authority,2012-10-30,rental,67,68,142,140,11.0,26,10.0,184,128,1995,2006,119,119,402.0,Single,Y,6th,N,,2306,100,"double, known data",Normal,0,9,9,56,0,Community scheme,Good,Good,(other premises below),N/A,N/A,Fully double glazed,Good,Good,"Cavity wall, with internal insulation",Good,Good,None,N/A,N/A,(another dwelling above),N/A,N/A,Community scheme,Good,Good,"Charging system linked to use of community heating, programmer and TRVs",Good,Good,Low energy lighting in 56% of fixed outlets,Good,Good,mains gas (community),0,heated corridor,,,0.0,,"mechanical, supply and extract","Apartment 11 Corinthia Residences, 10, Whitehall Place",Westminster,Cities of London and Westminster,LONDON,England and Wales: 1900-1929,2012-10-30 14:54:07,owner-occupied,68,38,10033615879,Address Matched,100
851920089802012103014455900222218,Apartment 7 Corinthia Residences,"10, Whitehall Place",,SW1A 2BD,7870382078,C,C,69,70,Flat,Enclosed End-Terrace,2012-10-29,E09000033,E14000639,Greater London Authority,2012-10-30,rental,68,68,140,138,10.0,26,10.0,183,128,1967,1977,119,119,402.0,Single,Y,4th,N,,2306,100,"double, known data",Normal,0,9,9,57,0,Community scheme,Good,Good,(other premises below),N/A,N/A,Fully double glazed,Good,Good,"Cavity wall, with internal insulation",Good,Good,None,N/A,N/A,(another dwelling above),N/A,N/A,Community scheme,Good,Good,"Charging system linked to use of community heating, programmer and TRVs",Good,Good,Low energy lighting in 57% of fixed outlets,Good,Good,mains gas (community),0,heated corridor,,,0.0,,"mechanical, supply and extract","Apartment 7 Corinthia Residences, 10, Whitehall Place",Westminster,Cities of London and Westminster,LONDON,England and Wales: 1900-1929,2012-10-30 14:45:59,owner-occupied,77,44,10033615875,Address Matched,100
851926739262012103014474402118082,Apartment 8 Corinthia Residences,"10, Whitehall Place",,SW1A 2BD,8034382078,D,C,68,69,Flat,Enclosed End-Terrace,2012-10-29,E09000033,E14000639,Greater London Authority,2012-10-30,rental,67,67,151,147,7.6,28,7.5,156,102,1411,1420,116,116,273.0,Single,Y,5th,N,,2306,100,"double, known data",Normal,0,6,6,48,0,Community scheme,Good,Good,(other premises below),N/A,N/A,Fully double glazed,Good,Good,"Cavity wall, with internal insulation",Good,Good,None,N/A,N/A,(another dwelling above),N/A,N/A,Community scheme,Good,Good,"Charging system linked to use of community heating, programmer and TRVs",Good,Good,Low energy lighting in 48% of fixed outlets,Good,Good,mains gas (community),0,heated corridor,,,0.0,,"mechanical, supply and extract","Apartment 8 Corinthia Residences, 10, Whitehall Place",Westminster,Cities of London and Westminster,LONDON,England and Wales: 1900-1929,2012-10-30 14:47:44,owner-occupied,69,33,10033615876,Address Matched,100
845810939922012101618334352568402,The Penthouse,3 Whitehall Court,,SW1A 2EL,0540342078,C,C,72,74,Flat,Semi-Detached,2012-10-16,E09000033,E14000639,Greater London Authority,2012-10-16,rental (private),48,49,240,232,14.0,43,14.0,241,120,1354,1351,140,140,337.0,Unknown,N,8th,Y,,2505,100,"double glazing, unknown install date",Normal,0,6,6,0,0,"Electric immersion, off-peak",Average,Very Poor,(other premises below),N/A,N/A,Fully double glazed,Average,Average,"Solid brick, as built, insulated (assumed)",Good,Good,None,N/A,N/A,"Pitched, insulated (assumed)",Good,Good,"Warm air, Electricaire",Average,Very Poor,Programmer and at least two room thermostats,Good,Good,No low energy lighting,Very Poor,Very Poor,electricity (not community),0,heated corridor,,,0.0,,natural,"The Penthouse, 3 Whitehall Court",Westminster,Cities of London and Westminster,LONDON,England and Wales: 2007 onwards,2012-10-16 18:33:43,rental (private),26,0,,,100
685317061112012101509382296929891,Flat 86 Arlington House,Arlington Street,,SW1A 1RL,8176160968,C,C,75,77,Flat,Enclosed Mid-Terrace,2012-10-11,E09000033,E14000639,Greater London Authority,2012-10-15,marketed sale,69,71,161,154,4.3,29,4.1,130,73,541,553,118,118,151.0,Single,N,6th,N,,2506,100,secondary glazing,Normal,0,5,5,22,0,Community scheme,Good,Very Good,(other premises below),N/A,N/A,Full secondary glazing,Good,Good,"System built, as built, no insulation (assumed)",Very Poor,Very Poor,"Room heaters, electric",N/A,N/A,(another dwelling above),N/A,N/A,"Air source heat pump, warm air, electric",Good,Good,Time and temperature zone control,Very Good,Very Good,Low energy lighting in 22% of fixed outlets,Poor,Poor,electricity (not community),0,heated corridor,,,0.0,,natural,"Flat 86 Arlington House, Arlington Street",Westminster,Cities of London and Westminster,LONDON,England and Wales: 1930-1949,2012-10-15 09:38:22,rental (private),37,8,10033529122,Address Matched,100
728682590232012101508580345968190,Flat 51 Arlington House,Arlington Street,,SW1A 1RJ,9075173968,C,C,71,72,Flat,Enclosed Mid-Terrace,2012-10-11,E09000033,E14000639,Greater London Authority,2012-10-15,marketed sale,73,75,179,168,2.0,33,1.9,76,38,341,348,102,102,63.0,Single,N,4th,N,,2504,100,"double glazing, unknown install date",Normal,0,2,2,0,0,Community scheme,Good,Very Good,(other premises below),N/A,N/A,Fully double glazed,Average,Average,"System built, as built, no insulation (assumed)",Very Poor,Very Poor,None,N/A,N/A,(another dwelling above),N/A,N/A,"Air source heat pump, warm air, electric",Good,Good,Programmer and room thermostat,Average,Average,No low energy lighting,Very Poor,Very Poor,electricity (not community),0,heated corridor,,,0.0,,natural,"Flat 51 Arlington House, Arlington Street",Westminster,Cities of London and Westminster,LONDON,England and Wales: 1930-1949,2012-10-15 08:58:03,rental (private),19,0,100022722259,Address Matched,100
843824770612012100919155293029109,Flat 134,"4, Whitehall Court",,SW1A 2EP,1914032078,C,C,69,79,Flat,Mid-Terrace,2012-10-09,E09000033,E14000639,Greater London Authority,2012-10-09,marketed sale,53,73,210,120,3.6,56,2.1,64,39,388,228,103,103,64.0,Unknown,N,5th,N,,2301,45,"double glazing, unknown install date",Normal,0,2,2,33,1,Community scheme,Good,Poor,(other premises below),N/A,N/A,Partial double glazing,Poor,Poor,"Solid brick, as built, no insulation (assumed)",Very Poor,Very Poor,None,N/A,N/A,(another dwelling above),N/A,N/A,Community scheme,Good,Poor,"Flat rate charging, no thermostatic control of room temperature",Very Poor,Very Poor,Low energy lighting in 33% of fixed outlets,Average,Average,oil (community),0,heated corridor,,,0.0,,natural,"Flat 134, 4, Whitehall Court",Westminster,Cities of London and Westminster,LONDON,England and Wales: before 1900,2012-10-09 19:15:52,rental (private),12,4,100023337068,Address Matched,100
833311534812012091701151595920201,Flat 4,"1, St. James's Street",,SW1A 1EF,2150451078,C,B,70,84,Flat,End-Terrace,2012-09-14,E09000033,E14000639,Greater London Authority,2012-09-17,rental (private),68,85,156,74,4.4,30,2.1,140,72,639,321,157,118,149.0,Unknown,Y,4th,N,,2106,87,secondary glazing,Normal,0,4,4,7,0,"From main system, no cylinder thermostat",Average,Average,(other premises below),N/A,N/A,Mostly secondary glazing,Average,Average,"Solid brick, as built, no insulation (assumed)",Very Poor,Very Poor,None,N/A,N/A,(another dwelling above),N/A,N/A,"Boiler and radiators, mains gas",Good,Good,"Programmer, room thermostat and TRVs",Good,Good,Low energy lighting in 7% of fixed outlets,Very Poor,Very Poor,mains gas (not community),0,heated corridor,,,0.0,,natural,"Flat 4, 1, St. James's Street",Westminster,Cities of London and Westminster,LONDON,England and Wales: before 1900,2012-09-17 01:15:15,rental (private),14,1,100023336811,Address Matched,100
831795491452012090616433094020909,Flat A,"1-3, Spring Gardens",,SW1A 2BB,9921141078,D,C,68,77,Flat,Enclosed End-Terrace,2012-09-06,E09000033,E14000639,Greater London Authority,2012-09-06,marketed sale,50,64,326,232,4.2,58,3.0,95,48,405,277,129,129,74.0,Unknown,N,1st,N,,2504,100,"double glazing, unknown install date",Normal,1,3,3,0,0,"Electric immersion, off-peak",Average,Very Poor,(other premises below),N/A,N/A,Fully double glazed,Average,Average,"Solid brick, as built, no insulation (assumed)",Very Poor,Very Poor,"Room heaters, electric",N/A,N/A,(another dwelling above),N/A,N/A,"Warm air, Electricaire",Average,Very Poor,Programmer and room thermostat,Average,Average,No low energy lighting,Very Poor,Very Poor,electricity (not community),0,heated corridor,,,0.0,,natural,"Flat A, 1-3, Spring Gardens",Westminster,Cities of London and Westminster,LONDON,England and Wales: before 1900,2012-09-06 16:43:30,owner-occupied,10,0,10033552756,Address Matched,100
831088941232012090320024833078904,Flat 95 Arlington House,Arlington Street,,SW1A 1RJ,4433931078,C,C,77,78,Maisonette,End-Terrace,2012-09-03,E09000033,E14000639,Greater London Authority,2012-09-03,rental (private),75,76,104,98,7.0,20,6.7,228,114,1125,1146,123,123,355.0,Single,N,8th,Y,,2506,100,double glazing installed during or after 2002,Normal,0,4,4,0,0,Community scheme,Good,Very Good,(other premises below),N/A,N/A,Fully double glazed,Good,Good,"System built, as built, insulated (assumed)",Good,Good,None,N/A,N/A,"Flat, insulated (assumed)",Good,Good,"Warm air, mains gas",Good,Good,Time and temperature zone control,Very Good,Very Good,No low energy lighting,Very Poor,Very Poor,mains gas (not community),0,unheated corridor,33.73,,0.0,,natural,"Flat 95 Arlington House, Arlington Street",Westminster,Cities of London and Westminster,LONDON,England and Wales: 2003-2006,2012-09-03 20:02:48,rental (private),50,0,10033529126,Address Matched,100
810807749022012070618274419768082,Flat 25,"73, St. James's Street",,SW1A 1PH,8189499968,D,B,68,81,Flat,Semi-Detached,2012-07-06,E09000033,E14000639,Greater London Authority,2012-07-06,marketed sale,69,85,228,111,2.0,44,1.0,56,28,319,184,92,78,46.0,Single,N,4th,N,,2301,35,secondary glazing,Normal,0,2,2,0,1,Community scheme,Good,Good,(other premises below),N/A,N/A,Partial secondary glazing,Poor,Poor,"Solid brick, as built, no insulation (assumed)",Very Poor,Very Poor,None,N/A,N/A,(another dwelling above),N/A,N/A,Community scheme,Good,Good,"Flat rate charging, no thermostatic control of room temperature",Very Poor,Very Poor,No low energy lighting,Very Poor,Very Poor,mains gas (community),0,heated corridor,,,0.0,,natural,"Flat 25, 73, St. James's Street",Westminster,Cities of London and Westminster,LONDON,England and Wales: 1900-1929,2012-07-06 18:27:44,owner-occupied,6,0,100022805221,Address Matched,100
412036529062012070419002990048702,Flat 42 Arlington House,Arlington Street,,SW1A 1RL,0972280768,F,F,37,38,Flat,Enclosed End-Terrace,2012-07-04,E09000033,E14000639,Greater London Authority,2012-07-04,rental (private),44,45,281,278,11.0,50,10.0,153,89,2105,2137,385,385,212.0,Unknown,N,4th,N,,2506,100,"double glazing, unknown install date",Normal,0,5,5,28,0,"From main system, no cylinder thermostat",Very Poor,Very Poor,(other premises below),N/A,N/A,Fully double glazed,Average,Average,"System built, as built, no insulation (assumed)",Very Poor,Very Poor,None,N/A,N/A,(another dwelling above),N/A,N/A,"Warm air, Electricaire",Very Poor,Very Poor,Time and temperature zone control,Very Good,Very Good,Low energy lighting in 28% of fixed outlets,Average,Average,electricity (not community),0,heated corridor,,,0.0,,natural,"Flat 42 Arlington House, Arlington Street",Westminster,Cities of London and Westminster,LONDON,England and Wales: 1930-1949,2012-07-04 19:00:29,rental (private),18,5,100022722250,Address Matched,100
807178937852012062712210796220893,Flat 3,"24, St. James's Place",,SW1A 1NH,8390769968,E,E,46,48,Flat,Mid-Terrace,2012-06-26,E09000033,E14000639,Greater London Authority,2012-06-27,rental (private),51,53,233,223,10.0,41,9.5,203,101,1961,2019,287,220,241.0,Single,N,3rd,N,,2703,100,double glazing installed before 2002,Normal,0,3,3,0,0,"Electric immersion, standard tariff",Very Poor,Very Poor,(other premises below),N/A,N/A,Fully double glazed,Average,Average,"System built, as built, no insulation (assumed)",Very Poor,Very Poor,None,N/A,N/A,(another dwelling above),N/A,N/A,Electric underfloor heating,Very Poor,Very Poor,Room thermostat only,Poor,Poor,No low energy lighting,Very Poor,Very Poor,electricity (not community),0,unheated corridor,17.76,,0.0,,natural,"Flat 3, 24, St. James's Place",Westminster,Cities of London and Westminster,LONDON,England and Wales: 1950-1966,2012-06-27 12:21:07,rental (private),26,0,100022805114,Address Matched,100
502715066232012061910115685968707,Flat 93,"3, Whitehall Court",,SW1A 2EL,6725717768,D,B,64,82,Flat,Mid-Terrace,2012-06-15,E09000033,E14000639,Greater London Authority,2012-06-19,marketed sale,39,69,191,87,11.0,58,5.2,165,84,1161,533,91,91,198.0,Single,N,6th,N,,2303,22,double glazing installed before 2002,Normal,0,4,4,0,1,Community scheme,Good,Average,(other premises below),N/A,N/A,Some double glazing,Very Poor,Very Poor,"Solid brick, as built, no insulation (assumed)",Very Poor,Very Poor,"Room heaters, coal",N/A,N/A,(another dwelling above),N/A,N/A,Community scheme,Good,Average,"Flat rate charging, room thermostat only",Poor,Poor,No low energy lighting,Very Poor,Very Poor,oil (community),0,no corridor,,,0.0,,natural,"Flat 93, 3, Whitehall Court",Westminster,Cities of London and Westminster,LONDON,England and Wales: before 1900,2012-06-19 10:11:56,owner-occupied,24,0,100023337034,Address Matched,100
803411049602012061919542292929418,Flat 14,"25, Whitehall",,SW1A 2BS,4624449968,C,B,71,82,Flat,Mid-Terrace,2012-06-19,E09000033,E14000639,Greater London Authority,2012-06-19,marketed sale,75,87,165,85,2.4,27,1.3,51,51,481,266,101,70,89.0,Single,Y,3rd,N,,2106,100,secondary glazing,Normal,0,4,4,100,0,From main system,Good,Good,(other premises below),N/A,N/A,Full secondary glazing,Good,Good,"Solid brick, as built, no insulation (assumed)",Very Poor,Very Poor,"Room heaters, wood logs",N/A,N/A,(another dwelling above),N/A,N/A,"Boiler and radiators, mains gas",Good,Good,"Programmer, room thermostat and TRVs",Good,Good,Low energy lighting in all fixed outlets,Very Good,Very Good,mains gas (not community),0,unheated corridor,6.93,,0.0,,natural,"Flat 14, 25, Whitehall",Westminster,Cities of London and Westminster,LONDON,England and Wales: before 1900,2012-06-19 19:54:22,owner-occupied,48,48,200002373318,Address Matched,100
802041639802012061508512093929748,Flat 72-73,3 Whitehall Court,,SW1A 2EL,4844139968,C,B,70,85,Flat,Mid-Terrace,2012-06-14,E09000033,E14000639,Greater London Authority,2012-06-15,marketed sale,48,75,151,70,9.2,46,4.2,165,85,900,422,91,91,201.0,Single,Y,2nd,N,,2307,0,not defined,Normal,0,6,6,0,0,Community scheme,Good,Average,(other premises below),N/A,N/A,Single glazed,Very Poor,Very Poor,"Solid brick, as built, no insulation (assumed)",Very Poor,Very Poor,None,N/A,N/A,(another dwelling above),N/A,N/A,Community scheme,Good,Average,"Flat rate charging, TRVs",Average,Average,No low energy lighting,Very Poor,Very Poor,oil (community),0,no corridor,,,0.0,,natural,"Flat 72-73, 3 Whitehall Court",Westminster,Cities of London and Westminster,LONDON,England and Wales: before 1900,2012-06-15 08:51:20,owner-occupied,22,0,,,100
795617879262012053108454048218952,The Penthouse,Walpole Mayfair,5 Arlington Street,SW1A 1RA,5463788968,E,E,48,48,Maisonette,Semi-Detached,2012-05-29,E09000033,E14000639,Greater London Authority,2012-05-31,marketed sale,52,52,233,233,12.0,41,12.0,92,92,2635,2635,307,307,299.0,standard tariff,,top floor,,,,,NO DATA!,NO DATA!,,,,0,,"Electric immersion, standard tariff",Very Poor,Very Poor,(other premises below),N/A,N/A,High performance glazing,Very Good,Very Good,Average thermal transmittance 0.29 W/m?K,Very Good,Very Good,None,N/A,N/A,Average thermal transmittance 0.18 W/m?K,Good,Good,Electric underfloor heating,Very Poor,Very Poor,Time and temperature zone control,Very Good,Very Good,Low energy lighting in all fixed outlets,Very Good,Very Good,"Electricity: electricity, unspecified tariff",0,NO DATA!,,,,,NO DATA!,"The Penthouse, Walpole Mayfair, 5 Arlington Street",Westminster,Cities of London and Westminster,LONDON,NO DATA!,2012-05-31 08:45:40,,0,0,,,101
793774494952012052514345597920694,Apartment 2,Walpole Mayfair,5 Arlington Street,SW1A 1RA,6473478968,D,D,60,60,Flat,Mid-Terrace,2012-05-11,E09000033,E14000639,Greater London Authority,2012-05-25,none of the above,63,63,180,180,9.4,32,9.4,95,95,1914,1914,307,307,294.0,standard tariff,,mid floor,,,,,NO DATA!,NO DATA!,,,,0,,"Electric immersion, standard tariff",Very Poor,Very Poor,(other premises below),N/A,N/A,Full secondary glazing,Good,Good,Average thermal transmittance 0.30 W/m?K,Good,Good,None,N/A,N/A,Average thermal transmittance 0 W/m?K,Very Good,Very Good,Electric underfloor heating,Very Poor,Very Poor,Time and temperature zone control,Very Good,Very Good,Low energy lighting in all fixed outlets,Very Good,Very Good,"Electricity: electricity, unspecified tariff",0,NO DATA!,,,,,NO DATA!,"Apartment 2, Walpole Mayfair, 5 Arlington Street",Westminster,Cities of London and Westminster,LONDON,NO DATA!,2012-05-25 14:34:55,,0,0,10033617163,Address Matched,101
793855834212012052514354397920892,Apartment 4,Walpole Mayfair,5 Arlington Street,SW1A 1RA,8293478968,D,D,60,60,Flat,Mid-Terrace,2012-05-11,E09000033,E14000639,Greater London Authority,2012-05-25,none of the above,63,63,181,181,9.4,32,9.4,99,99,1919,1919,307,307,294.0,standard tariff,,mid floor,,,,,NO DATA!,NO DATA!,,,,0,,"Electric immersion, standard tariff",Very Poor,Very Poor,(other premises below),N/A,N/A,Full secondary glazing,Good,Good,Average thermal transmittance 0.30 W/m?K,Good,Good,None,N/A,N/A,Average thermal transmittance 0 W/m?K,Very Good,Very Good,Electric underfloor heating,Very Poor,Very Poor,Time and temperature zone control,Very Good,Very Good,Low energy lighting in all fixed outlets,Very Good,Very Good,"Electricity: electricity, unspecified tariff",0,NO DATA!,,,,,NO DATA!,"Apartment 4, Walpole Mayfair, 5 Arlington Street",Westminster,Cities of London and Westminster,LONDON,NO DATA!,2012-05-25 14:35:43,,0,0,10033617165,Address Matched,101
793891579002012052514352396829798,Apartment 3,Walpole Mayfair,5 Arlington Street,SW1A 1RA,9083478968,D,D,60,60,Flat,Mid-Terrace,2012-05-11,E09000033,E14000639,Greater London Authority,2012-05-25,none of the above,63,63,181,181,9.4,32,9.4,99,99,1918,1918,307,307,294.0,standard tariff,,mid floor,,,,,NO DATA!,NO DATA!,,,,0,,"Electric immersion, standard tariff",Very Poor,Very Poor,(other premises below),N/A,N/A,Full secondary glazing,Good,Good,Average thermal transmittance 0.30 W/m?K,Good,Good,None,N/A,N/A,Average thermal transmittance 0 W/m?K,Very Good,Very Good,Electric underfloor heating,Very Poor,Very Poor,Time and temperature zone control,Very Good,Very Good,Low energy lighting in all fixed outlets,Very Good,Very Good,"Electricity: electricity, unspecified tariff",0,NO DATA!,,,,,NO DATA!,"Apartment 3, Walpole Mayfair, 5 Arlington Street",Westminster,Cities of London and Westminster,LONDON,NO DATA!,2012-05-25 14:35:23,,0,0,10033617164,Address Matched,101
790321759142012051818470896829338,Flat 1,"21-22, St. James's Place",,SW1A 1NH,0109358968,C,B,75,84,Flat,Mid-Terrace,2012-05-17,E09000033,E14000639,Greater London Authority,2012-05-18,marketed sale,68,81,126,76,13.0,24,8.2,315,167,1955,1202,127,127,555.0,Single,Y,1st,N,,2303,30,double glazing installed before 2002,Normal,0,12,12,10,2,Community scheme,Good,Good,(other premises below),N/A,N/A,Some double glazing,Poor,Poor,"Solid brick, as built, no insulation (assumed)",Poor,Poor,None,N/A,N/A,(another dwelling above),N/A,N/A,Community scheme,Good,Good,"Flat rate charging, room thermostat only",Poor,Poor,Low energy lighting in 10% of fixed outlets,Poor,Poor,mains gas (community),0,heated corridor,,,0.0,,natural,"Flat 1, 21-22, St. James's Place",Westminster,Cities of London and Westminster,LONDON,England and Wales: 1950-1966,2012-05-18 18:47:08,owner-occupied,99,10,100023336836,Address Matched,100
786080052612012051021144392920295,"2, Catherine Wheel Yard",,,SW1A 1DR,2550228968,E,D,48,68,Maisonette,Mid-Terrace,2012-05-10,E09000033,E14000639,Greater London Authority,2012-05-10,marketed sale,50,70,269,156,5.7,50,3.3,63,65,1129,638,114,115,112.0,Unknown,Y,2nd,Y,,2106,0,not defined,Normal,0,4,4,100,0,From main system,Good,Good,"To unheated space, no insulation (assumed)",N/A,N/A,Single glazed,Very Poor,Very Poor,"Solid brick, as built, no insulation (assumed)",Very Poor,Very Poor,None,N/A,N/A,"Pitched, 100 mm loft insulation",Average,Average,"Boiler and radiators, mains gas",Good,Good,"Programmer, room thermostat and TRVs",Good,Good,Low energy lighting in all fixed outlets,Very Good,Very Good,mains gas (not community),0,unheated corridor,5.7,,0.0,,natural,"2, Catherine Wheel Yard",Westminster,Cities of London and Westminster,LONDON,England and Wales: 1900-1929,2012-05-10 21:14:43,owner-occupied,43,43,100023336886,Address Matched,100
778237539922012042013133197918302,2A & 2B,3 Whitehall Court,,SW1A 2EL,0967367968,C,C,74,76,Flat,Detached,2012-04-19,E09000033,E14000639,Greater London Authority,2012-04-20,marketed sale,70,73,121,110,9.1,23,8.3,248,124,1443,1396,123,123,393.0,Unknown,N,7th,Y,,2506,100,double glazing installed during or after 2002,Normal,0,7,7,0,0,Community scheme,Good,Good,(other premises below),N/A,N/A,Fully double glazed,Good,Good,"Timber frame, as built, no insulation (assumed)",Very Poor,Very Poor,None,N/A,N/A,"Roof room(s), insulated",Good,Good,"Warm air, mains gas",Good,Good,Time and temperature zone control,Very Good,Very Good,No low energy lighting,Very Poor,Very Poor,mains gas (not community),0,no corridor,,,0.0,,natural,"2A & 2B, 3 Whitehall Court",Westminster,Cities of London and Westminster,LONDON,England and Wales: before 1900,2012-04-20 13:13:31,owner-occupied,30,0,100022819787,Address Matched,100
777065085712012041815345595920098,Flat 4,41 St. James's Place,,SW1A 1NS,0843557968,C,B,69,83,Flat,Mid-Terrace,2012-04-17,E09000033,E14000639,Greater London Authority,2012-04-18,marketed sale,62,72,316,228,2.4,56,1.7,51,31,273,136,118,79,43.0,Unknown,N,4th,Y,,2602,0,not defined,Normal,0,2,2,8,0,"Electric immersion, off-peak",Average,Very Poor,(other premises below),N/A,N/A,Single glazed,Very Poor,Very Poor,"Timber frame, as built, insulated (assumed)",Good,Good,None,N/A,N/A,"Flat, insulated (assumed)",Good,Good,"Room heaters, electric",Poor,Very Poor,Appliance thermostats,Good,Good,Low energy lighting in 8% of fixed outlets,Very Poor,Very Poor,electricity (not community),0,heated corridor,,,0.0,,natural,"Flat 4, 41 St. James's Place",Westminster,Cities of London and Westminster,LONDON,England and Wales: 2007 onwards,2012-04-18 15:34:55,owner-occupied,12,1,10033628142,Address Matched,100
766963449262012032817193506688822,Flat 23 Arlington House,Arlington Street,,SW1A 1RJ,2021486968,C,C,72,74,Flat,Mid-Terrace,2012-03-28,E09000033,E14000639,Greater London Authority,2012-03-28,rental (private),74,75,177,166,2.1,34,2.0,74,37,195,199,233,233,62.7,Unknown,Y,Ground,Y,,2506,100,secondary glazing,Normal,0,2,2,0,0,"From main system, no cylinderstat",Average,Average,(other premises below),N/A,N/A,Full secondary glazing,Good,Good,"System built, as built, no insulation (assumed)",Very Poor,Very Poor,None,N/A,N/A,(another dwelling above),N/A,N/A,"Warm air, mains gas",Good,Good,Time and temperature zone control,Very Good,Very Good,No low energy lighting,Very Poor,Very Poor,mains gas (not community),0,heated corridor,,2.4,0.0,,natural,"Flat 23 Arlington House, Arlington Street",Westminster,Cities of London and Westminster,LONDON,England and Wales: 1930-1949,2012-03-28 17:19:35,rental (private),8,0,10033529112,Address Matched,100
767167389502012032818034994622988,Flat 9 Arlington House,Arlington Street,,SW1A 1RJ,5513486968,C,C,72,73,Flat,Enclosed End-Terrace,2012-03-28,E09000033,E14000639,Greater London Authority,2012-03-28,rental (private),69,70,150,142,5.8,29,5.5,170,85,748,762,250,250,202.58,Unknown,Y,Ground,Y,,2506,100,double glazing installed during or after 2002,Normal,0,4,4,0,0,"From main system, no cylinderstat",Average,Average,(other premises below),N/A,N/A,Fully double glazed,Good,Good,"System built, as built, no insulation (assumed)",Very Poor,Very Poor,None,N/A,N/A,(another dwelling above),N/A,N/A,"Warm air, mains gas",Good,Good,Time and temperature zone control,Very Good,Very Good,No low energy lighting,Very Poor,Very Poor,mains gas (not community),0,heated corridor,,2.4,0.0,,natural,"Flat 9 Arlington House, Arlington Street",Westminster,Cities of London and Westminster,LONDON,England and Wales: 1930-1949,2012-03-28 18:03:49,rental (private),8,0,100022722219,Address Matched,100
642558509062012030516315207658782,Flat 149,"4, Whitehall Court",,SW1A 2EP,8090067868,E,E,40,41,Flat,Detached,2012-03-05,E09000033,E14000639,Greater London Authority,2012-03-05,marketed sale,19,19,437,428,11.0,119,11.0,99,52,1115,1122,184,184,94.6,Single,N,Ground,Y,,2301,21,double glazing installed before 2002,Normal,2,4,4,11,0,Community scheme,Good,Poor,(other premises below),N/A,N/A,Some double glazing,Very Poor,Very Poor,"Sandstone, as built, no insulation (assumed)",Very Poor,Very Poor,None,N/A,N/A,"Flat, no insulation (assumed)",Very Poor,Very Poor,Community scheme,Good,Poor,"Flat rate charging, no thermostatic control of room temperature",Very Poor,Very Poor,Low energy lighting in 11% of fixed outlets,Poor,Poor,oil (community),0,heated corridor,,3.0,0.0,,natural,"Flat 149, 4, Whitehall Court",Westminster,Cities of London and Westminster,LONDON,England and Wales: before 1900,2012-03-05 16:31:52,owner-occupied,19,2,100023337078,Address Matched,100
415814878812012022020083990920874,Flat 82,"3, Whitehall Court",,SW1A 2EL,8408801768,D,D,65,66,Flat,Mid-Terrace,2012-02-17,E09000033,E14000639,Greater London Authority,2012-02-20,marketed sale,39,40,195,188,12.0,60,12.0,167,83,1220,1235,91,91,205.0,Single,Y,4th,N,,2301,0,not defined,Normal,0,5,5,0,0,Community scheme,Good,Average,(other premises below),N/A,N/A,Single glazed,Very Poor,Very Poor,"Solid brick, as built, no insulation (assumed)",Very Poor,Very Poor,None,N/A,N/A,(another dwelling above),N/A,N/A,Community scheme,Good,Average,"Flat rate charging, no thermostatic control of room temperature",Very Poor,Very Poor,No low energy lighting,Very Poor,Very Poor,oil (community),0,no corridor,,3.44,0.0,,natural,"Flat 82, 3, Whitehall Court",Westminster,Cities of London and Westminster,LONDON,England and Wales: before 1900,2012-02-20 20:08:39,owner-occupied,32,0,100023337024,Address Matched,100
472015099762012013115554914198392,Flat 1,"30, St. James's Place",,SW1A 1NR,9120994768,D,D,62,68,Flat,Mid-Terrace,2012-01-31,E09000033,E14000639,Greater London Authority,2012-01-31,marketed sale,59,66,244,202,4.0,47,3.3,88,48,646,565,96,85,85.28,Single,Y,Ground,Y,,2107,0,not defined,Normal,0,4,4,17,0,From main system,Good,Good,"Solid, no insulation (assumed)",N/A,N/A,Single glazed,Very Poor,Very Poor,"Solid brick, as built, no insulation (assumed)",Very Poor,Very Poor,None,N/A,N/A,(another dwelling above),N/A,N/A,"Boiler and radiators, mains gas",Good,Good,"Programmer, TRVs and bypass",Average,Average,Low energy lighting in 17% of fixed outlets,Poor,Poor,mains gas (not community),0,heated corridor,,2.8,0.0,,natural,"Flat 1, 30, St. James's Place",Westminster,Cities of London and Westminster,LONDON,England and Wales: 1900-1929,2012-01-31 15:55:49,owner-occupied,12,2,100022805133,Address Matched,100
728291841452011112919214697299090,Flat 49 Arlington House,Arlington Street,,SW1A 1RJ,0085173968,C,C,72,74,Flat,Mid-Terrace,2011-11-29,E09000033,E14000639,Greater London Authority,2011-11-29,rental (private),74,75,165,153,2.4,31,2.2,87,44,224,230,242,242,76.35,Unknown,Y,Ground,Y,,2506,100,secondary glazing,Normal,0,2,2,0,0,"From main system, no cylinderstat",Average,Average,(other premises below),N/A,N/A,Full secondary glazing,Good,Good,"System built, as built, no insulation (assumed)",Very Poor,Very Poor,None,N/A,N/A,(another dwelling above),N/A,N/A,"Warm air, mains gas",Good,Good,Time and temperature zone control,Very Good,Very Good,No low energy lighting,Very Poor,Very Poor,mains gas (not community),0,heated corridor,,2.4,0.0,,natural,"Flat 49 Arlington House, Arlington Street",Westminster,Cities of London and Westminster,LONDON,England and Wales: 1930-1949,2011-11-29 19:21:46,rental (private),8,0,100022722257,Address Matched,100
728482379402011112919193795392518,Flat 89 Arlington House,Arlington Street,,SW1A 1RJ,4475173968,C,C,73,74,Flat,Mid-Terrace,2011-11-29,E09000033,E14000639,Greater London Authority,2011-11-29,rental (private),74,75,164,152,2.4,31,2.3,88,44,225,230,242,242,77.1,Unknown,Y,Ground,Y,,2506,100,secondary glazing,Normal,0,2,2,0,0,"From main system, no cylinderstat",Average,Average,(other premises below),N/A,N/A,Full secondary glazing,Good,Good,"System built, as built, no insulation (assumed)",Very Poor,Very Poor,None,N/A,N/A,(another dwelling above),N/A,N/A,"Warm air, mains gas",Good,Good,Time and temperature zone control,Very Good,Very Good,No low energy lighting,Very Poor,Very Poor,mains gas (not community),0,heated corridor,,2.4,0.0,,natural,"Flat 89 Arlington House, Arlington Street",Westminster,Cities of London and Westminster,LONDON,England and Wales: 1930-1949,2011-11-29 19:19:37,rental (private),8,0,100022722285,Address Matched,100
728626921652011112919262497299797,Flat 30 Arlington House,Arlington Street,,SW1A 1RL,7785173968,C,C,76,78,Flat,Mid-Terrace,2011-11-29,E09000033,E14000639,Greater London Authority,2011-11-29,rental (private),76,78,125,115,3.0,24,2.8,128,64,298,307,251,251,127.8,Unknown,Y,Ground,Y,,2506,100,"double glazing, unknown install date",Normal,0,3,3,0,0,"From main system, no cylinderstat",Average,Average,(other premises below),N/A,N/A,Fully double glazed,Average,Average,"System built, as built, no insulation (assumed)",Very Poor,Very Poor,None,N/A,N/A,(another dwelling above),N/A,N/A,"Warm air, mains gas",Good,Good,Time and temperature zone control,Very Good,Very Good,No low energy lighting,Very Poor,Very Poor,mains gas (not community),0,heated corridor,,2.4,0.0,,natural,"Flat 30 Arlington House, Arlington Street",Westminster,Cities of London and Westminster,LONDON,England and Wales: 1930-1949,2011-11-29 19:26:24,rental (private),15,0,100022722238,Address Matched,100
728682571312011112919171397299990,Flat 51 Arlington House,Arlington Street,,SW1A 1RJ,9075173968,C,C,71,73,Flat,Enclosed End-Terrace,2011-11-29,E09000033,E14000639,Greater London Authority,2011-11-29,rental (private),73,75,184,172,2.1,35,2.0,70,35,195,199,235,235,60.42,Unknown,Y,Ground,Y,,2506,100,secondary glazing,Normal,0,2,2,0,0,"From main system, no cylinderstat",Average,Average,(other premises below),N/A,N/A,Full secondary glazing,Good,Good,"System built, as built, no insulation (assumed)",Very Poor,Very Poor,None,N/A,N/A,(another dwelling above),N/A,N/A,"Warm air, mains gas",Good,Good,Time and temperature zone control,Very Good,Very Good,No low energy lighting,Very Poor,Very Poor,mains gas (not community),0,heated corridor,,2.4,0.0,,natural,"Flat 51 Arlington House, Arlington Street",Westminster,Cities of London and Westminster,LONDON,England and Wales: 1930-1949,2011-11-29 19:17:13,rental (private),11,0,100022722259,Address Matched,100
728700719262011112919240043518599,Flat 22 Arlington House,Arlington Street,,SW1A 1RL,9485173968,C,C,72,74,Flat,Mid-Terrace,2011-11-29,E09000033,E14000639,Greater London Authority,2011-11-29,rental (private),73,75,167,156,2.4,32,2.3,87,44,228,234,242,242,75.98,Unknown,Y,Ground,Y,,2506,100,secondary glazing,Normal,0,2,2,0,0,"From main system, no cylinderstat",Average,Average,(other premises below),N/A,N/A,Full secondary glazing,Good,Good,"System built, as built, no insulation (assumed)",Very Poor,Very Poor,None,N/A,N/A,(another dwelling above),N/A,N/A,"Warm air, mains gas",Good,Good,Time and temperature zone control,Very Good,Very Good,No low energy lighting,Very Poor,Very Poor,mains gas (not community),0,heated corridor,,2.4,0.0,,natural,"Flat 22 Arlington House, Arlington Street",Westminster,Cities of London and Westminster,LONDON,England and Wales: 1930-1949,2011-11-29 19:24:00,rental (private),8,0,100022722232,Address Matched,100
725408789922011111902460883288189,Flat 46 Arlington House,Arlington Street,,SW1A 1RL,8881843968,C,C,74,76,Flat,Enclosed Mid-Terrace,2011-11-18,E09000033,E14000639,Greater London Authority,2011-11-19,rental (private),77,78,152,140,2.0,29,1.8,79,40,161,164,239,239,68.52,Unknown,Y,Ground,Y,,2506,100,double glazing installed during or after 2002,Normal,0,2,2,0,0,"From main system, no cylinderstat",Average,Average,(other premises below),N/A,N/A,Fully double glazed,Good,Good,"System built, as built, no insulation (assumed)",Very Poor,Very Poor,None,N/A,N/A,(another dwelling above),N/A,N/A,"Warm air, mains gas",Good,Good,Time and temperature zone control,Very Good,Very Good,No low energy lighting,Very Poor,Very Poor,mains gas (not community),0,heated corridor,,2.4,0.0,,natural,"Flat 46 Arlington House, Arlington Street",Westminster,Cities of London and Westminster,LONDON,England and Wales: 1930-1949,2011-11-19 02:46:08,rental (private),8,0,100022722254,Address Matched,100
628330369702011100313302488692478,Flat 56 Arlington House,Arlington Street,,SW1A 1RL,5720166868,C,C,69,71,Flat,End-Terrace,2011-09-23,E09000033,E14000639,Greater London Authority,2011-10-03,rental (private),65,67,163,156,6.9,31,6.6,175,87,932,946,254,254,220.8,Unknown,Y,Ground,Y,,2506,100,"double glazing, unknown install date",Normal,0,5,5,0,0,"From main system, no cylinderstat",Average,Average,(other premises below),N/A,N/A,Fully double glazed,Average,Average,"System built, as built, no insulation (assumed)",Very Poor,Very Poor,None,N/A,N/A,(another dwelling above),N/A,N/A,"Warm air, mains gas",Good,Good,Time and temperature zone control,Very Good,Very Good,No low energy lighting,Very Poor,Very Poor,mains gas (not community),0,heated corridor,,2.4,0.0,,natural,"Flat 56 Arlington House, Arlington Street",Westminster,Cities of London and Westminster,LONDON,England and Wales: 1930-1949,2011-10-03 13:30:24,rental (private),18,0,100022722264,Address Matched,100
684802801932011100313481261268104,Flat 21 Arlington House,Arlington Street,,SW1A 1RJ,0441160968,C,C,73,75,Flat,Mid-Terrace,2011-09-23,E09000033,E14000639,Greater London Authority,2011-10-03,rental (private),74,76,160,148,2.4,30,2.3,91,45,226,231,243,243,79.7,Unknown,Y,Ground,Y,,2506,100,secondary glazing,Normal,0,2,2,0,0,"From main system, no cylinderstat",Average,Average,(other premises below),N/A,N/A,Full secondary glazing,Good,Good,"System built, as built, no insulation (assumed)",Very Poor,Very Poor,None,N/A,N/A,(another dwelling above),N/A,N/A,"Warm air, mains gas",Good,Good,Time and temperature zone control,Very Good,Very Good,No low energy lighting,Very Poor,Very Poor,mains gas (not community),0,heated corridor,,2.4,0.0,,natural,"Flat 21 Arlington House, Arlington Street",Westminster,Cities of London and Westminster,LONDON,England and Wales: 1930-1949,2011-10-03 13:48:12,rental (private),8,0,100022722231,Address Matched,100
685011221932011100313421176268103,Flat 90 Arlington House,Arlington Street,,SW1A 1RL,2376160968,C,C,72,74,Flat,Mid-Terrace,2011-09-23,E09000033,E14000639,Greater London Authority,2011-10-03,rental (private),73,75,165,153,2.4,31,2.3,89,44,229,234,242,242,77.5,Unknown,Y,Ground,Y,,2506,100,secondary glazing,Normal,0,2,2,0,0,"From main system, no cylinderstat",Average,Average,(other premises below),N/A,N/A,Full secondary glazing,Good,Good,"System built, as built, no insulation (assumed)",Very Poor,Very Poor,None,N/A,N/A,(another dwelling above),N/A,N/A,"Warm air, mains gas",Good,Good,Time and temperature zone control,Very Good,Very Good,No low energy lighting,Very Poor,Very Poor,mains gas (not community),0,heated corridor,,2.4,0.0,,natural,"Flat 90 Arlington House, Arlington Street",Westminster,Cities of London and Westminster,LONDON,England and Wales: 1930-1949,2011-10-03 13:42:11,rental (private),8,0,100022722286,Address Matched,100
685068019262011100313231440178439,Flat 14 Arlington House,Arlington Street,,SW1A 1RL,3456160968,D,D,64,66,Flat,End-Terrace,2011-09-23,E09000033,E14000639,Greater London Authority,2011-10-03,rental (private),59,61,198,190,6.8,38,6.5,155,78,924,936,253,253,178.6,Unknown,Y,Ground,Y,,2506,100,"double glazing, unknown install date",Normal,0,2,2,0,0,"From main system, no cylinderstat",Average,Average,(other premises below),N/A,N/A,Fully double glazed,Average,Average,"System built, as built, no insulation (assumed)",Very Poor,Very Poor,None,N/A,N/A,(another dwelling above),N/A,N/A,"Warm air, mains gas",Good,Good,Time and temperature zone control,Very Good,Very Good,No low energy lighting,Very Poor,Very Poor,mains gas (not community),0,heated corridor,,2.4,0.0,,natural,"Flat 14 Arlington House, Arlington Street",Westminster,Cities of London and Westminster,LONDON,England and Wales: 1930-1949,2011-10-03 13:23:14,rental (private),26,0,100022722224,Address Matched,100
685164169202011100313200096092578,Flat 72 Arlington House,Arlington Street,,SW1A 1RL,5276160968,C,C,72,74,Flat,Enclosed Mid-Terrace,2011-09-23,E09000033,E14000639,Greater London Authority,2011-10-03,rental (private),75,77,196,183,1.6,38,1.5,52,26,135,136,226,226,43.9,Unknown,Y,Ground,Y,,2504,100,"double glazing, unknown install date",Normal,0,1,1,0,0,"From main system, no cylinderstat",Average,Average,(other premises below),N/A,N/A,Fully double glazed,Average,Average,"System built, as built, no insulation (assumed)",Very Poor,Very Poor,None,N/A,N/A,(another dwelling above),N/A,N/A,"Warm air, mains gas",Good,Good,Programmer and room thermostat,Average,Average,No low energy lighting,Very Poor,Very Poor,mains gas (not community),0,heated corridor,,2.4,0.0,,natural,"Flat 72 Arlington House, Arlington Street",Westminster,Cities of London and Westminster,LONDON,England and Wales: 1930-1949,2011-10-03 13:20:00,rental (private),4,0,100022722276,Address Matched,100
685194769842011100313334297092478,Flat 82 Arlington House,Arlington Street,,SW1A 1RL,5856160968,D,C,67,69,Flat,End-Terrace,2011-09-23,E09000033,E14000639,Greater London Authority,2011-10-03,rental (private),65,67,196,185,3.7,37,3.5,108,54,432,440,248,248,99.4,Unknown,Y,Ground,Y,,2506,100,secondary glazing,Normal,0,3,3,0,0,"From main system, no cylinderstat",Average,Average,(other premises below),N/A,N/A,Full secondary glazing,Good,Good,"System built, as built, no insulation (assumed)",Very Poor,Very Poor,None,N/A,N/A,(another dwelling above),N/A,N/A,"Warm air, mains gas",Good,Good,Time and temperature zone control,Very Good,Very Good,No low energy lighting,Very Poor,Very Poor,mains gas (not community),0,heated corridor,,2.4,0.0,,natural,"Flat 82 Arlington House, Arlington Street",Westminster,Cities of London and Westminster,LONDON,England and Wales: 1930-1949,2011-10-03 13:33:42,rental (private),14,0,100022722282,Address Matched,100
685227369402011100313271399092678,Flat 70 Arlington House,Arlington Street,,SW1A 1RL,6476160968,C,C,69,70,Flat,End-Terrace,2011-09-23,E09000033,E14000639,Greater London Authority,2011-10-03,rental (private),64,66,168,160,6.8,32,6.5,171,85,917,931,253,253,211.2,Unknown,Y,Ground,Y,,2506,100,"double glazing, unknown install date",Normal,0,5,5,0,0,"From main system, no cylinderstat",Average,Average,(other premises below),N/A,N/A,Fully double glazed,Average,Average,"System built, as built, no insulation (assumed)",Very Poor,Very Poor,None,N/A,N/A,(another dwelling above),N/A,N/A,"Warm air, mains gas",Good,Good,Time and temperature zone control,Very Good,Very Good,No low energy lighting,Very Poor,Very Poor,mains gas (not community),0,heated corridor,,2.4,0.0,,natural,"Flat 70 Arlington House, Arlington Street",Westminster,Cities of London and Westminster,LONDON,England and Wales: 1930-1949,2011-10-03 13:27:13,rental (private),21,0,100022722274,Address Matched,100
685347611952011100313454096290897,6a Arlington House,Arlington Street,,SW1A 1RL,8756160968,D,D,66,67,Flat,Enclosed End-Terrace,2011-09-23,E09000033,E14000639,Greater London Authority,2011-10-03,rental (private),69,70,307,294,1.7,59,1.6,37,19,163,165,219,219,29.1,Unknown,Y,Ground,Y,,2504,100,secondary glazing,Normal,0,1,1,0,0,"From main system, no cylinderstat",Average,Average,(other premises below),N/A,N/A,Full secondary glazing,Good,Good,"System built, as built, no insulation (assumed)",Very Poor,Very Poor,None,N/A,N/A,(another dwelling above),N/A,N/A,"Warm air, mains gas",Good,Good,Programmer and room thermostat,Average,Average,No low energy lighting,Very Poor,Very Poor,mains gas (not community),0,heated corridor,,2.4,0.0,,natural,"6a Arlington House, Arlington Street",Westminster,Cities of London and Westminster,LONDON,England and Wales: 1930-1949,2011-10-03 13:45:40,rental (private),4,0,10033572708,Address Matched,100
685380451652011100313374396290993,Flat 80 Arlington House,Arlington Street,,SW1A 1RL,9376160968,C,C,72,74,Flat,Mid-Terrace,2011-09-23,E09000033,E14000639,Greater London Authority,2011-10-03,rental (private),73,75,177,165,2.1,34,2.0,74,37,196,200,236,236,63.7,Unknown,Y,Ground,Y,,2506,100,secondary glazing,Normal,0,2,2,0,0,"From main system, no cylinderstat",Average,Average,(other premises below),N/A,N/A,Full secondary glazing,Good,Good,"System built, as built, no insulation (assumed)",Very Poor,Very Poor,None,N/A,N/A,(another dwelling above),N/A,N/A,"Warm air, mains gas",Good,Good,Time and temperature zone control,Very Good,Very Good,No low energy lighting,Very Poor,Very Poor,mains gas (not community),0,heated corridor,,2.4,0.0,,natural,"Flat 80 Arlington House, Arlington Street",Westminster,Cities of London and Westminster,LONDON,England and Wales: 1930-1949,2011-10-03 13:37:43,rental (private),11,0,100022722280,Address Matched,100
684289128152011100218051495290090,3d Arlington House,Arlington Street,,SW1A 1RJ,0033850968,D,D,66,67,Flat,Enclosed End-Terrace,2011-09-23,E09000033,E14000639,Greater London Authority,2011-10-02,rental (private),69,70,304,291,1.7,58,1.6,38,19,162,163,219,219,29.3,Unknown,Y,Ground,Y,,2504,100,secondary glazing,Normal,0,1,1,0,0,"From main system, no cylinderstat",Average,Average,(other premises below),N/A,N/A,Full secondary glazing,Good,Good,"System built, as built, no insulation (assumed)",Very Poor,Very Poor,None,N/A,N/A,(another dwelling above),N/A,N/A,"Warm air, mains gas",Good,Good,Programmer and room thermostat,Average,Average,No low energy lighting,Very Poor,Very Poor,mains gas (not community),0,heated corridor,,2.4,0.0,,natural,"3d Arlington House, Arlington Street",Westminster,Cities of London and Westminster,LONDON,England and Wales: 1930-1949,2011-10-02 18:05:14,rental (private),4,0,10033632700,Address Matched,100
684623998812011100218070795290892,3a Arlington House,Arlington Street,,SW1A 1RJ,8233850968,D,D,66,67,Flat,Enclosed End-Terrace,2011-09-23,E09000033,E14000639,Greater London Authority,2011-10-02,rental (private),69,70,305,292,1.7,59,1.6,38,19,162,163,219,219,29.2,Unknown,Y,Ground,Y,,2504,100,secondary glazing,Normal,0,1,1,0,0,"From main system, no cylinderstat",Average,Average,(other premises below),N/A,N/A,Full secondary glazing,Good,Good,"System built, as built, no insulation (assumed)",Very Poor,Very Poor,None,N/A,N/A,(another dwelling above),N/A,N/A,"Warm air, mains gas",Good,Good,Programmer and room thermostat,Average,Average,No low energy lighting,Very Poor,Very Poor,mains gas (not community),0,heated corridor,,2.4,0.0,,natural,"3a Arlington House, Arlington Street",Westminster,Cities of London and Westminster,LONDON,England and Wales: 1930-1949,2011-10-02 18:07:07,rental (private),4,0,10033572705,Address Matched,100
684809811932011100217401541268102,Flat 69 Arlington House,Arlington Street,,SW1A 1RJ,1231160968,C,C,69,70,Flat,End-Terrace,2011-09-23,E09000033,E14000639,Greater London Authority,2011-10-02,rental (private),64,66,168,161,6.8,32,6.5,170,85,915,930,253,253,210.5,Unknown,Y,Ground,Y,,2506,100,"double glazing, unknown install date",Normal,0,5,5,0,0,"From main system, no cylinderstat",Average,Average,(other premises below),N/A,N/A,Fully double glazed,Average,Average,"System built, as built, no insulation (assumed)",Very Poor,Very Poor,None,N/A,N/A,(another dwelling above),N/A,N/A,"Warm air, mains gas",Good,Good,Time and temperature zone control,Very Good,Very Good,No low energy lighting,Very Poor,Very Poor,mains gas (not community),0,heated corridor,,2.4,0.0,,natural,"Flat 69 Arlington House, Arlington Street",Westminster,Cities of London and Westminster,LONDON,England and Wales: 1930-1949,2011-10-02 17:40:15,rental (private),19,0,100022722272,Address Matched,100
684820121612011100217434196290294,Flat 79 Arlington House,Arlington Street,,SW1A 1RJ,2431160968,C,C,73,75,Flat,Enclosed End-Terrace,2011-09-23,E09000033,E14000639,Greater London Authority,2011-10-02,rental (private),74,76,165,154,2.2,32,2.1,81,40,198,202,239,239,69.8,Unknown,Y,Ground,Y,,2506,100,secondary glazing,Normal,0,2,2,0,0,"From main system, no cylinderstat",Average,Average,(other premises below),N/A,N/A,Full secondary glazing,Good,Good,"System built, as built, no insulation (assumed)",Very Poor,Very Poor,None,N/A,N/A,(another dwelling above),N/A,N/A,"Warm air, mains gas",Good,Good,Time and temperature zone control,Very Good,Very Good,No low energy lighting,Very Poor,Very Poor,mains gas (not community),0,heated corridor,,2.4,0.0,,natural,"Flat 79 Arlington House, Arlington Street",Westminster,Cities of London and Westminster,LONDON,England and Wales: 1930-1949,2011-10-02 17:43:41,rental (private),11,0,100022722279,Address Matched,100
684829241952011100216560996290394,Flat 55 Arlington House,Arlington Street,,SW1A 1RJ,3490160968,D,D,65,67,Flat,Mid-Terrace,2011-09-23,E09000033,E14000639,Greater London Authority,2011-10-02,rental (private),60,62,195,186,6.3,37,6.1,150,75,845,857,252,252,168.5,Unknown,Y,Ground,Y,,2506,100,"double glazing, unknown install date",Normal,0,5,5,0,0,"From main system, no cylinderstat",Average,Average,(other premises below),N/A,N/A,Fully double glazed,Average,Average,"System built, as built, no insulation (assumed)",Very Poor,Very Poor,None,N/A,N/A,(another dwelling above),N/A,N/A,"Warm air, mains gas",Good,Good,Time and temperature zone control,Very Good,Very Good,No low energy lighting,Very Poor,Very Poor,mains gas (not community),0,heated corridor,,2.4,0.0,,natural,"Flat 55 Arlington House, Arlington Street",Westminster,Cities of London and Westminster,LONDON,England and Wales: 1930-1949,2011-10-02 16:56:09,rental (private),17,0,100022722263,Address Matched,100
684830319222011100217464960978439,Flat 37 Arlington House,Arlington Street,,SW1A 1RJ,3631160968,C,C,71,73,Flat,Enclosed End-Terrace,2011-09-23,E09000033,E14000639,Greater London Authority,2011-10-02,rental (private),73,74,188,176,2.1,36,2.0,68,34,192,195,233,233,58.1,Unknown,Y,Ground,Y,,2506,100,secondary glazing,Normal,0,2,2,0,0,"From main system, no cylinderstat",Average,Average,(other premises below),N/A,N/A,Full secondary glazing,Good,Good,"System built, as built, no insulation (assumed)",Very Poor,Very Poor,None,N/A,N/A,(another dwelling above),N/A,N/A,"Warm air, mains gas",Good,Good,Time and temperature zone control,Very Good,Very Good,No low energy lighting,Very Poor,Very Poor,mains gas (not community),0,heated corridor,,2.4,0.0,,natural,"Flat 37 Arlington House, Arlington Street",Westminster,Cities of London and Westminster,LONDON,England and Wales: 1930-1949,2011-10-02 17:46:49,rental (private),11,0,100022722245,Address Matched,100
684842551932011100217531621268100,Flat 35 Arlington House,Arlington Street,,SW1A 1RJ,5041160968,C,C,73,75,Flat,Mid-Terrace,2011-09-23,E09000033,E14000639,Greater London Authority,2011-10-02,rental (private),74,75,161,150,2.4,31,2.3,90,45,225,231,243,243,78.7,Unknown,Y,Ground,Y,,2506,100,secondary glazing,Normal,0,2,2,0,0,"From main system, no cylinderstat",Average,Average,(other premises below),N/A,N/A,Full secondary glazing,Good,Good,"System built, as built, no insulation (assumed)",Very Poor,Very Poor,None,N/A,N/A,(another dwelling above),N/A,N/A,"Warm air, mains gas",Good,Good,Time and temperature zone control,Very Good,Very Good,No low energy lighting,Very Poor,Very Poor,mains gas (not community),0,heated corridor,,2.4,0.0,,natural,"Flat 35 Arlington House, Arlington Street",Westminster,Cities of London and Westminster,LONDON,England and Wales: 1930-1949,2011-10-02 17:53:16,rental (private),8,0,100022722243,Address Matched,100
684843651932011100218003691268101,Flat 97 Arlington House,Arlington Street,,SW1A 1RJ,5161160968,C,C,72,74,Flat,Mid-Terrace,2011-09-23,E09000033,E14000639,Greater London Authority,2011-10-02,rental (private),73,75,166,155,2.4,32,2.3,88,44,228,234,242,242,76.6,Unknown,Y,Ground,Y,,2506,100,secondary glazing,Normal,0,2,2,0,0,"From main system, no cylinderstat",Average,Average,(other premises below),N/A,N/A,Full secondary glazing,Good,Good,"System built, as built, no insulation (assumed)",Very Poor,Very Poor,None,N/A,N/A,(another dwelling above),N/A,N/A,"Warm air, mains gas",Good,Good,Time and temperature zone control,Very Good,Very Good,No low energy lighting,Very Poor,Very Poor,mains gas (not community),0,heated corridor,,2.4,0.0,,natural,"Flat 97 Arlington House, Arlington Street",Westminster,Cities of London and Westminster,LONDON,England and Wales: 1930-1949,2011-10-02 18:00:36,rental (private),8,0,100022722291,Address Matched,100
684871381932011100216473560268103,Flat 15 Arlington House,Arlington Street,,SW1A 1RJ,8380160968,C,C,76,78,Flat,Mid-Terrace,2011-09-23,E09000033,E14000639,Greater London Authority,2011-10-02,rental (private),76,78,125,116,3.0,24,2.8,127,63,297,306,251,251,126.8,Unknown,Y,Ground,Y,,2506,100,"double glazing, unknown install date",Normal,0,3,3,0,0,"From main system, no cylinderstat",Average,Average,(other premises below),N/A,N/A,Fully double glazed,Average,Average,"System built, as built, no insulation (assumed)",Very Poor,Very Poor,None,N/A,N/A,(another dwelling above),N/A,N/A,"Warm air, mains gas",Good,Good,Time and temperature zone control,Very Good,Very Good,No low energy lighting,Very Poor,Very Poor,mains gas (not community),0,heated corridor,,2.4,0.0,,natural,"Flat 15 Arlington House, Arlington Street",Westminster,Cities of London and Westminster,LONDON,England and Wales: 1930-1949,2011-10-02 16:47:35,rental (private),15,0,100022722225,Address Matched,100
684874669742011100218092399092478,Flat 1/A Arlington House,Arlington Street,,SW1A 1RJ,8761160968,D,D,67,68,Flat,Enclosed End-Terrace,2011-09-23,E09000033,E14000639,Greater London Authority,2011-10-02,rental (private),70,71,285,272,1.7,55,1.7,40,20,162,164,220,220,31.6,Unknown,Y,Ground,Y,,2504,100,secondary glazing,Normal,0,1,1,0,0,"From main system, no cylinderstat",Average,Average,(other premises below),N/A,N/A,Full secondary glazing,Good,Good,"System built, as built, no insulation (assumed)",Very Poor,Very Poor,None,N/A,N/A,(another dwelling above),N/A,N/A,"Warm air, mains gas",Good,Good,Programmer and room thermostat,Average,Average,No low energy lighting,Very Poor,Very Poor,mains gas (not community),0,heated corridor,,2.4,0.0,,natural,"Flat 1/A Arlington House, Arlington Street",Westminster,Cities of London and Westminster,LONDON,England and Wales: 1930-1949,2011-10-02 18:09:23,rental (private),4,0,100022722205,Address Matched,100
684879261352011100216504196290992,Flat 19 Arlington House,Arlington Street,,SW1A 1RJ,9290160968,C,C,72,74,Flat,Mid-Terrace,2011-09-23,E09000033,E14000639,Greater London Authority,2011-10-02,rental (private),73,74,164,153,2.7,31,2.5,97,48,264,271,245,245,85.9,Unknown,Y,Ground,Y,,2506,100,"double glazing, unknown install date",Normal,0,2,2,0,0,"From main system, no cylinderstat",Average,Average,(other premises below),N/A,N/A,Fully double glazed,Average,Average,"System built, as built, no insulation (assumed)",Very Poor,Very Poor,None,N/A,N/A,(another dwelling above),N/A,N/A,"Warm air, mains gas",Good,Good,Time and temperature zone control,Very Good,Very Good,No low energy lighting,Very Poor,Very Poor,mains gas (not community),0,heated corridor,,2.4,0.0,,natural,"Flat 19 Arlington House, Arlington Street",Westminster,Cities of London and Westminster,LONDON,England and Wales: 1930-1949,2011-10-02 16:50:41,rental (private),15,0,100022722229,Address Matched,100
381388766212011091609573296990269,Flat 10,88 St. James's Street,,SW1A 1PL,2971668668,F,E,21,42,Flat,Semi-Detached,2011-09-12,E09000033,E14000639,Greater London Authority,2011-09-16,marketed sale,31,36,505,446,8.3,90,7.4,101,109,1694,1035,185,185,92.35,Unknown,N,Ground,Y,,2602,62,secondary glazing,Normal,0,3,3,0,1,Community scheme,Good,Good,(other premises below),N/A,N/A,Partial secondary glazing,Poor,Poor,"Granite or whin, as built, no insulation (assumed)",Very Poor,Very Poor,"Room heaters, electric",N/A,N/A,(another dwelling above),N/A,N/A,"Room heaters, electric",Very Poor,Very Poor,Appliance thermostats,Good,Good,No low energy lighting,Very Poor,Very Poor,electricity (not community),0,heated corridor,,2.6,0.0,,natural,"Flat 10, 88 St. James's Street",Westminster,Cities of London and Westminster,LONDON,England and Wales: before 1900,2011-09-16 09:57:32,owner-occupied,7,0,10033554582,Address Matched,100
446857529242011091610473078399328,Flat 23,88 St. James's Street,,SW1A 1PL,4254423768,E,E,46,48,Flat,Semi-Detached,2011-09-12,E09000033,E14000639,Greater London Authority,2011-09-16,marketed sale,29,30,443,439,14.0,79,14.0,164,82,1603,1628,191,191,174.98,Unknown,Y,Ground,Y,,2401,90,secondary glazing,Normal,0,5,5,0,2,Community scheme,Good,Good,(other premises below),N/A,N/A,Mostly secondary glazing,Average,Average,"Granite or whin, as built, no insulation (assumed)",Very Poor,Very Poor,Portable electric heaters (assumed),N/A,N/A,(another dwelling above),N/A,N/A,Electric storage heaters,Average,Very Poor,Manual charge control,Poor,Poor,No low energy lighting,Very Poor,Very Poor,electricity (not community),0,heated corridor,,3.1,0.0,,natural,"Flat 23, 88 St. James's Street",Westminster,Cities of London and Westminster,LONDON,England and Wales: before 1900,2011-09-16 10:47:30,owner-occupied,16,0,10033554588,Address Matched,100
447017429642011091611262876399628,Flat 33,88 St. James's Street,,SW1A 1PL,6654423768,E,E,52,54,Flat,Semi-Detached,2011-09-12,E09000033,E14000639,Greater London Authority,2011-09-16,marketed sale,36,37,438,433,7.3,79,7.2,103,54,809,823,185,185,92.44,Unknown,Y,Ground,Y,,2401,42,secondary glazing,Normal,0,3,3,9,1,Community scheme,Good,Good,(other premises below),N/A,N/A,Partial secondary glazing,Poor,Poor,"Granite or whin, as built, no insulation (assumed)",Very Poor,Very Poor,Portable electric heaters (assumed),N/A,N/A,(another dwelling above),N/A,N/A,Electric storage heaters,Average,Very Poor,Manual charge control,Poor,Poor,Low energy lighting in 9% of fixed outlets,Very Poor,Very Poor,electricity (not community),0,heated corridor,,2.76,0.0,,natural,"Flat 33, 88 St. James's Street",Westminster,Cities of London and Westminster,LONDON,England and Wales: before 1900,2011-09-16 11:26:28,owner-occupied,11,1,10033554592,Address Matched,100
474806629962011091611310905828839,Flat 34,88 St. James's Street,,SW1A 1PL,3072225768,E,D,54,56,Flat,Semi-Detached,2011-09-12,E09000033,E14000639,Greater London Authority,2011-09-16,marketed sale,40,40,463,456,5.2,83,5.1,77,38,572,582,174,174,62.57,Unknown,Y,Ground,Y,,2401,0,secondary glazing,Normal,0,2,2,0,1,Community scheme,Good,Good,(other premises below),N/A,N/A,Single glazedsecondary glazing,Very Poor,Very Poor,"Granite or whin, as built, no insulation (assumed)",Very Poor,Very Poor,Portable electric heaters (assumed),N/A,N/A,(another dwelling above),N/A,N/A,Electric storage heaters,Average,Very Poor,Manual charge control,Poor,Poor,No low energy lighting,Very Poor,Very Poor,electricity (not community),0,heated corridor,,2.76,0.0,,natural,"Flat 34, 88 St. James's Street",Westminster,Cities of London and Westminster,LONDON,England and Wales: before 1900,2011-09-16 11:31:09,owner-occupied,6,0,10033558446,Address Matched,100
51775909962011091612053427228549,Flat 42,88 St. James's Street,,SW1A 1PL,4202037568,G,F,15,27,Flat,Semi-Detached,2011-09-12,E09000033,E14000639,Greater London Authority,2011-09-16,marketed sale,3,11,1097,918,13.0,196,11.0,82,41,1570,1235,176,176,67.24,Unknown,N,Ground,Y,,2401,0,not defined,Normal,0,2,2,0,0,Community scheme,Good,Good,(other premises below),N/A,N/A,Single glazed,Very Poor,Very Poor,"Granite or whin, as built, no insulation (assumed)",Very Poor,Very Poor,Portable electric heaters (assumed),N/A,N/A,"Pitched, no insulation(assumed)",Very Poor,Very Poor,Electric storage heaters,Average,Very Poor,Manual charge control,Poor,Poor,No low energy lighting,Very Poor,Very Poor,electricity (not community),0,heated corridor,,2.4,0.0,,natural,"Flat 42, 88 St. James's Street",Westminster,Cities of London and Westminster,LONDON,England and Wales: before 1900,2011-09-16 12:05:34,owner-occupied,10,0,10033526988,Address Matched,100
528778584952011091611142290990073,Flat 32,88 St. James's Street,,SW1A 1PL,0303409768,D,D,58,59,Flat,Semi-Detached,2011-09-12,E09000033,E14000639,Greater London Authority,2011-09-16,marketed sale,44,44,410,404,4.9,74,4.8,78,41,528,538,176,176,66.06,Unknown,Y,Ground,Y,,2401,80,secondary glazing,Normal,0,2,2,10,1,Community scheme,Good,Good,(other premises below),N/A,N/A,Mostly secondary glazing,Average,Average,"Granite or whin, as built, no insulation (assumed)",Very Poor,Very Poor,Portable electric heaters (assumed),N/A,N/A,(another dwelling above),N/A,N/A,Electric storage heaters,Average,Very Poor,Manual charge control,Poor,Poor,Low energy lighting in 10% of fixed outlets,Poor,Poor,electricity (not community),0,heated corridor,,2.57,0.0,,natural,"Flat 32, 88 St. James's Street",Westminster,Cities of London and Westminster,LONDON,England and Wales: before 1900,2011-09-16 11:14:22,owner-occupied,10,1,10033554591,Address Matched,100
676620909242011091610585297090138,Flat 31,88 St. James's Street,,SW1A 1PL,1286200968,D,D,57,59,Flat,Mid-Terrace,2011-09-07,E09000033,E14000639,Greater London Authority,2011-09-16,marketed sale,62,63,230,223,3.8,43,3.7,99,49,656,678,185,185,88.78,Unknown,Y,Ground,Y,,2602,75,secondary glazing,Normal,0,2,2,0,1,Community scheme,Good,Good,(other premises below),N/A,N/A,Partial secondary glazing,Average,Average,"Granite or whin, as built, no insulation (assumed)",Very Poor,Very Poor,"Room heaters, mains gas",N/A,N/A,(another dwelling above),N/A,N/A,"Room heaters, electric",Very Poor,Very Poor,Appliance thermostats,Good,Good,No low energy lighting,Very Poor,Very Poor,electricity (not community),0,heated corridor,,2.57,0.0,,natural,"Flat 31, 88 St. James's Street",Westminster,Cities of London and Westminster,LONDON,England and Wales: before 1900,2011-09-16 10:58:52,owner-occupied,6,0,10033554590,Address Matched,100
676639729062011091609382160338219,M3,88 St. James's Street,,SW1A 1PL,1696200968,F,E,25,43,Flat,Mid-Terrace,2011-09-07,E09000033,E14000639,Greater London Authority,2011-09-16,marketed sale,34,38,777,694,4.3,140,3.8,39,41,813,523,157,157,30.35,Unknown,N,Ground,Y,,2602,0,secondary glazing,Normal,0,1,1,0,0,Community scheme,Good,Good,(other premises below),N/A,N/A,Single glazedsecondary glazing,Very Poor,Very Poor,"Granite or whin, as built, no insulation (assumed)",Very Poor,Very Poor,"Room heaters, electric",N/A,N/A,(another dwelling above),N/A,N/A,"Room heaters, electric",Very Poor,Very Poor,Appliance thermostats,Good,Good,No low energy lighting,Very Poor,Very Poor,electricity (not community),0,heated corridor,,2.47,0.0,,natural,"M3, 88 St. James's Street",Westminster,Cities of London and Westminster,LONDON,England and Wales: before 1900,2011-09-16 09:38:21,owner-occupied,5,0,,,100
677069069962011091610394090228709,Flat 22,88 St. James's Street,,SW1A 1PL,0992600968,E,E,52,54,Flat,Semi-Detached,2011-09-12,E09000033,E14000639,Greater London Authority,2011-09-16,marketed sale,38,38,471,465,5.8,85,5.7,84,42,635,647,177,177,68.05,Unknown,Y,Ground,Y,,2401,100,secondary glazing,Normal,0,2,2,0,1,Community scheme,Good,Good,(other premises below),N/A,N/A,Full secondary glazing,Good,Good,"Granite or whin, as built, no insulation (assumed)",Very Poor,Very Poor,Portable electric heaters (assumed),N/A,N/A,(another dwelling above),N/A,N/A,Electric storage heaters,Average,Very Poor,Manual charge control,Poor,Poor,No low energy lighting,Very Poor,Very Poor,electricity (not community),0,heated corridor,,3.1,0.0,,natural,"Flat 22, 88 St. James's Street",Westminster,Cities of London and Westminster,LONDON,England and Wales: before 1900,2011-09-16 10:39:40,owner-occupied,11,0,10033556542,Address Matched,100
677074709142011091611431694099428,Flat 41,88 St. James's Street,,SW1A 1PL,1103600968,G,G,1,18,Flat,Mid-Terrace,2011-09-12,E09000033,E14000639,Greater London Authority,2011-09-16,marketed sale,8,3,815,929,16.0,149,18.0,111,60,3310,2066,188,188,107.3,Unknown,N,Ground,Y,,2602,0,not defined,Normal,0,4,4,0,0,Community scheme,Good,Good,(other premises below),N/A,N/A,Single glazed,Very Poor,Very Poor,"Granite or whin, as built, no insulation (assumed)",Very Poor,Very Poor,"Room heaters, mains gas",N/A,N/A,"Pitched, no insulation(assumed)",Very Poor,Very Poor,"Room heaters, electric",Very Poor,Very Poor,Appliance thermostats,Good,Good,No low energy lighting,Very Poor,Very Poor,electricity (not community),0,heated corridor,,2.66,0.0,,natural,"Flat 41, 88 St. James's Street",Westminster,Cities of London and Westminster,LONDON,England and Wales: before 1900,2011-09-16 11:43:16,owner-occupied,8,0,,,100
677395546952011091610155890990795,Flat 11,88 St. James Street,,SW1A 1PL,7512600968,F,F,37,38,Flat,Semi-Detached,2011-09-12,E09000033,E14000639,Greater London Authority,2011-09-16,marketed sale,25,25,591,586,8.9,108,8.8,100,50,1070,1084,183,183,82.69,Unknown,Y,Ground,Y,,2401,80,secondary glazing,Normal,0,3,3,0,2,Community scheme,Good,Good,(other premises below),N/A,N/A,Mostly secondary glazing,Average,Average,"Granite or whin, as built, no insulation (assumed)",Very Poor,Very Poor,"Room heaters, mains gas",N/A,N/A,(another dwelling above),N/A,N/A,Electric storage heaters,Average,Very Poor,Manual charge control,Poor,Poor,No low energy lighting,Very Poor,Very Poor,electricity (not community),0,heated corridor,,4.06,0.0,,natural,"Flat 11, 88 St. James Street",Westminster,Cities of London and Westminster,LONDON,England and Wales: before 1900,2011-09-16 10:15:58,owner-occupied,14,0,10033554583,Address Matched,100
677419766952011091610231990990799,Flat 6,88 St. James's Street,,SW1A 1PL,7992600968,D,D,56,58,Flat,Mid-Terrace,2011-09-12,E09000033,E14000639,Greater London Authority,2011-09-16,marketed sale,40,40,367,362,8.5,66,8.3,135,67,940,960,190,190,128.63,Unknown,Y,Ground,Y,,2401,24,secondary glazing,Normal,0,4,4,0,1,Community scheme,Good,Good,(other premises below),N/A,N/A,Some secondary glazing,Poor,Poor,"Granite or whin, as built, no insulation (assumed)",Very Poor,Very Poor,Portable electric heaters (assumed),N/A,N/A,(another dwelling above),N/A,N/A,Electric storage heaters,Average,Very Poor,Manual charge control,Poor,Poor,No low energy lighting,Very Poor,Very Poor,electricity (not community),0,heated corridor,,3.1,0.0,,natural,"Flat 6, 88 St. James's Street",Westminster,Cities of London and Westminster,LONDON,England and Wales: before 1900,2011-09-16 10:23:19,owner-occupied,11,0,10033554581,Address Matched,100
677504869062011091609455160238999,M4,88 St. James's Street,,SW1A 1PL,9692600968,F,E,35,54,Flat,Mid-Terrace,2011-09-07,E09000033,E14000639,Greater London Authority,2011-09-16,marketed sale,41,38,597,642,3.7,108,4.0,42,23,675,428,159,159,34.37,Unknown,N,Ground,Y,,2602,0,secondary glazing,Normal,0,1,1,0,0,Community scheme,Good,Good,(other premises below),N/A,N/A,Single glazedsecondary glazing,Very Poor,Very Poor,"Granite or whin, as built, no insulation (assumed)",Very Poor,Very Poor,Portable electric heaters (assumed),N/A,N/A,(another dwelling above),N/A,N/A,"Room heaters, electric",Very Poor,Very Poor,Appliance thermostats,Good,Good,No low energy lighting,Very Poor,Very Poor,electricity (not community),0,heated corridor,,2.6,0.0,,natural,"M4, 88 St. James's Street",Westminster,Cities of London and Westminster,LONDON,England and Wales: before 1900,2011-09-16 09:45:51,owner-occupied,7,0,,,100
671139919222011082511483339748989,"1, Catherine Wheel Yard",,,SW1A 1DR,8362169868,E,D,48,59,Maisonette,End-Terrace,2011-08-24,E09000033,E14000639,Greater London Authority,2011-08-25,marketed sale,43,53,333,258,6.8,64,5.3,101,50,1007,833,165,124,99.31,Unknown,Y,1st,N,,2106,0,not defined,Normal,0,4,4,0,0,From main system,Average,Average,"To unheated space, no insulation (assumed)",N/A,N/A,Single glazed,Very Poor,Very Poor,"Solid brick, as built, no insulation (assumed)",Very Poor,Very Poor,None,N/A,N/A,"Pitched, 150 mm loft insulation",Good,Good,"Boiler and radiators, mains gas",Good,Good,"Programmer, room thermostat and TRVs",Good,Good,No low energy lighting,Very Poor,Very Poor,mains gas (not community),0,no corridor,,2.44,0.0,,natural,"1, Catherine Wheel Yard",Westminster,Cities of London and Westminster,LONDON,England and Wales: 1950-1966,2011-08-25 11:48:33,owner-occupied,30,0,100023336903,Address Matched,100
668055373712011082111372894990080,Flat 2a,Arlington House,Arlington Street,SW1A 1RL,0011349868,D,D,58,59,Flat,NO DATA!,2011-08-18,E09000033,E14000639,Greater London Authority,2011-08-21,marketed sale,70,71,319,309,1.6,58,1.6,36,18,393,400,69,69,27.72,Single,Y,2nd,N,,2699,100,double glazing installed during or after 2002,Normal,0,2,0,0,0,Community scheme,Good,Good,(other premises below),N/A,N/A,Fully double glazed,Good,Good,"Sandstone, as built, no insulation (assumed)",Very Poor,Very Poor,None,N/A,N/A,(another dwelling above),N/A,N/A,No system present: electric heaters assumed,Very Poor,Very Poor,None,Very Poor,Very Poor,No low energy lighting,Very Poor,Very Poor,To be used only when there is no heating/hot-water system,0,heated corridor,,2.67,0.0,,natural,"Flat 2a, Arlington House, Arlington Street",Westminster,Cities of London and Westminster,LONDON,England and Wales: 1930-1949,2011-08-21 11:37:28,owner-occupied,4,0,,,100
668154729962011082111363439488229,Flat 13 Arlington House,Arlington Street,,SW1A 1RJ,2347249868,F,F,28,28,Flat,NO DATA!,2011-08-18,E09000033,E14000639,Greater London Authority,2011-08-21,marketed sale,38,38,346,341,14.0,62,14.0,176,88,3111,3156,98,98,222.41,Single,Y,2nd,N,,2699,100,double glazing installed during or after 2002,Normal,0,6,0,0,0,Community scheme,Good,Good,(other premises below),N/A,N/A,Fully double glazed,Good,Good,"Sandstone, as built, no insulation (assumed)",Very Poor,Very Poor,None,N/A,N/A,(another dwelling above),N/A,N/A,No system present: electric heaters assumed,Very Poor,Very Poor,None,Very Poor,Very Poor,No low energy lighting,Very Poor,Very Poor,To be used only when there is no heating/hot-water system,0,unheated corridor,8.3,2.67,0.0,,natural,"Flat 13 Arlington House, Arlington Street",Westminster,Cities of London and Westminster,LONDON,England and Wales: 1930-1949,2011-08-21 11:36:34,owner-occupied,15,0,100022722223,Address Matched,100
649324999062011070116321198598539,16a Arlington Street,,,SW1A 1RD,3974908868,D,D,65,67,Flat,Mid-Terrace,2011-07-01,E09000033,E14000639,Greater London Authority,2011-07-01,marketed sale,64,66,223,214,3.2,43,3.1,74,41,511,516,84,84,74.49,Single,Y,2nd,N,,2106,0,not defined,Normal,0,3,3,17,0,From main system,Good,Good,(other premises below),N/A,N/A,Single glazed,Very Poor,Very Poor,"Solid brick, as built, no insulation (assumed)",Very Poor,Very Poor,None,N/A,N/A,(another dwelling above),N/A,N/A,"Boiler and radiators, mains gas",Good,Good,"Programmer, room thermostat and TRVs",Good,Good,Low energy lighting in 17% of fixed outlets,Poor,Poor,mains gas (not community),0,unheated corridor,13.07,2.91,0.0,,natural,16a Arlington Street,Westminster,Cities of London and Westminster,LONDON,England and Wales: before 1900,2011-07-01 16:32:11,owner-occupied,18,3,100022722199,Address Matched,100
642558570452011062109544396990880,Flat 149,"4, Whitehall Court",,SW1A 2EP,8090067868,F,F,30,32,Flat,NO DATA!,2011-06-15,E09000033,E14000639,Greater London Authority,2011-06-21,marketed sale,26,26,478,469,12.0,92,12.0,122,61,1829,1839,113,113,130.6,Single,Y,9th,Y,,2301,0,single glazing,Normal,0,5,5,0,0,Community scheme,Good,Good,(other premises below),N/A,N/A,Single glazed,Very Poor,Very Poor,"Solid brick, as built, no insulation (assumed)",Very Poor,Very Poor,None,N/A,N/A,"Flat, no insulation (assumed)",Very Poor,Very Poor,Community scheme,Good,Good,"Flat rate charging, no thermostatic control of room temperature",Very Poor,Very Poor,No low energy lighting,Very Poor,Very Poor,mains gas (community),0,unheated corridor,6.2,2.9,0.0,,natural,"Flat 149, 4, Whitehall Court",Westminster,Cities of London and Westminster,LONDON,England and Wales: before 1900,2011-06-21 09:54:43,owner-occupied,2,0,100023337078,Address Matched,100
638853794152011060718295693090583,Flat 4,"26, St. James's Place",,SW1A 1NH,5327437868,D,C,68,70,Flat,NO DATA!,2011-06-03,E09000033,E14000639,Greater London Authority,2011-06-07,marketed sale,61,62,175,169,9.8,34,9.4,215,107,1398,1421,117,117,289.45,Unknown,Y,6th,N,,2307,100,"double glazing, unknown install date",Normal,0,7,7,0,0,Community scheme,Good,Good,(other premises below),N/A,N/A,Fully double glazed,Average,Average,"System built, as built, no insulation (assumed)",Very Poor,Very Poor,None,N/A,N/A,(another dwelling above),N/A,N/A,Community scheme,Good,Good,"Flat rate charging, TRVs",Average,Average,No low energy lighting,Very Poor,Very Poor,mains gas (community),0,heated corridor,,2.7,0.0,,natural,"Flat 4, 26, St. James's Place",Westminster,Cities of London and Westminster,LONDON,England and Wales: 1950-1966,2011-06-07 18:29:56,owner-occupied,31,0,100022805129,Address Matched,100
635967319702011053117193286797198,Flat 70a,Whitehall Court,,SW1A 2EL,5781617868,C,C,69,70,Flat,Mid-Terrace,2011-05-31,E09000033,E14000639,Greater London Authority,2011-05-31,none of the above,68,69,205,199,2.7,40,2.7,61,38,407,412,101,101,68.62,Unknown,N,2nd,N,,2301,0,not defined,Normal,0,3,3,38,0,Community scheme,Good,Good,(other premises below),N/A,N/A,Single glazed,Very Poor,Very Poor,"Solid brick, as built, no insulation (assumed)",Very Poor,Very Poor,"Room heaters, oil",N/A,N/A,(another dwelling above),N/A,N/A,Community scheme,Good,Good,"Flat rate charging, no thermostatic control of room temperature",Very Poor,Very Poor,Low energy lighting in 38% of fixed outlets,Average,Average,mains gas (community),0,no corridor,,3.24,0.0,,natural,"Flat 70a, Whitehall Court",Westminster,Cities of London and Westminster,LONDON,England and Wales: before 1900,2011-05-31 17:19:32,unknown,13,5,10033557772,Address Matched,100
628330361052011051212485096990587,Flat 56 Arlington House,Arlington Street,,SW1A 1RL,5720166868,D,D,61,62,Flat,NO DATA!,2011-05-10,E09000033,E14000639,Greater London Authority,2011-05-12,rental (private),68,69,161,157,6.3,29,6.1,180,90,1403,1453,95,95,218.95,Unknown,Y,5th,N,,2705,100,double glazing installed during or after 2002,Normal,0,6,6,0,0,Community scheme,Good,Good,(other premises below),N/A,N/A,Fully double glazed,Good,Good,"Solid brick, with internal insulation",Good,Good,None,N/A,N/A,(another dwelling above),N/A,N/A,Electric underfloor heating,Very Poor,Very Poor,Temperature zone control,Good,Good,No low energy lighting,Very Poor,Very Poor,electricity (not community),0,heated corridor,,2.6,0.0,,natural,"Flat 56 Arlington House, Arlington Street",Westminster,Cities of London and Westminster,LONDON,England and Wales: 1930-1949,2011-05-12 12:48:50,rental (private),25,0,100022722264,Address Matched,100
628444075932011051212441319968005,Flat 33 Arlington House,Arlington Street,,SW1A 1RJ,7579066868,D,D,65,66,Flat,NO DATA!,2011-05-10,E09000033,E14000639,Greater London Authority,2011-05-12,rental (private),74,75,166,159,2.4,30,2.3,94,47,534,556,86,86,79.52,Unknown,Y,3rd,N,,2705,100,double glazing installed during or after 2002,Normal,0,2,2,0,0,Community scheme,Good,Good,(other premises below),N/A,N/A,Fully double glazed,Good,Good,"Solid brick, with internal insulation",Good,Good,None,N/A,N/A,(another dwelling above),N/A,N/A,Electric underfloor heating,Very Poor,Very Poor,Temperature zone control,Good,Good,No low energy lighting,Very Poor,Very Poor,electricity (not community),0,heated corridor,,2.7,0.0,,natural,"Flat 33 Arlington House, Arlington Street",Westminster,Cities of London and Westminster,LONDON,England and Wales: 1930-1949,2011-05-12 12:44:13,rental (private),17,0,100022722241,Address Matched,100
627532159742011051109445880699198,Flat 10,"25, Whitehall",,SW1A 2BS,2704556868,D,C,67,70,Flat,Mid-Terrace,2011-05-11,E09000033,E14000639,Greater London Authority,2011-05-11,marketed sale,66,69,204,185,3.4,39,3.1,61,46,540,511,98,86,86.34,Unknown,Y,2nd,N,,2106,0,not defined,Normal,0,3,3,67,0,From main system,Good,Good,(other premises below),N/A,N/A,Single glazed,Very Poor,Very Poor,"Solid brick, as built, no insulation (assumed)",Very Poor,Very Poor,None,N/A,N/A,(another dwelling above),N/A,N/A,"Boiler and radiators, mains gas",Good,Good,"Programmer, room thermostat and TRVs",Good,Good,Low energy lighting in 67% of fixed outlets,Good,Good,mains gas (not community),0,unheated corridor,4.92,3.07,0.0,,natural,"Flat 10, 25, Whitehall",Westminster,Cities of London and Westminster,LONDON,England and Wales: 1900-1929,2011-05-11 09:44:58,owner-occupied,15,10,200002377363,Address Matched,100
625661439062011050907112536818859,"45, St. James's Place",,,SW1A 1NS,5339346868,E,E,43,46,House,Mid-Terrace,2011-05-09,E09000033,E14000639,Greater London Authority,2011-05-09,rental (private),37,39,313,295,18.0,61,17.0,180,90,2838,2740,126,118,273.66,Single,Y,NODATA!,,,2107,5,double glazing installed before 2002,Normal,1,8,8,0,1,From main system,Good,Good,"Solid, no insulation (assumed)",N/A,N/A,Some double glazing,Very Poor,Very Poor,"Solid brick, as built, no insulation (assumed)",Very Poor,Very Poor,"Room heaters, mains gas",N/A,N/A,"Pitched, 200 mm loft insulation",Good,Good,"Boiler and radiators, mains gas",Good,Good,"Programmer, TRVs and bypass",Average,Average,No low energy lighting,Very Poor,Very Poor,mains gas (not community),0,NO DATA!,,2.55,0.0,,natural,"45, St. James's Place",Westminster,Cities of London and Westminster,LONDON,England and Wales: before 1900,2011-05-09 07:11:25,rental (private),40,0,100022805141,Address Matched,100
619270369922011042108415145058729,Flat 41 Arlington House,Arlington Street,,SW1A 1RJ,2486695868,C,C,69,71,Flat,End-Terrace,2011-04-15,E09000033,E14000639,Greater London Authority,2011-04-21,marketed sale,46,46,284,280,11.0,51,11.0,171,90,1011,1027,119,119,216.43,dual,N,4th,N,,2506,100,double glazing installed during or after 2002,Normal,0,6,6,10,0,Community scheme,Good,Good,(other premises below),N/A,N/A,Fully double glazed,Good,Good,"System built, as built, no insulation (assumed)",Very Poor,Very Poor,None,N/A,N/A,(another dwelling above),N/A,N/A,"Warm air, Electricaire",Average,Very Poor,Time and temperature zone control,Very Good,Very Good,Low energy lighting in 11% of fixed outlets,Poor,Poor,electricity (not community),0,heated corridor,,2.47,0.0,,natural,"Flat 41 Arlington House, Arlington Street",Westminster,Cities of London and Westminster,LONDON,England and Wales: 1967-1975,2011-04-21 08:41:51,owner-occupied,57,6,100022722249,Address Matched,100
271495209442011042016440465192308,Flat 118,"4, Whitehall Court",,SW1A 2EP,5435201668,D,D,61,63,Flat,Detached,2011-04-20,E09000033,E14000639,Greater London Authority,2011-04-20,marketed sale,44,45,221,213,9.4,55,9.2,145,73,1028,1044,205,205,170.0,Single,N,Ground,Y,,2301,80,secondary glazing,Normal,0,5,5,0,1,Community scheme,Good,Average,(other premises below),N/A,N/A,Mostly secondary glazing,Average,Average,"Sandstone, as built, no insulation (assumed)",Very Poor,Very Poor,None,N/A,N/A,(another dwelling above),N/A,N/A,Community scheme,Good,Average,"Flat rate charging, no thermostatic control of room temperature",Very Poor,Very Poor,No low energy lighting,Very Poor,Very Poor,oil (not community),0,no corridor,,3.2,0.0,,natural,"Flat 118, 4, Whitehall Court",Westminster,Cities of London and Westminster,LONDON,England and Wales: before 1900,2011-04-20 16:44:04,owner-occupied,23,0,100023337042,Address Matched,100
618619993452011041618034599990685,Flat 6,"21-22, St. James's Place",,SW1A 1NH,6581395868,E,E,44,47,Maisonette,End-Terrace,2011-04-15,E09000033,E14000639,Greater London Authority,2011-04-16,rental (private),64,66,198,187,12.0,30,11.0,537,275,2446,2515,426,426,398.62,Single,Y,7th,Y,9.0,2207,100,double glazing installed during or after 2002,Normal,0,9,9,5,0,From main system,Poor,Good,(other premises below),N/A,N/A,Fully double glazed,Good,Good,"Solid brick, as built, no insulation (assumed)",Very Poor,Very Poor,None,N/A,N/A,"Flat, limited insulation",Poor,Poor,"Air source heat pump, warm air, electric",Average,Very Good,Time and temperature zone control,Very Good,Very Good,Low energy lighting in 5% of fixed outlets,Very Poor,Very Poor,electricity - this is for backwards compatibility only and should not be used,0,unheated corridor,0.95,2.73,0.0,N,natural,"Flat 6, 21-22, St. James's Place",Westminster,Cities of London and Westminster,LONDON,England and Wales: 1950-1966,2011-04-16 18:03:45,rental (private),,,100023336841,Address Matched,100
611073539802011033014371184592218,Flat 70b,3 Whitehall Court,,SW1A 2EL,1827035868,C,C,78,79,Flat,Detached,2011-03-29,E09000033,E14000639,Greater London Authority,2011-03-30,marketed sale,65,65,278,269,2.1,60,2.1,38,19,236,240,116,116,34.95,Unknown,N,3rd,N,9.0,2301,100,secondary glazing,Normal,0,2,2,0,0,From main system,N/A,N/A,(other premises below),N/A,N/A,Full secondary glazing,Good,Good,"System built, as built, no insulation (assumed)",Very Poor,Very Poor,None,N/A,N/A,(another dwelling above),N/A,N/A,Community scheme,N/A,N/A,"Flat rate charging, no stat control of room temperature",Very Poor,Very Poor,No low energy lighting,Very Poor,Very Poor,oil - this is for backwards compatibility only and should not be used,0,heated corridor,,3.25,0.0,N,natural,"Flat 70b, 3 Whitehall Court",Westminster,Cities of London and Westminster,LONDON,England and Wales: before 1900,2011-03-30 14:37:11,owner-occupied,,,10033561264,Address Matched,100
607484509702011032309053189592598,2d Arlington House,Arlington Street,,SW1A 1RL,0738105868,B,B,87,88,Flat,Detached,2011-03-21,E09000033,E14000639,Greater London Authority,2011-03-23,rental (private),88,89,142,131,0.7,23,0.6,31,15,157,158,67,67,28.33,Single,Y,1st,N,8.0,2506,100,double glazing installed during or after 2002,Normal,0,1,1,0,0,Gas multipoint,Poor,Poor,(other premises below),N/A,N/A,Fully double glazed,Good,Good,"Solid brick, with internal insulation",Good,Good,None,N/A,N/A,(another dwelling above),N/A,N/A,"Air source heat pump, warm air, electric",Average,Very Good,Time and temperature zone control,Very Good,Very Good,No low energy lighting,Very Poor,Very Poor,electricity - this is for backwards compatibility only and should not be used,0,heated corridor,,2.4,0.0,N,natural,"2d Arlington House, Arlington Street",Westminster,Cities of London and Westminster,LONDON,England and Wales: 1930-1949,2011-03-23 09:05:31,rental (private),,,,,100
607722319262011032308592385198749,3d Arlington House,Arlington Street,,SW1A 1RL,4838105868,B,B,87,88,Flat,Detached,2011-03-21,E09000033,E14000639,Greater London Authority,2011-03-23,rental (private),88,89,142,131,0.7,23,0.6,31,15,157,158,67,67,28.33,Single,Y,2nd,N,8.0,2506,100,double glazing installed during or after 2002,Normal,0,1,1,0,0,Gas multipoint,Poor,Poor,(other premises below),N/A,N/A,Fully double glazed,Good,Good,"Solid brick, with internal insulation",Good,Good,None,N/A,N/A,(another dwelling above),N/A,N/A,"Air source heat pump, warm air, electric",Average,Very Good,Time and temperature zone control,Very Good,Very Good,No low energy lighting,Very Poor,Very Poor,electricity - this is for backwards compatibility only and should not be used,0,heated corridor,,2.4,0.0,N,natural,"3d Arlington House, Arlington Street",Westminster,Cities of London and Westminster,LONDON,England and Wales: 1930-1949,2011-03-23 08:59:23,rental (private),,,10033632700,Address Matched,100
607458319222011032213084025498709,Flat 78 Arlington House,Arlington Street,,SW1A 1RL,0225105868,D,D,61,63,Flat,Detached,2011-03-21,E09000033,E14000639,Greater London Authority,2011-03-22,rental (private),72,73,210,203,2.5,32,2.5,88,44,571,593,109,109,78.48,Single,Y,6th,N,8.0,2705,50,double glazing installed during or after 2002,Normal,0,2,2,0,0,Gas multipoint,Average,Good,(other premises below),N/A,N/A,Partial double glazing,Poor,Poor,"Solid brick, with internal insulation",Good,Good,None,N/A,N/A,(another dwelling above),N/A,N/A,Electric underfloor heating,Very Poor,Poor,Temperature zone control,Average,Average,No low energy lighting,Very Poor,Very Poor,electricity - this is for backwards compatibility only and should not be used,0,heated corridor,,2.6,0.0,N,natural,"Flat 78 Arlington House, Arlington Street",Westminster,Cities of London and Westminster,LONDON,England and Wales: 1930-1949,2011-03-22 13:08:40,rental (private),,,100022722278,Address Matched,100
607605427932011032210111530268108,Flat 36 Arlington House,Arlington Street,,SW1A 1RL,2800105868,D,D,62,63,Flat,Detached,2011-03-21,E09000033,E14000639,Greater London Authority,2011-03-22,rental (private),73,74,206,199,2.5,32,2.4,88,44,558,579,109,109,78.48,Single,Y,2nd,N,8.0,2705,50,double glazing installed during or after 2002,Normal,0,2,2,0,0,Gas multipoint,Average,Good,(other premises below),N/A,N/A,Partial double glazing,Poor,Poor,"Solid brick, with internal insulation",Good,Good,None,N/A,N/A,(another dwelling above),N/A,N/A,Electric underfloor heating,Very Poor,Poor,Temperature zone control,Average,Average,No low energy lighting,Very Poor,Very Poor,electricity - this is for backwards compatibility only and should not be used,0,heated corridor,,2.6,0.0,N,natural,"Flat 36 Arlington House, Arlington Street",Westminster,Cities of London and Westminster,LONDON,England and Wales: 1930-1949,2011-03-22 10:11:15,rental (private),,,100022722244,Address Matched,100
514921669922011031420321088048609,Flat 5,"39, Whitehall",,SW1A 2BX,0874608768,F,F,21,32,Flat,Mid-Terrace,2011-03-14,E09000033,E14000639,Greater London Authority,2011-03-14,marketed sale,17,24,1303,1118,6.6,196,5.6,41,21,863,684,105,105,33.37,dual,N,2nd,Y,3.0,2401,100,secondary glazing,Normal,0,1,1,0,0,"Electric immersion, off-peak",Average,Poor,"To external air, uninsulated (assumed)",N/A,N/A,Full secondary glazing,Good,Good,"Solid brick, as built, no insulation (assumed)",Very Poor,Very Poor,Portable electric heaters,N/A,N/A,"Pitched, no insulation (assumed)",Very Poor,Very Poor,Electric storage heaters,Poor,Very Poor,Manual charge control,Poor,Poor,No low energy lighting,Very Poor,Very Poor,electricity - this is for backwards compatibility only and should not be used,0,unheated corridor,5.26,2.43,0.0,N,natural,"Flat 5, 39, Whitehall",Westminster,Cities of London and Westminster,LONDON,England and Wales: before 1900,2011-03-14 20:32:10,owner-occupied,,,10033596106,Address Matched,100
468975077932011030309401451068908,"10, Cleveland Row",,,SW1A 1DH,7851974768,G,G,15,16,House,Mid-Terrace,2011-03-02,E09000033,E14000639,Greater London Authority,2011-03-03,marketed sale,34,34,455,450,14.0,69,14.0,218,112,2839,2898,290,290,164.4,Unknown,Y,NO DATA!,,,2110,10,double glazing installed during or after 2002,Normal,0,8,8,5,1,From main system,Poor,Poor,"Suspended, no insulation (assumed)",N/A,N/A,Some double glazing,Very Poor,Very Poor,"Solid brick, as built, no insulation (assumed)",Very Poor,Very Poor,None,N/A,N/A,"Pitched, 200 mm loft insulation",Good,Good,"Boiler and radiators, electric",Very Poor,Poor,Time and temperature zone control,Very Good,Very Good,Low energy lighting in 5% of fixed outlets,Very Poor,Very Poor,electricity - this is for backwards compatibility only and should not be used,0,NO DATA!,,2.35,0.0,N,natural,"10, Cleveland Row",Westminster,Cities of London and Westminster,LONDON,England and Wales: before 1900,2011-03-03 09:40:14,owner-occupied,,,100022736765,Address Matched,100
560147229102011030218590282190128,Flat 1,1-3 Arlington Street,,SW1A 1RA,4162721868,C,C,69,72,Flat,Enclosed End-Terrace,2011-03-02,E09000033,E14000639,Greater London Authority,2011-03-02,marketed sale,66,67,175,166,10.0,28,9.5,440,220,1213,1269,283,283,341.78,Single,Y,2nd,N,6.0,2301,100,triple glazing,Normal,0,6,6,0,0,From main system,Good,Very Good,(other premises below),N/A,N/A,Fully triple glazed,Good,Good,"Solid brick, as built, no insulation (assumed)",Very Poor,Very Poor,None,N/A,N/A,(another dwelling above),N/A,N/A,"Community scheme, radiators, mains gas",Good,Good,"Flat rate charging, no thermostatic control",Very Poor,Very Poor,No low energy lighting,Very Poor,Very Poor,mains gas - this is for backwards compatibility only and should not be used,0,unheated corridor,20.18,2.75,0.0,N,natural,"Flat 1, 1-3 Arlington Street",Westminster,Cities of London and Westminster,LONDON,England and Wales: 1900-1929,2011-03-02 18:59:02,owner-occupied,,,10033568518,Address Matched,100
597218012932011022516511537268502,Top Floor Flat,11 St. James's Place,,SW1A 1NP,1247524868,C,C,69,71,Flat,Detached,2011-02-25,E09000033,E14000639,Greater London Authority,2011-02-25,marketed sale,77,78,200,190,1.7,31,1.6,66,33,392,397,89,89,53.96,Unknown,Y,5th,Y,6.0,2506,0,not defined,Normal,0,2,2,0,0,Gas multipoint,Poor,Poor,(other premises below),N/A,N/A,Single glazed,Very Poor,Very Poor,"Timber frame, as built, partial insulation (assumed)",Average,Average,None,N/A,N/A,"Pitched, limited insulation (assumed)",Very Poor,Very Poor,"Ground source heat pump, warm air, electric",Good,Very Good,Time and temperature zone control,Very Good,Very Good,No low energy lighting,Very Poor,Very Poor,electricity - this is for backwards compatibility only and should not be used,0,heated corridor,,2.2,0.0,N,natural,"Top Floor Flat, 11 St. James's Place",Westminster,Cities of London and Westminster,LONDON,England and Wales: 1967-1975,2011-02-25 16:51:15,owner-occupied,,,10033578481,Address Matched,100
589695569042011020718225683390838,Flat 8,"25, Whitehall",,SW1A 2BS,9030263868,C,C,76,79,Flat,Detached,2011-02-07,E09000033,E14000639,Greater London Authority,2011-02-07,marketed sale,73,76,221,195,2.0,37,1.8,53,29,329,313,97,89,53.99,Single,Y,2nd,N,6.0,2106,65,secondary glazing,Normal,0,2,2,19,0,From main system,Good,Good,(other premises below),N/A,N/A,Partial secondary glazing,Average,Average,"Solid brick, as built, no insulation (assumed)",Very Poor,Very Poor,None,N/A,N/A,(another dwelling above),N/A,N/A,"Boiler and radiators, mains gas",Good,Good,"Programmer, room thermostat and TRVs",Good,Good,Low energy lighting in 19% of fixed outlets,Poor,Poor,mains gas - this is for backwards compatibility only and should not be used,0,unheated corridor,1.05,2.66,0.0,N,natural,"Flat 8, 25, Whitehall",Westminster,Cities of London and Westminster,LONDON,England and Wales: before 1900,2011-02-07 18:22:56,owner-occupied,,,200002377362,Address Matched,100
583435569932011012115482483268007,Flat C,"1-3, Spring Gardens",,SW1A 2BB,6753013868,F,D,29,56,Flat,Mid-Terrace,2011-01-21,E09000033,E14000639,Greater London Authority,2011-01-21,rental (private),47,44,507,554,3.9,76,4.2,38,38,939,459,116,116,50.84,Unknown,N,1st,N,4.0,2602,100,double glazing installed before 2002,Normal,0,2,2,81,0,"Electric immersion, off-peak",Average,Poor,(other premises below),N/A,N/A,Fully double glazed,Average,Average,"Solid brick, as built, no insulation (assumed)",Very Poor,Very Poor,None,N/A,N/A,(another dwelling above),N/A,N/A,"Room heaters, electric",Very Poor,Poor,Appliance thermostats,Good,Good,Low energy lighting in 81% of fixed outlets,Very Good,Very Good,electricity - this is for backwards compatibility only and should not be used,0,heated corridor,,3.87,0.0,N,natural,"Flat C, 1-3, Spring Gardens",Westminster,Cities of London and Westminster,LONDON,England and Wales: 1930-1949,2011-01-21 15:48:24,rental (private),,,10033554166,Address Matched,100
578934159962011011211063832798819,Flat 72,"3, Whitehall Court",,SW1A 2EL,1345572868,D,C,66,69,Flat,Detached,2011-01-11,E09000033,E14000639,Greater London Authority,2011-01-12,marketed sale,62,63,211,202,6.9,35,6.7,236,118,919,948,207,207,197.9,Unknown,Y,5th,N,10.0,2303,0,not defined,Normal,0,5,5,0,2,From main system,Good,Good,(other premises below),N/A,N/A,Single glazed,Very Poor,Very Poor,"Solid brick, as built, no insulation (assumed)",Very Poor,Very Poor,None,N/A,N/A,(another dwelling above),N/A,N/A,Community scheme,Good,Good,"Flat rate charging, room thermostat only",Poor,Poor,No low energy lighting,Very Poor,Very Poor,mains gas - this is for backwards compatibility only and should not be used,0,heated corridor,,3.2,0.0,N,natural,"Flat 72, 3, Whitehall Court",Westminster,Cities of London and Westminster,LONDON,England and Wales: before 1900,2011-01-12 11:06:38,owner-occupied,,,100023337015,Address Matched,100
576296919222010122312440692378550,Flat 69/A,"3, Whitehall Court",,SW1A 2EL,5989152868,C,C,70,72,Flat,Mid-Terrace,2010-12-23,E09000033,E14000639,Greater London Authority,2010-12-23,rental (private),65,66,268,259,2.9,44,2.8,68,34,401,408,125,125,63.9,Unknown,Y,3rd,N,9.0,2301,0,not defined,Normal,0,2,2,0,0,From main system,Good,Very Good,(other premises below),N/A,N/A,Single glazed,Very Poor,Very Poor,"Sandstone, as built, no insulation (assumed)",Very Poor,Very Poor,None,N/A,N/A,(another dwelling above),N/A,N/A,"Community scheme, radiators, mains gas",Good,Good,"Flat rate charging, no thermostatic control",Very Poor,Very Poor,No low energy lighting,Very Poor,Very Poor,mains gas - this is for backwards compatibility only and should not be used,0,unheated corridor,6.12,2.91,0.0,N,natural,"Flat 69/A, 3, Whitehall Court",Westminster,Cities of London and Westminster,LONDON,England and Wales: before 1900,2010-12-23 12:44:06,rental (private),,,100023337087,Address Matched,100
574550889922010121415333852348090,Flat F,"1-3, Spring Gardens",,SW1A 2BB,9515832868,F,D,34,60,Flat,Mid-Terrace,2010-12-14,E09000033,E14000639,Greater London Authority,2010-12-14,rental (private),51,48,471,508,3.4,71,3.7,51,29,775,396,119,119,48.6,dual,N,2nd,N,6.0,2605,100,secondary glazing,Normal,0,2,2,25,0,"Electric immersion, off-peak",Average,Poor,(other premises below),N/A,N/A,Full secondary glazing,Good,Good,"Solid brick, as built, no insulation (assumed)",Very Poor,Very Poor,None,N/A,N/A,(another dwelling above),N/A,N/A,"Room heaters, electric",Very Poor,Poor,Programmer and room thermostats,Good,Good,Low energy lighting in 25% of fixed outlets,Average,Average,electricity - this is for backwards compatibility only and should not be used,0,heated corridor,,3.6,0.0,N,natural,"Flat F, 1-3, Spring Gardens",Westminster,Cities of London and Westminster,LONDON,England and Wales: before 1900,2010-12-14 15:33:38,rental (private),,,10033564789,Address Matched,100
566557095552010111809455297909780,Flat 4,"30, St. James's Place",,SW1A 1NR,7094571868,D,C,68,77,Flat,Detached,2010-11-17,E09000033,E14000639,Greater London Authority,2010-11-18,rental (private),63,74,257,184,3.4,43,2.4,64,43,498,392,136,97,78.9,Single,Y,3rd,N,6.0,2107,0,not defined,Normal,0,4,4,50,0,From main system,Good,Good,(other premises below),N/A,N/A,Single glazed,Very Poor,Very Poor,"Solid brick, as built, no insulation (assumed)",Very Poor,Very Poor,None,N/A,N/A,(another dwelling above),N/A,N/A,"Boiler and radiators, mains gas",Good,Good,"Programmer, TRVs and bypass",Average,Average,Low energy lighting in 50% of fixed outlets,Good,Good,mains gas - this is for backwards compatibility only and should not be used,0,unheated corridor,9.24,2.5,0.0,N,natural,"Flat 4, 30, St. James's Place",Westminster,Cities of London and Westminster,LONDON,England and Wales: 1900-1929,2010-11-18 09:45:52,rental (private),,,100022805136,Address Matched,100
561363809812010110500231593009586,Flat 64,"3, Whitehall Court",,SW1A 2EL,5605931868,C,C,69,71,Flat,Mid-Terrace,2010-11-04,E09000033,E14000639,Greater London Authority,2010-11-05,marketed sale,50,50,288,280,4.4,62,4.4,74,37,353,361,198,198,71.09,Unknown,N,1st,N,9.0,2301,,not defined,Normal,0,2,2,0,0,From main system,Good,Good,(other premises below),N/A,N/A,Single glazed,Very Poor,Very Poor,"Solid brick, as built, no insulation (assumed)",Very Poor,Very Poor,None,N/A,N/A,(another dwelling above),N/A,N/A,Community scheme,Good,Good,"Flat rate charging, no thermostatic control of room temperature",Very Poor,Very Poor,No low energy lighting,Very Poor,Very Poor,oil - this is for backwards compatibility only and should not be used,0,heated corridor,,3.07,0.0,N,natural,"Flat 64, 3, Whitehall Court",Westminster,Cities of London and Westminster,LONDON,England and Wales: before 1900,2010-11-05 00:23:15,owner-occupied,,,100023337007,Address Matched,100
304547719802010110300351368300228,Flat 90,"3, Whitehall Court",,SW1A 2EL,9858313668,C,C,69,71,Flat,Mid-Terrace,2010-11-02,E09000033,E14000639,Greater London Authority,2010-11-03,rental (private),53,54,229,221,5.7,49,5.6,130,65,557,572,162,162,115.875,Unknown,N,6th,N,8.0,2301,0,not defined,Normal,0,3,3,0,2,From main system,Good,Good,(other premises below),N/A,N/A,Single glazed,Very Poor,Very Poor,"Solid brick, as built, no insulation (assumed)",Very Poor,Very Poor,None,N/A,N/A,(another dwelling above),N/A,N/A,"Community scheme, oil",Good,Good,"Flat rate charging, no thermostatic control",Very Poor,Very Poor,No low energy lighting,Very Poor,Very Poor,oil - this is for backwards compatibility only and should not be used,0,unheated corridor,6.3,3.3,0.0,N,natural,"Flat 90, 3, Whitehall Court",Westminster,Cities of London and Westminster,LONDON,England and Wales: before 1900,2010-11-03 00:35:13,rental (private),,,100023337031,Address Matched,100
560147229102010110216104383100598,Flat 1,1-3 Arlington Street,,SW1A 1RA,4162721868,C,C,75,80,Flat,End-Terrace,2010-11-01,E09000033,E14000639,Greater London Authority,2010-11-02,marketed sale,77,81,119,95,7.6,19,6.1,440,229,948,878,269,216,392.38,Single,Y,2nd,N,6.0,2106,80,double glazing installed before 2002,Normal,0,5,5,8,0,From main system,Good,Good,(other premises below),N/A,N/A,Mostly double glazing,Poor,Poor,"Solid brick, as built, insulated (assumed)",Good,Good,None,N/A,N/A,(another dwelling above),N/A,N/A,"Boiler and radiators, mains gas",Good,Good,"Programmer, room thermostat and TRVs",Good,Good,Low energy lighting in 8% of fixed outlets,Very Poor,Very Poor,mains gas - this is for backwards compatibility only and should not be used,0,heated corridor,,2.58,0.0,N,"mechanical, extract only","Flat 1, 1-3 Arlington Street",Westminster,Cities of London and Westminster,LONDON,England and Wales: 1996-2002,2010-11-02 16:10:43,owner-occupied,,,10033568518,Address Matched,100
551377670032010101118260936068393,Selwyn House,Cleveland Row,,SW1A 1DH,7326360868,F,E,27,41,House,Detached,2010-10-08,E09000033,E14000639,Greater London Authority,2010-10-11,marketed sale,25,35,435,340,68.0,73,53.0,1040,520,10028,8278,820,199,930.08,Unknown,Y,NO DATA!,,,2107,0,single glazing,Normal,0,34,34,0,6,No system present: electric immersion assumed,Very Poor,Poor,"Suspended, no insulation (assumed)",N/A,N/A,Single glazed,Very Poor,Very Poor,"Solid brick, as built, no insulation (assumed)",Very Poor,Very Poor,None,N/A,N/A,"Flat, limited insulation",Poor,Poor,"Boiler and radiators, mains gas",Good,Good,"Programmer, TRVs and bypass",Average,Average,No low energy lighting,Very Poor,Very Poor,mains gas - this is for backwards compatibility only and should not be used,0,NO DATA!,,4.47,0.0,N,natural,"Selwyn House, Cleveland Row",Westminster,Cities of London and Westminster,LONDON,England and Wales: before 1900,2010-10-11 18:26:09,owner-occupied,,,,,100
550813869742010101000251083000888,Flat 90/A,"3, Whitehall Court",,SW1A 2EL,4764060868,D,D,64,66,Flat,Mid-Terrace,2010-10-08,E09000033,E14000639,Greater London Authority,2010-10-10,marketed sale,55,56,323,315,4.0,54,3.9,79,39,453,462,200,200,74.72,Unknown,N,7th,N,9.0,2301,,not defined,Normal,0,3,3,0,0,From main system,Good,Good,(other premises below),N/A,N/A,Single glazed,Very Poor,Very Poor,"Solid brick, as built, no insulation (assumed)",Very Poor,Very Poor,None,N/A,N/A,(another dwelling above),N/A,N/A,Community scheme,Good,Good,"Flat rate charging, no thermostatic control of room temperature",Very Poor,Very Poor,No low energy lighting,Very Poor,Very Poor,mains gas - this is for backwards compatibility only and should not be used,0,heated corridor,,2.94,0.0,N,natural,"Flat 90/A, 3, Whitehall Court",Westminster,Cities of London and Westminster,LONDON,England and Wales: before 1900,2010-10-10 00:25:10,owner-occupied,,,100023337095,Address Matched,100
254153229022010100616155079668930,Flat 15,"25, Whitehall",,SW1A 2BS,3750279568,C,C,73,76,Flat,Enclosed End-Terrace,2010-10-06,E09000033,E14000639,Greater London Authority,2010-10-06,marketed sale,70,72,234,212,2.5,38,2.2,64,34,387,366,95,98,63.41,Single,Y,4th,N,6.0,2106,0,not defined,Normal,0,3,3,10,0,From main system,Good,Good,(other premises below),N/A,N/A,Single glazed,Very Poor,Very Poor,"Timber frame, as built, no insulation (assumed)",Very Poor,Very Poor,None,N/A,N/A,(another dwelling above),N/A,N/A,"Boiler and radiators, mains gas",Good,Good,"Programmer, room thermostat and TRVs",Good,Good,Low energy lighting in 10% of fixed outlets,Poor,Poor,mains gas - this is for backwards compatibility only and should not be used,0,heated corridor,,2.52,0.0,N,natural,"Flat 15, 25, Whitehall",Westminster,Cities of London and Westminster,LONDON,England and Wales: before 1900,2010-10-06 16:15:50,owner-occupied,,,200002373317,Address Matched,100
528778549922010090617113739708400,Flat 32,88 St. James's Street,,SW1A 1PL,0303409768,E,E,47,49,Flat,Mid-Terrace,2010-08-10,E09000033,E14000639,Greater London Authority,2010-09-06,rental (private),40,41,421,412,6.7,70,6.6,107,54,972,985,140,140,94.85,Unknown,Y,4th,Y,4.0,2303,100,secondary glazing,Normal,0,2,2,0,1,From main system,Good,Good,(other premises below),N/A,N/A,Full secondary glazing,Good,Good,"Solid brick, as built, no insulation (assumed)",Very Poor,Very Poor,"Room heaters, mains gas",N/A,N/A,"Pitched, no insulation (assumed)",Very Poor,Very Poor,Community scheme,Good,Good,"Flat rate charging, room thermostat only",Poor,Poor,No low energy lighting,Very Poor,Very Poor,mains gas - this is for backwards compatibility only and should not be used,0,heated corridor,,2.75,0.0,N,natural,"Flat 32, 88 St. James's Street",Westminster,Cities of London and Westminster,LONDON,England and Wales: 1900-1929,2010-09-06 17:11:37,rental (private),,,10033554591,Address Matched,100
88309269542010081815133044509488,Flat 14,"73, St. James's Street",,SW1A 1PH,0503065468,D,D,60,62,Flat,Mid-Terrace,2010-08-18,E09000033,E14000639,Greater London Authority,2010-08-18,marketed sale,47,47,432,428,5.0,65,5.0,94,47,512,528,103,103,76.94,dual,Y,3rd,N,8.0,2401,0,not defined,Normal,0,3,3,0,1,Gas multipoint,Average,Very Poor,(other premises below),N/A,N/A,Single glazed,Very Poor,Very Poor,"Solid brick, as built, no insulation (assumed)",Very Poor,Very Poor,"Room heaters, electric",N/A,N/A,(another dwelling above),N/A,N/A,Electric storage heaters,Poor,Very Poor,Manual charge control,Poor,Poor,No low energy lighting,Very Poor,Very Poor,electricity - this is for backwards compatibility only and should not be used,0,heated corridor,,2.74,0.0,N,natural,"Flat 14, 73, St. James's Street",Westminster,Cities of London and Westminster,LONDON,England and Wales: before 1900,2010-08-18 15:13:30,owner-occupied,,,100022805211,Address Matched,100
396930729922010081613562099178280,Flat 108a,"4, Whitehall Court",,SW1A 2EP,8986279668,D,C,67,69,Flat,Detached,2010-08-13,E09000033,E14000639,Greater London Authority,2010-08-16,marketed sale,62,63,253,245,4.0,42,3.9,103,52,534,547,147,147,93.7,Unknown,Y,3rd,N,10.0,2301,0,not defined,Normal,0,3,3,0,0,From main system,Good,Good,(other premises below),N/A,N/A,Single glazed,Very Poor,Very Poor,"Solid brick, as built, no insulation (assumed)",Very Poor,Very Poor,None,N/A,N/A,(another dwelling above),N/A,N/A,Community scheme,Good,Good,"Flat rate charging, no stat control of room temperature",Very Poor,Very Poor,No low energy lighting,Very Poor,Very Poor,mains gas - this is for backwards compatibility only and should not be used,0,heated corridor,,3.4,0.0,N,natural,"Flat 108a, 4, Whitehall Court",Westminster,Cities of London and Westminster,LONDON,England and Wales: before 1900,2010-08-16 13:56:20,owner-occupied,,,100023337111,Address Matched,100
517857805852010072316381292200875,Flat H,"1-3, Spring Gardens",,SW1A 2BB,8502528768,G,F,8,35,Maisonette,NO DATA!,2010-07-20,E09000033,E14000639,Greater London Authority,2010-07-23,rental (private),33,28,538,602,8.8,81,9.9,121,136,1916,1100,365,166,109.021,Unknown,N,3rd,Y,5.0,2603,100,"double glazing, unknown install date",Normal,0,3,3,0,0,"Electric immersion, standard tariff",Very Poor,Poor,(other premises below),N/A,N/A,Fully double glazed,Average,Average,"Sandstone, as built, no insulation (assumed)",Very Poor,Very Poor,None,N/A,N/A,"Pitched, no insulation (assumed)",Very Poor,Very Poor,"Room heaters, electric",Very Poor,Poor,Programmer and appliance thermostats,Good,Good,No low energy lighting,Very Poor,Very Poor,electricity - this is for backwards compatibility only and should not be used,0,unheated corridor,2.05,2.833,0.0,N,natural,"Flat H, 1-3, Spring Gardens",Westminster,Cities of London and Westminster,LONDON,England and Wales: before 1900,2010-07-23 16:38:12,rental (private),,,10033554168,Address Matched,100
516499646952010072211521191200573,Flat 79/A,"3, Whitehall Court",,SW1A 2EL,5352618768,C,B,80,81,Flat,Detached,2010-07-21,E09000033,E14000639,Greater London Authority,2010-07-22,marketed sale,77,78,170,164,2.0,28,1.9,58,37,267,270,122,122,69.4,Unknown,Y,5th,N,10.0,2303,0,not defined,Normal,0,3,3,45,0,From main system,Good,Good,(other premises below),N/A,N/A,Single glazed,Very Poor,Very Poor,"Solid brick, as built, no insulation (assumed)",Very Poor,Very Poor,"Room heaters, electric",N/A,N/A,(another dwelling above),N/A,N/A,Community scheme,Good,Good,"Flat rate charging, room thermostat only",Poor,Poor,Low energy lighting in 45% of fixed outlets,Good,Good,mains gas - this is for backwards compatibility only and should not be used,0,unheated corridor,4.37,1.9,0.0,N,natural,"Flat 79/A, 3, Whitehall Court",Westminster,Cities of London and Westminster,LONDON,England and Wales: before 1900,2010-07-22 11:52:11,owner-occupied,,,100023337091,Address Matched,100
514921669962010071816093888568200,Flat 5,"39, Whitehall",,SW1A 2BX,0874608768,E,E,43,44,Flat,Mid-Terrace,2010-07-16,E09000033,E14000639,Greater London Authority,2010-07-18,marketed sale,29,29,915,913,5.2,138,5.2,39,23,527,532,110,110,37.93,dual,N,3rd,Y,4.0,2401,100,double glazing installed before 2002,Normal,0,2,2,25,0,"Electric immersion, off-peak",Average,Poor,(other premises below),N/A,N/A,Fully double glazed,Average,Average,"Solid brick, as built, no insulation (assumed)",Very Poor,Very Poor,None,N/A,N/A,"Flat, no insulation (assumed)",Very Poor,Very Poor,Electric storage heaters,Poor,Very Poor,Manual charge control,Poor,Poor,Low energy lighting in 25% of fixed outlets,Average,Average,electricity - this is for backwards compatibility only and should not be used,0,unheated corridor,6.0,2.63,0.0,N,natural,"Flat 5, 39, Whitehall",Westminster,Cities of London and Westminster,LONDON,England and Wales: before 1900,2010-07-18 16:09:38,owner-occupied,,,10033596106,Address Matched,100
514976869922010071816154828968960,Flat 2,"39, Whitehall",,SW1A 2BX,6264608768,D,C,68,69,Flat,Mid-Terrace,2010-07-16,E09000033,E14000639,Greater London Authority,2010-07-18,marketed sale,53,53,511,508,2.9,77,2.9,39,23,254,258,108,108,37.93,dual,N,1st,N,4.0,2401,66,double glazing installed before 2002,Normal,0,2,2,25,0,"Electric immersion, off-peak",Average,Poor,(other premises below),N/A,N/A,Partial double glazing,Poor,Poor,"Solid brick, as built, no insulation (assumed)",Very Poor,Very Poor,None,N/A,N/A,(another dwelling above),N/A,N/A,Electric storage heaters,Poor,Very Poor,Manual charge control,Poor,Poor,Low energy lighting in 25% of fixed outlets,Average,Average,electricity - this is for backwards compatibility only and should not be used,0,unheated corridor,4.76,2.63,0.0,N,natural,"Flat 2, 39, Whitehall",Westminster,Cities of London and Westminster,LONDON,England and Wales: before 1900,2010-07-18 16:15:48,owner-occupied,,,10033596103,Address Matched,100
511505489642010070913422471700618,Flat 84,"3, Whitehall Court",,SW1A 2EL,7620187768,C,C,72,73,Flat,Enclosed Mid-Terrace,2010-07-09,E09000033,E14000639,Greater London Authority,2010-07-09,rental (private),70,71,178,175,5.0,28,4.9,135,104,666,672,243,243,180.0,Single,Y,5th,N,8.0,2301,0,not defined,Normal,0,5,5,70,1,From main system,Good,Very Good,(other premises below),N/A,N/A,Single glazed,Very Poor,Very Poor,"Solid brick, as built, no insulation (assumed)",Very Poor,Very Poor,None,N/A,N/A,(another dwelling above),N/A,N/A,Community scheme with CHP,Good,Very Good,"Flat rate charging, no thermostatic control of room temperature",Very Poor,Very Poor,Low energy lighting in 70% of fixed outlets,Very Good,Very Good,mains gas - this is for backwards compatibility only and should not be used,0,heated corridor,,3.0,0.0,N,natural,"Flat 84, 3, Whitehall Court",Westminster,Cities of London and Westminster,LONDON,England and Wales: before 1900,2010-07-09 13:42:24,rental (private),,,100023337025,Address Matched,100
502715079262010062407232977448760,Flat 93,"3, Whitehall Court",,SW1A 2EL,6725717768,C,C,69,72,Flat,Enclosed Mid-Terrace,2010-06-24,E09000033,E14000639,Greater London Authority,2010-06-24,marketed sale,65,67,196,188,5.6,32,5.4,198,99,685,708,182,182,172.0,Single,Y,6th,N,8.0,2303,100,"double glazing, unknown install date",Normal,0,5,5,0,2,From main system,Good,Very Good,(other premises below),N/A,N/A,Fully double glazed,Average,Average,"Solid brick, as built, no insulation (assumed)",Very Poor,Very Poor,"Room heaters, coal",N/A,N/A,(another dwelling above),N/A,N/A,"Community scheme, underfloor, mains gas",Good,Good,"Flat rate charging, room thermostat only",Poor,Poor,No low energy lighting,Very Poor,Very Poor,mains gas - this is for backwards compatibility only and should not be used,0,heated corridor,,2.9,0.0,N,natural,"Flat 93, 3, Whitehall Court",Westminster,Cities of London and Westminster,LONDON,England and Wales: before 1900,2010-06-24 07:23:29,owner-occupied,,,100023337034,Address Matched,100
496965589342010060915584874600488,Flat 140-141,4 Whitehall Court,,SW1A 2EP,3352086768,C,C,72,75,Flat,NO DATA!,2010-06-08,E09000033,E14000639,Greater London Authority,2010-06-09,marketed sale,69,71,172,163,5.1,29,4.9,204,102,614,635,177,177,180.15,Unknown,Y,6th,N,8.0,2305,20,secondary glazing,Normal,0,5,5,0,0,From main system,Good,Good,(other premises below),N/A,N/A,Some secondary glazing,Poor,Poor,"Granite or whin, as built, no insulation (assumed)",Very Poor,Very Poor,None,N/A,N/A,(another dwelling above),N/A,N/A,Community scheme,Good,Good,"Flat rate charging, programmer and TRVs",Average,Average,No low energy lighting,Very Poor,Very Poor,mains gas - this is for backwards compatibility only and should not be used,0,no corridor,,2.95,0.0,N,natural,"Flat 140-141, 4 Whitehall Court",Westminster,Cities of London and Westminster,LONDON,England and Wales: before 1900,2010-06-09 15:58:48,owner-occupied,,,100023620179,Address Matched,100
73732090012010053110571392200448,Flat 75,"3, Whitehall Court",,SW1A 2EL,4885025468,C,C,77,79,Flat,Detached,2010-05-28,E09000033,E14000639,Greater London Authority,2010-05-31,marketed sale,74,76,154,144,3.5,25,3.3,148,76,348,360,218,218,137.0,Single,Y,2nd,N,5.0,2306,0,not defined,Normal,0,6,6,5,0,From main system,Good,Good,(other premises below),N/A,N/A,Single glazed,Very Poor,Very Poor,"Solid brick, as built, no insulation (assumed)",Very Poor,Very Poor,None,N/A,N/A,(another dwelling above),N/A,N/A,Community scheme,Good,Good,"Charging system linked to the use of community heating, prog and TRVs",Good,Good,Low energy lighting in 5% of fixed outlets,Very Poor,Very Poor,mains gas - this is for backwards compatibility only and should not be used,0,heated corridor,,2.5,0.0,N,natural,"Flat 75, 3, Whitehall Court",Westminster,Cities of London and Westminster,LONDON,England and Wales: 1900-1929,2010-05-31 10:57:13,owner-occupied,,,100023337018,Address Matched,100
491540432752010052720213294200478,Flat 2,"25, St. James's Place",,SW1A 1NH,4815246768,C,C,74,77,Flat,Mid-Terrace,2010-05-27,E09000033,E14000639,Greater London Authority,2010-05-27,rental (private),62,64,152,142,1.5,32,1.5,306,153,678,705,280,280,266.16,Single,N,2nd,N,7.0,2303,0,not defined,Normal,0,6,6,0,0,From main system,Average,Good,(other premises below),N/A,N/A,Single glazed,Very Poor,Very Poor,"Solid brick, as built, no insulation (assumed)",Very Poor,Very Poor,None,N/A,N/A,(another dwelling above),N/A,N/A,Community scheme with CHP,Good,Very Good,"Flat rate charging, room thermostat only",Poor,Poor,No low energy lighting,Very Poor,Very Poor,oil - this is for backwards compatibility only and should not be used,0,heated corridor,,2.52,0.0,N,natural,"Flat 2, 25, St. James's Place",Westminster,Cities of London and Westminster,LONDON,England and Wales: 1900-1929,2010-05-27 20:21:32,rental (private),,,100022805119,Address Matched,100
474806602512010042513594992200370,Flat 34,88 St. James's Street,,SW1A 1PL,3072225768,D,C,68,70,Flat,Detached,2010-04-23,E09000033,E14000639,Greater London Authority,2010-04-25,rental (private),75,76,180,170,2.4,28,2.3,92,46,461,472,108,108,86.29,Unknown,Y,4th,N,6.0,2506,0,not defined,Normal,0,2,2,0,1,Gas multipoint,Poor,Poor,(other premises below),N/A,N/A,Single glazed,Very Poor,Very Poor,"Solid brick, as built, no insulation (assumed)",Very Poor,Very Poor,"Room heaters, mains gas",N/A,N/A,(another dwelling above),N/A,N/A,"Air source heat pump, warm air, electric",Average,Very Good,Time and temperature zone control,Very Good,Very Good,No low energy lighting,Very Poor,Very Poor,electricity - this is for backwards compatibility only and should not be used,0,heated corridor,,2.76,0.0,N,natural,"Flat 34, 88 St. James's Street",Westminster,Cities of London and Westminster,LONDON,England and Wales: before 1900,2010-04-25 13:59:49,rental (private),,,10033558446,Address Matched,100
226273599222010042223590287328510,"88, St. James's Street",,,SW1A 1PL,1806927568,D,D,66,68,Flat,Detached,2010-04-22,E09000033,E14000639,Greater London Authority,2010-04-22,rental (private),76,77,179,169,2.4,28,2.3,92,46,482,493,108,108,86.29,Unknown,Y,4th,N,6.0,2502,0,not defined,Normal,0,2,2,0,1,Gas multipoint,Poor,Poor,(other premises below),N/A,N/A,Single glazed,Very Poor,Very Poor,"Solid brick, as built, no insulation (assumed)",Very Poor,Very Poor,None,N/A,N/A,(another dwelling above),N/A,N/A,"Air source heat pump, warm air, electric",Average,Very Good,"Programmer, no room thermostat",Very Poor,Very Poor,No low energy lighting,Very Poor,Very Poor,electricity - this is for backwards compatibility only and should not be used,0,heated corridor,,2.76,0.0,N,natural,"88, St. James's Street",Westminster,Cities of London and Westminster,LONDON,England and Wales: before 1900,2010-04-22 23:59:02,rental (private),,,100023336926,Address Matched,100
474424969262010042210321085598770,Flat 1,"25, Whitehall",,SW1A 2BS,7840615768,C,C,77,79,Flat,Semi-Detached,2010-04-21,E09000033,E14000639,Greater London Authority,2010-04-22,rental (private),75,76,211,204,1.8,35,1.7,46,26,295,299,74,74,50.5,Single,Y,1st,N,5.0,2106,100,secondary glazing,Normal,0,2,2,25,0,From main system,Very Good,Very Good,(other premises below),N/A,N/A,Full secondary glazing,Good,Good,"Solid brick, as built, no insulation (assumed)",Very Poor,Very Poor,None,N/A,N/A,(another dwelling above),N/A,N/A,"Boiler and radiators, mains gas",Very Good,Very Good,"Programmer, room thermostat and TRVs",Good,Good,Low energy lighting in 25% of fixed outlets,Average,Average,mains gas - this is for backwards compatibility only and should not be used,0,unheated corridor,5.55,3.0,0.0,N,natural,"Flat 1, 25, Whitehall",Westminster,Cities of London and Westminster,LONDON,England and Wales: 1900-1929,2010-04-22 10:32:10,rental (private),,,200002372585,Address Matched,100
472015099142010041909575672409868,Flat 1,"30, St. James's Place",,SW1A 1NR,9120994768,D,C,55,69,Flat,Detached,2010-04-16,E09000033,E14000639,Greater London Authority,2010-04-19,marketed sale,49,63,336,238,5.5,56,3.9,105,53,784,601,147,105,97.835,Single,Y,Ground,N,6.0,2107,0,not defined,Normal,0,4,4,0,0,From main system,Good,Good,"Suspended, no insulation (assumed)",N/A,N/A,Single glazed,Very Poor,Very Poor,"Solid brick, as built, no insulation (assumed)",Very Poor,Very Poor,None,N/A,N/A,(another dwelling above),N/A,N/A,"Boiler and radiators, mains gas",Good,Good,"Programmer, TRVs and bypass",Average,Average,No low energy lighting,Very Poor,Very Poor,mains gas - this is for backwards compatibility only and should not be used,0,unheated corridor,11.837,2.4,0.0,N,natural,"Flat 1, 30, St. James's Place",Westminster,Cities of London and Westminster,LONDON,England and Wales: 1900-1929,2010-04-19 09:57:56,owner-occupied,,,100022805133,Address Matched,100
468712357452010041312590497900473,Flat 5,"1, St. James's Street",,SW1A 1EF,4353774768,F,F,35,37,Flat,End-Terrace,2010-04-12,E09000033,E14000639,Greater London Authority,2010-04-13,rental (private),42,42,459,450,7.7,64,7.6,135,68,1442,1459,132,132,121.61,Unknown,Y,5th,Y,6.0,2106,67,secondary glazing,Normal,0,4,4,0,1,From main system,Very Good,Very Good,(other premises below),N/A,N/A,Partial secondary glazing,Average,Average,"Solid brick, as built, no insulation (assumed)",Very Poor,Very Poor,"Room heaters, wood logs",N/A,N/A,"Pitched, no insulation (assumed)",Very Poor,Very Poor,"Boiler and radiators, mains gas",Very Good,Very Good,"Programmer, room thermostat and TRVs",Good,Good,No low energy lighting,Very Poor,Very Poor,mains gas - this is for backwards compatibility only and should not be used,0,heated corridor,,2.44,0.0,N,natural,"Flat 5, 1, St. James's Street",Westminster,Cities of London and Westminster,LONDON,England and Wales: before 1900,2010-04-13 12:59:04,rental (private),,,100023336812,Address Matched,100
467763136752010041218302197900076,Flat 2,"30, St. James's Place",,SW1A 1NR,0654674768,C,C,74,76,Flat,Detached,2010-04-12,E09000033,E14000639,Greater London Authority,2010-04-12,marketed sale,70,73,215,199,2.6,36,2.4,57,38,402,386,95,89,72.3,Single,Y,1st,N,6.0,2107,0,not defined,Normal,0,3,3,50,0,From main system,Very Good,Very Good,(other premises below),N/A,N/A,Single glazed,Very Poor,Very Poor,"Solid brick, as built, no insulation (assumed)",Very Poor,Very Poor,None,N/A,N/A,(another dwelling above),N/A,N/A,"Boiler and radiators, mains gas",Very Good,Very Good,"Programmer, TRVs and bypass",Average,Average,Low energy lighting in 50% of fixed outlets,Good,Good,mains gas - this is for backwards compatibility only and should not be used,0,unheated corridor,11.1,2.5,0.0,N,natural,"Flat 2, 30, St. James's Place",Westminster,Cities of London and Westminster,LONDON,England and Wales: 1900-1929,2010-04-12 18:30:21,owner-occupied,,,100022805134,Address Matched,100
465923179062010040723133184838860,Flat 3,"1, St. James's Street",,SW1A 1EF,6848754768,E,D,53,68,Flat,Enclosed End-Terrace,2010-04-07,E09000033,E14000639,Greater London Authority,2010-04-07,rental (social),45,60,346,234,6.2,61,6.2,111,56,677,543,303,171,100.6,Unknown,Y,3rd,N,5.0,2104,100,secondary glazing,Normal,0,3,3,0,1,From main system,Average,Average,(other premises below),N/A,N/A,Full secondary glazing,Good,Good,"Solid brick, as built, no insulation (assumed)",Very Poor,Very Poor,"Room heaters, coal",N/A,N/A,(another dwelling above),N/A,N/A,"Boiler and radiators, mains gas",Good,Good,Programmer and room thermostat,Average,Average,No low energy lighting,Very Poor,Very Poor,mains gas - this is for backwards compatibility only and should not be used,0,heated corridor,,3.3,0.0,N,natural,"Flat 3, 1, St. James's Street",Westminster,Cities of London and Westminster,LONDON,England and Wales: before 1900,2010-04-07 23:13:31,rental (social),,,100023336810,Address Matched,100
458606609602010032222174172402228,Flat 2,"1, St. James's Street",,SW1A 1EF,9632604768,D,C,64,73,Flat,Enclosed End-Terrace,2010-03-22,E09000033,E14000639,Greater London Authority,2010-03-22,marketed sale,58,67,254,198,4.5,45,4.5,106,53,557,482,166,125,98.9,Unknown,Y,2nd,N,5.0,2106,0,not defined,Normal,0,4,4,0,1,From main system,Good,Good,(other premises below),N/A,N/A,Single glazed,Very Poor,Very Poor,"Solid brick, as built, no insulation (assumed)",Very Poor,Very Poor,"Room heaters, coal",N/A,N/A,(another dwelling above),N/A,N/A,"Boiler and radiators, mains gas",Good,Good,"Programmer, room thermostat and TRVs",Good,Good,No low energy lighting,Very Poor,Very Poor,mains gas - this is for backwards compatibility only and should not be used,0,heated corridor,,2.8,0.0,N,natural,"Flat 2, 1, St. James's Street",Westminster,Cities of London and Westminster,LONDON,England and Wales: before 1900,2010-03-22 22:17:41,owner-occupied,,,100023336809,Address Matched,100
446857549262010030111220423958940,Flat 23,88 St. James's Street,,SW1A 1PL,4254423768,G,G,17,17,Flat,Enclosed End-Terrace,2010-02-25,E09000033,E14000639,Greater London Authority,2010-03-01,rental (private),42,42,365,365,11.0,57,11.0,210,210,2532,2532,325,325,195.74,Unknown,N,3rd,N,6.0,2506,95,secondary glazing,Normal,0,6,6,15,4,Gas multipoint,Very Poor,Average,(other premises below),N/A,N/A,Mostly secondary glazing,Average,Average,"Solid brick, as built, no insulation (assumed)",Very Poor,Very Poor,"Room heaters, electric",N/A,N/A,(another dwelling above),N/A,N/A,"Warm air, electric",Very Poor,Poor,Time and temperature zone control,Very Good,Very Good,Low energy lighting in 15% of fixed outlets,Poor,Poor,electricity - this is for backwards compatibility only and should not be used,0,heated corridor,,3.1,0.0,N,natural,"Flat 23, 88 St. James's Street",Westminster,Cities of London and Westminster,LONDON,England and Wales: before 1900,2010-03-01 11:22:04,rental (private),,,10033554588,Address Matched,100
447017429602010030111242176302758,Flat 33,88 St. James's Street,,SW1A 1PL,6654423768,F,F,28,29,Flat,Enclosed End-Terrace,2010-02-25,E09000033,E14000639,Greater London Authority,2010-03-01,rental (private),52,53,329,324,5.2,52,5.1,107,54,1125,1159,217,217,99.04,Unknown,N,4th,N,6.0,2506,30,secondary glazing,Normal,0,4,4,0,1,Gas multipoint,Very Poor,Average,(other premises below),N/A,N/A,Some secondary glazing,Poor,Poor,"Solid brick, as built, no insulation (assumed)",Very Poor,Very Poor,"Room heaters, electric",N/A,N/A,(another dwelling above),N/A,N/A,"Warm air, electric",Very Poor,Poor,Time and temperature zone control,Very Good,Very Good,No low energy lighting,Very Poor,Very Poor,electricity - this is for backwards compatibility only and should not be used,0,heated corridor,,2.51,0.0,N,natural,"Flat 33, 88 St. James's Street",Westminster,Cities of London and Westminster,LONDON,England and Wales: before 1900,2010-03-01 11:24:21,rental (private),,,10033554592,Address Matched,100
30587609802010021612574659209398,Flat 2,5 St. James Street,,SW1A 1EF,8815502568,D,D,61,62,Flat,Mid-Terrace,2010-02-11,E09000033,E14000639,Greater London Authority,2010-02-16,rental (private),73,74,234,227,2.1,35,2.0,62,31,332,346,179,179,59.0,Single,N,2nd,N,6.0,2503,100,double glazing installed before 2002,Normal,0,2,2,0,0,Electric instantaneous at point of use,Very Poor,Poor,(other premises below),N/A,N/A,Fully double glazed,Average,Average,"Solid brick, as built, no insulation (assumed)",Very Poor,Very Poor,None,N/A,N/A,(another dwelling above),N/A,N/A,"Warm air, electric",Very Poor,Poor,Room thermostat only,Poor,Poor,No low energy lighting,Very Poor,Very Poor,electricity - this is for backwards compatibility only and should not be used,0,unheated corridor,9.71,3.0,0.0,N,natural,"Flat 2, 5 St. James Street",Westminster,Cities of London and Westminster,LONDON,England and Wales: 1900-1929,2010-02-16 12:57:46,rental (private),,,10033599675,Address Matched,100
438555589922010021614484772598520,Flat 3,5 St. James Street,,SW1A 1EF,2794862768,G,G,17,17,Flat,Mid-Terrace,2010-02-11,E09000033,E14000639,Greater London Authority,2010-02-16,rental (private),41,41,411,406,9.2,62,9.1,170,85,2071,2130,306,306,148.61,Single,N,3rd,Y,6.0,2503,100,double glazing installed before 2002,Normal,0,4,4,0,0,Electric instantaneous at point of use,Very Poor,Poor,(other premises below),N/A,N/A,Fully double glazed,Average,Average,"Solid brick, as built, no insulation (assumed)",Very Poor,Very Poor,None,N/A,N/A,"Pitched, 200 mm loft insulation",Good,Good,"Warm air, electric",Very Poor,Poor,Room thermostat only,Poor,Poor,No low energy lighting,Very Poor,Very Poor,electricity - this is for backwards compatibility only and should not be used,0,unheated corridor,2.0,3.0,0.0,N,natural,"Flat 3, 5 St. James Street",Westminster,Cities of London and Westminster,LONDON,England and Wales: before 1900,2010-02-16 14:48:47,rental (private),,,10033599676,Address Matched,100
438880872032010021614204584968803,Flat 1,5 St. James Street,,SW1A 1EF,7394862768,D,D,59,60,Flat,Mid-Terrace,2010-02-11,E09000033,E14000639,Greater London Authority,2010-02-16,rental (private),72,73,244,237,2.2,37,2.1,62,31,355,370,179,179,59.0,Single,N,1st,N,5.0,2503,100,double glazing installed before 2002,Normal,0,2,2,0,1,Electric instantaneous at point of use,Very Poor,Poor,(other premises below),N/A,N/A,Fully double glazed,Average,Average,"Solid brick, as built, no insulation (assumed)",Very Poor,Very Poor,None,N/A,N/A,(another dwelling above),N/A,N/A,"Warm air, electric",Very Poor,Poor,Room thermostat only,Poor,Poor,No low energy lighting,Very Poor,Very Poor,electricity - this is for backwards compatibility only and should not be used,0,unheated corridor,9.71,3.0,0.0,N,natural,"Flat 1, 5 St. James Street",Westminster,Cities of London and Westminster,LONDON,England and Wales: 1900-1929,2010-02-16 14:20:45,rental (private),,,10033599674,Address Matched,100
428348934112010013009400099200972,Flat 4,27 St. James's Street,,SW1A 1HA,9250491768,D,D,55,58,Flat,Detached,2010-01-28,E09000033,E14000639,Greater London Authority,2010-01-30,marketed sale,69,70,207,196,3.9,32,3.7,141,70,680,697,129,129,123.4,Single,Y,6th,N,8.0,2506,100,secondary glazing,Normal,0,4,4,0,0,Gas multipoint,Poor,Poor,(other premises below),N/A,N/A,Full secondary glazing,Good,Good,"System built, as built, no insulation (assumed)",Very Poor,Very Poor,None,N/A,N/A,(another dwelling above),N/A,N/A,"Air source heat pump, warm air, electric",Average,Very Good,Time and temperature zone control,Very Good,Very Good,No low energy lighting,Very Poor,Very Poor,electricity - this is for backwards compatibility only and should not be used,0,unheated corridor,20.0,2.3,0.0,N,"mechanical, supply and extract","Flat 4, 27 St. James's Street",Westminster,Cities of London and Westminster,LONDON,England and Wales: 1950-1966,2010-01-30 09:40:00,owner-occupied,,,10033605315,Address Matched,100
145399119222010012717142251838450,Flat K,"1-3, Spring Gardens",,SW1A 2BB,5557161568,D,D,58,63,Flat,Enclosed End-Terrace,2010-01-27,E09000033,E14000639,Greater London Authority,2010-01-27,marketed sale,51,53,361,344,5.3,54,5.0,105,60,559,510,160,160,52.54,dual,N,3rd,Y,5.0,2402,100,double glazing installed during or after 2002,Normal,0,3,3,25,0,"Electric immersion, off-peak",Average,Poor,(other premises below),N/A,N/A,Fully double glazed,Good,Good,"Solid brick, as built, no insulation (assumed)",Very Poor,Very Poor,Portable electric heaters,N/A,N/A,"Roof room(s), insulated",Good,Good,Electric storage heaters,Poor,Very Poor,Automatic charge control,Average,Average,Low energy lighting in 25% of fixed outlets,Average,Average,electricity - this is for backwards compatibility only and should not be used,0,heated corridor,,2.8,0.0,N,natural,"Flat K, 1-3, Spring Gardens",Westminster,Cities of London and Westminster,LONDON,England and Wales: before 1900,2010-01-27 17:14:22,owner-occupied,,,10033555622,Address Matched,100
418196543352010012418121392900577,Flat 1,"39, Whitehall",,SW1A 2BX,5786321768,E,C,45,71,Flat,Mid-Terrace,2010-01-13,E09000033,E14000639,Greater London Authority,2010-01-24,marketed sale,63,59,489,542,2.0,74,2.2,16,16,407,210,154,91,27.25,dual,N,1st,N,4.0,2602,100,double glazing installed during or after 2002,Normal,0,3,3,100,0,"Electric immersion, off-peak",Very Poor,Poor,"To external air, insulated",N/A,N/A,Fully double glazed,Good,Good,"Solid brick, as built, no insulation (assumed)",Very Poor,Very Poor,None,N/A,N/A,(another dwelling above),N/A,N/A,"Room heaters, electric",Very Poor,Poor,Appliance thermostats,Good,Good,Low energy lighting in all fixed outlets,Very Good,Very Good,electricity - this is for backwards compatibility only and should not be used,0,unheated corridor,3.65,2.6,0.0,N,natural,"Flat 1, 39, Whitehall",Westminster,Cities of London and Westminster,LONDON,England and Wales: 1900-1929,2010-01-24 18:12:13,owner-occupied,,,10033596102,Address Matched,100
420092706552010011215513093900972,Flat J,1-3 Spring Gardens,,SW1A 2BB,9256631768,D,C,67,71,Flat,Enclosed Mid-Terrace,2010-01-12,E09000033,E14000639,Greater London Authority,2010-01-12,marketed sale,61,63,295,280,3.7,44,3.5,101,51,349,325,146,146,42.57,Single,N,3rd,Y,5.0,2402,100,double glazing installed during or after 2002,Normal,0,3,3,0,0,"Electric immersion, off-peak",Average,Poor,(other premises below),N/A,N/A,Fully double glazed,Good,Good,"Solid brick, as built, no insulation (assumed)",Very Poor,Very Poor,Portable electric heaters,N/A,N/A,"Roof room(s), insulated",Good,Good,Electric storage heaters,Poor,Very Poor,Automatic charge control,Average,Average,No low energy lighting,Very Poor,Very Poor,electricity - this is for backwards compatibility only and should not be used,0,heated corridor,,2.88,0.0,N,natural,"Flat J, 1-3 Spring Gardens",Westminster,Cities of London and Westminster,LONDON,England and Wales: before 1900,2010-01-12 15:51:30,owner-occupied,,,10033575879,Address Matched,100
415814800442010010103311271119868,Flat 82,"3, Whitehall Court",,SW1A 2EL,8408801768,C,C,70,72,Flat,NO DATA!,2009-12-16,E09000033,E14000639,Greater London Authority,2010-01-01,rental (private),66,67,193,184,5.7,32,5.5,192,98,578,597,282,282,177.93,Single,N,4th,N,8.0,2301,22,secondary glazing,Normal,0,6,4,4,1,"From main system, no cylinder thermostat",Good,Good,(other premises below),N/A,N/A,Some secondary glazing,Poor,Poor,"Solid brick, with internal insulation",Good,Good,Portable electric heaters,N/A,N/A,(another dwelling above),N/A,N/A,Community scheme,Good,Good,"Flat rate charging, no thermostatic control of room temperature",Very Poor,Very Poor,Low energy lighting in 4% of fixed outlets,Very Poor,Very Poor,mains gas - this is for backwards compatibility only and should not be used,0,heated corridor,,3.62,0.0,N,natural,"Flat 82, 3, Whitehall Court",Westminster,Cities of London and Westminster,LONDON,England and Wales: before 1900,2010-01-01 03:31:12,rental (private),,,100023337024,Address Matched,100
412036520922009121508593090748301,Flat 42 Arlington House,Arlington Street,,SW1A 1RL,0972280768,F,F,24,25,Flat,Enclosed End-Terrace,2009-12-14,E09000033,E14000639,Greater London Authority,2009-12-15,marketed sale,39,39,412,407,11.5,62,11.4,209,104,2300,2371,0,0,185.5,Single,N,3rd,N,7.0,2703,100,"double glazing, unknown install date",Normal,0,5,5,0,0,From main system,Very Good,Poor,(other premises below),N/A,N/A,Fully double glazed,Average,Average,"Solid brick, as built, no insulation (assumed)",Very Poor,Very Poor,None,N/A,N/A,(another dwelling above),N/A,N/A,"Electric ceiling, electric",Very Poor,Poor,Room thermostat only,Poor,Poor,No low energy lighting,Very Poor,Very Poor,electricity - this is for backwards compatibility only and should not be used,0,heated corridor,,2.7,0.0,N,natural,"Flat 42 Arlington House, Arlington Street",Westminster,Cities of London and Westminster,LONDON,England and Wales: 1930-1949,2009-12-15 08:59:30,owner-occupied,,,100022722250,Address Matched,100
396930789132009111322055826968299,Flat 108a,"4, Whitehall Court",,SW1A 2EP,8986279668,C,C,75,76,Flat,Mid-Terrace,2009-11-13,E09000033,E14000639,Greater London Authority,2009-11-13,rental (private),71,71,184,182,3.5,31,3.4,74,60,452,455,137,137,112.6,Single,N,2nd,N,9.0,2305,0,not defined,Normal,0,3,3,75,0,From main system,Good,Good,(other premises below),N/A,N/A,Single glazed,Very Poor,Very Poor,"Solid brick, as built, no insulation (assumed)",Very Poor,Very Poor,None,N/A,N/A,(another dwelling above),N/A,N/A,Community scheme,Good,Good,"Flat rate charging, programmer and TRVs",Average,Average,Low energy lighting in 75% of fixed outlets,Very Good,Very Good,mains gas - this is for backwards compatibility only and should not be used,0,heated corridor,,3.4,0.0,N,natural,"Flat 108a, 4, Whitehall Court",Westminster,Cities of London and Westminster,LONDON,England and Wales: before 1900,2009-11-13 22:05:58,rental (private),,,100023337111,Address Matched,100
387201640132009102311564174268796,Flat 150,"4, Whitehall Court",,SW1A 2EP,4674709668,E,E,49,51,Flat,Detached,2009-10-23,E09000033,E14000639,Greater London Authority,2009-10-23,rental (private),30,30,471,464,7.0,103,7.0,69,34,732,742,122,122,68.0,Single,N,8th,Y,9.0,2301,0,not defined,Normal,0,2,2,0,1,From main system,Very Poor,Very Poor,(other premises below),N/A,N/A,Single glazed,Very Poor,Very Poor,"Sandstone, as built, no insulation (assumed)",Very Poor,Very Poor,None,N/A,N/A,"Pitched, no insulation (assumed)",Very Poor,Very Poor,"Community scheme, oil",Good,Good,"Flat rate charging, no thermostatic control",Very Poor,Very Poor,No low energy lighting,Very Poor,Very Poor,oil - this is for backwards compatibility only and should not be used,0,no corridor,,,0.0,N,natural,"Flat 150, 4, Whitehall Court",Westminster,Cities of London and Westminster,LONDON,,2009-10-23 11:56:41,rental (private),,,100023337079,Address Matched,100
385844751132009102113381578968708,Flat 6,"27, St. James's Street",,SW1A 1HA,5888798668,F,D,34,63,Flat,Enclosed Mid-Terrace,2009-09-19,E09000033,E14000639,Greater London Authority,2009-10-21,rental (private),54,54,300,306,6.2,45,6.3,99,109,995,598,543,184,136.89,Unknown,N,6th,N,8.0,2602,100,secondary glazing,Normal,0,3,3,75,0,No system present: electric immersion assumed,Very Poor,Poor,(other premises below),N/A,N/A,Full secondary glazing,Good,Good,"System built, as built, no insulation (assumed)",Very Poor,Very Poor,None,N/A,N/A,(another dwelling above),N/A,N/A,"Room heaters, electric",Very Poor,Poor,Appliance thermostats,Good,Good,Low energy lighting in 75% of fixed outlets,Very Good,Very Good,electricity - this is for backwards compatibility only and should not be used,0,unheated corridor,8.2,,0.0,N,natural,"Flat 6, 27, St. James's Street",Westminster,Cities of London and Westminster,LONDON,,2009-10-21 13:38:15,rental (private),,,100023336818,Address Matched,100
381388760962009101413431898378721,Flat 10,88 St. James's Street,,SW1A 1PL,2971668668,G,G,15,15,Flat,Enclosed End-Terrace,2009-10-13,E09000033,E14000639,Greater London Authority,2009-10-14,rental (private),31,31,561,561,8.7,88,8.7,88,88,1595,1595,95,95,98.65,Single,Y,1st,N,5.0,2602,,INVALID!,Normal,0,3,3,10,1,Gas multipoint,Average,Good,(other premises below),N/A,N/A,Single glazed,Very Poor,Very Poor,"Granite or whin, as built, no insulation (assumed)",Very Poor,Very Poor,"Room heaters, mains gas",N/A,N/A,(another dwelling above),N/A,N/A,"Room heaters, electric",Very Poor,Poor,Appliance thermostats,Good,Good,Low energy lighting in 10% of fixed outlets,Poor,Poor,electricity - this is for backwards compatibility only and should not be used,0,heated corridor,,3.32,0.0,N,natural,"Flat 10, 88 St. James's Street",Westminster,Cities of London and Westminster,LONDON,England and Wales: before 1900,2009-10-14 13:43:18,rental (private),,,10033554582,Address Matched,100
373930110802009100700160261810768,Flat 27,"73, St. James's Street",,SW1A 1PH,1844518668,F,D,37,57,Flat,Mid-Terrace,2009-10-06,E09000033,E14000639,Greater London Authority,2009-10-07,rental (private),44,43,699,725,3.4,105,3.5,35,18,449,238,203,203,31.97,Unknown,N,4th,N,7.0,2605,0,single glazing,Normal,0,1,1,0,0,"Electric immersion, off-peak",Average,Poor,(other premises below),N/A,N/A,Single glazed,Very Poor,Very Poor,"Solid brick, as built, no insulation (assumed)",Very Poor,Very Poor,None,N/A,N/A,(another dwelling above),N/A,N/A,"Room heaters, electric",Very Poor,Poor,Programmer and room thermostats,Good,Good,No low energy lighting,Very Poor,Very Poor,electricity - this is for backwards compatibility only and should not be used,0,heated corridor,,2.6,0.0,N,natural,"Flat 27, 73, St. James's Street",Westminster,Cities of London and Westminster,LONDON,England and Wales: 1900-1929,2009-10-07 00:16:02,rental (private),,,100022805223,Address Matched,100
375263820542009100315101867810228,Flat 18,"73, St. James's Street",,SW1A 1PH,4587428668,F,D,23,58,Flat,Mid-Terrace,2009-10-02,E09000033,E14000639,Greater London Authority,2009-10-03,marketed sale,45,45,493,489,4.5,74,4.5,62,34,713,457,418,119,60.72,Unknown,N,3rd,N,6.0,2602,50,secondary glazing,Normal,0,2,1,0,0,No system present: electric immersion assumed,Very Poor,Poor,(other premises below),N/A,N/A,Partial secondary glazing,Poor,Poor,"Solid brick, as built, no insulation (assumed)",Very Poor,Very Poor,Portable electric heaters,N/A,N/A,(another dwelling above),N/A,N/A,"Room heaters, electric",Very Poor,Poor,Appliance thermostats,Good,Good,No low energy lighting,Very Poor,Very Poor,electricity - this is for backwards compatibility only and should not be used,0,unheated corridor,12.7,2.73,0.0,N,natural,"Flat 18, 73, St. James's Street",Westminster,Cities of London and Westminster,LONDON,England and Wales: before 1900,2009-10-03 15:10:18,owner-occupied,,,100022805215,Address Matched,100
367656070262009092312360427678391,Flat 5,"25, Whitehall",,SW1A 2BS,9228767668,C,C,72,75,Flat,Semi-Detached,2009-09-23,E09000033,E14000639,Greater London Authority,2009-09-23,marketed sale,68,72,200,180,3.6,33,3.3,83,57,501,471,126,116,108.8,Single,Y,1st,N,5.0,2106,0,single glazing,Normal,0,3,3,55,0,From main system,Good,Good,(other premises below),N/A,N/A,Single glazed,Very Poor,Very Poor,"Solid brick, as built, no insulation (assumed)",Very Poor,Very Poor,None,N/A,N/A,(another dwelling above),N/A,N/A,"Boiler and radiators, mains gas",Good,Good,"Programmer, room thermostat and TRVs",Average,Average,Low energy lighting in 55% of fixed outlets,Good,Good,mains gas - this is for backwards compatibility only and should not be used,0,heated corridor,,3.0,0.0,N,natural,"Flat 5, 25, Whitehall",Westminster,Cities of London and Westminster,LONDON,England and Wales: before 1900,2009-09-23 12:36:04,owner-occupied,,,200002378785,Address Matched,100
366884060502009091920235763719918,Flat 89,"3, Whitehall Court",,SW1A 2EL,9558567668,C,C,77,80,Flat,Mid-Terrace,2009-09-19,E09000033,E14000639,Greater London Authority,2009-09-19,none of the above,77,79,141,131,3.3,22,3.1,183,91,425,439,142,142,152.97,dual,Y,5th,N,7.0,2305,0,INVALID!,Normal,0,5,5,0,2,From main system,Good,Very Good,(other premises below),N/A,N/A,Single glazed,Very Poor,Very Poor,"Granite or whin, as built, no insulation (assumed)",Very Poor,Very Poor,"Room heaters, electric",N/A,N/A,(another dwelling above),N/A,N/A,Community scheme with CHP,Good,Very Good,"Flat rate charging, programmer and TRVs",Average,Average,No low energy lighting,Very Poor,Very Poor,mains gas - this is for backwards compatibility only and should not be used,0,heated corridor,,3.0,0.0,N,natural,"Flat 89, 3, Whitehall Court",Westminster,Cities of London and Westminster,LONDON,England and Wales: before 1900,2009-09-19 20:23:57,unknown,,,100023337030,Address Matched,100
364002460612009091622291205910163,Flat 56,"3, Whitehall Court",,SW1A 2EL,1383057668,C,C,77,78,Flat,Mid-Terrace,2009-09-16,E09000033,E14000639,Greater London Authority,2009-09-16,rental (private),74,75,154,150,3.7,26,3.6,119,80,426,434,171,171,143.84,Single,Y,1st,N,6.0,2301,100,secondary glazing,Normal,0,3,3,50,0,From main system,Good,Good,(other premises below),N/A,N/A,Full secondary glazing,Good,Good,"Solid brick, as built, no insulation (assumed)",Very Poor,Very Poor,None,N/A,N/A,(another dwelling above),N/A,N/A,Community scheme,Good,Good,"Flat rate charging, no thermostatic control of room temperature",Very Poor,Very Poor,Low energy lighting in 50% of fixed outlets,Good,Good,mains gas - this is for backwards compatibility only and should not be used,0,heated corridor,,3.62,0.0,N,natural,"Flat 56, 3, Whitehall Court",Westminster,Cities of London and Westminster,LONDON,England and Wales: before 1900,2009-09-16 22:29:12,rental (private),,,10033576787,Address Matched,100
351810160442009090717212667610148,Flat 64/A,"3, Whitehall Court",,SW1A 2EL,3498266668,D,D,65,67,Flat,Detached,2009-09-04,E09000033,E14000639,Greater London Authority,2009-09-07,rental (private),47,47,270,262,6.2,58,6.2,113,56,587,603,162,162,107.11,Unknown,N,2nd,N,9.0,2301,0,INVALID!,Normal,0,3,3,0,0,From main system,N/A,N/A,(other premises below),N/A,N/A,Single glazed,Very Poor,Very Poor,"Solid brick, as built, no insulation (assumed)",Very Poor,Very Poor,None,N/A,N/A,(another dwelling above),N/A,N/A,Community scheme,N/A,N/A,"Flat rate charging, no stat control of room temperature",Very Poor,Very Poor,No low energy lighting,Very Poor,Very Poor,oil - this is for backwards compatibility only and should not be used,0,heated corridor,,3.4,0.0,N,natural,"Flat 64/A, 3, Whitehall Court",Westminster,Cities of London and Westminster,LONDON,England and Wales: before 1900,2009-09-07 17:21:26,rental (private),,,100023337086,Address Matched,100
351810182112009082518114706210364,Flat 64/A,"3, Whitehall Court",,SW1A 2EL,3498266668,D,D,65,68,Flat,Enclosed Mid-Terrace,2009-08-25,E09000033,E14000639,Greater London Authority,2009-08-25,rental (private),57,58,264,256,5.3,44,5.2,115,58,474,486,188,188,120.6,Single,Y,1st,N,8.0,2301,,INVALID!,Normal,0,4,4,0,1,"From main system, no cylinderstat",Good,Good,(other premises below),N/A,N/A,Single glazed,Very Poor,Very Poor,"Solid brick, as built, no insulation (assumed)",Very Poor,Very Poor,None,N/A,N/A,(another dwelling above),N/A,N/A,Community scheme,Good,Good,"Flat rate charging, no thermostatic control of room temperature",Very Poor,Very Poor,No low energy lighting,Very Poor,Very Poor,mains gas - this is for backwards compatibility only and should not be used,0,no corridor,,3.3,0.0,N,natural,"Flat 64/A, 3, Whitehall Court",Westminster,Cities of London and Westminster,LONDON,England and Wales: before 1900,2009-08-25 18:11:47,rental (private),,,100023337086,Address Matched,100
340944120062009080711124485968551,Flat 112,4 Whitehall Court,,SW1A 2EP,5840285668,D,D,61,64,Flat,Detached,2009-08-06,E09000033,E14000639,Greater London Authority,2009-08-07,rental (private),43,44,236,228,17.0,51,17.0,382,191,1567,1617,247,247,334.0,Single,N,2nd,N,8.0,2301,50,secondary glazing,Normal,0,5,5,0,3,From main system,Very Good,Very Good,(other premises below),N/A,N/A,Partial secondary glazing,Poor,Poor,"Sandstone, as built, no insulation (assumed)",Very Poor,Very Poor,None,N/A,N/A,(another dwelling above),N/A,N/A,"Community scheme, oil",Good,Good,"Flat rate charging, no thermostatic control",Very Poor,Very Poor,No low energy lighting,Very Poor,Very Poor,oil - this is for backwards compatibility only and should not be used,0,heated corridor,,3.33,0.0,N,natural,"Flat 112, 4 Whitehall Court",Westminster,Cities of London and Westminster,LONDON,England and Wales: 1900-1929,2009-08-07 11:12:44,rental (private),,,10033561266,Address Matched,100
182468170262009072500114273648311,Flat 3,"25, St. James's Place",,SW1A 1NH,1712783568,C,C,75,78,Flat,Detached,2009-07-24,E09000033,E14000639,Greater London Authority,2009-07-25,marketed sale,75,77,145,134,5.0,22,4.7,257,129,571,593,225,225,226.21,Single,N,3rd,N,5.0,2305,100,secondary glazing,Normal,0,6,6,0,0,From main system,Good,Very Good,(other premises below),N/A,N/A,Full secondary glazing,Good,Good,"Solid brick, as built, no insulation (assumed)",Very Poor,Very Poor,None,N/A,N/A,(another dwelling above),N/A,N/A,Community scheme with CHP,Good,Very Good,"Flat rate charging, programmer and TRVs",Average,Average,No low energy lighting,Very Poor,Very Poor,mains gas - this is for backwards compatibility only and should not be used,0,unheated corridor,17.37,2.44,0.0,N,natural,"Flat 3, 25, St. James's Place",Westminster,Cities of London and Westminster,LONDON,England and Wales: 1930-1949,2009-07-25 00:11:42,owner-occupied,,,100022805120,Address Matched,100
332333013652009072320563502210965,Flat 20,"73, St. James's Street",,SW1A 1PH,9597325668,C,C,72,74,Flat,Enclosed Mid-Terrace,2009-07-23,E09000033,E14000639,Greater London Authority,2009-07-23,rental (private),34,34,621,621,6.6,90,6.6,77,39,380,389,113,113,74.0,Unknown,N,3rd,N,6.0,2301,100,secondary glazing,Normal,0,2,2,0,0,From main system,Good,Very Good,(other premises below),N/A,N/A,Full secondary glazing,Good,Good,"Solid brick, as built, no insulation (assumed)",Very Poor,Very Poor,None,N/A,N/A,(another dwelling above),N/A,N/A,Community scheme with CHP and electric,Good,Very Good,"Flat rate charging, no thermostatic control of room temperature",Very Poor,Very Poor,No low energy lighting,Very Poor,Very Poor,electricity - this is for backwards compatibility only and should not be used,0,unheated corridor,14.8,2.4,0.0,N,natural,"Flat 20, 73, St. James's Street",Westminster,Cities of London and Westminster,LONDON,England and Wales: 1900-1929,2009-07-23 20:56:35,rental (private),,,100022805217,Address Matched,100
314748923132009071515255025968508,Flat 31,"73, St. James's Street",,SW1A 1PH,2855504668,G,G,11,20,Maisonette,End-Terrace,2009-07-15,E09000033,E14000639,Greater London Authority,2009-07-15,rental (private),11,15,778,702,26.0,118,23.0,269,135,3390,2914,181,181,218.5,Unknown,N,5th,N,7.0,2401,30,double glazing installed before 2002,Normal,1,6,6,0,0,Gas multipoint,Average,Good,(other premises below),N/A,N/A,Partial double glazing,Poor,Poor,"Solid brick, as built, no insulation (assumed)",Very Poor,Very Poor,"Room heaters, electric",N/A,N/A,"Flat, no insulation (assumed)",Very Poor,Very Poor,Electric storage heaters,Poor,Very Poor,Manual charge control,Poor,Poor,No low energy lighting,Very Poor,Very Poor,electricity - this is for backwards compatibility only and should not be used,0,heated corridor,,2.3,0.0,N,natural,"Flat 31, 73, St. James's Street",Westminster,Cities of London and Westminster,LONDON,England and Wales: before 1900,2009-07-15 15:25:50,rental (private),,,100023336832,Address Matched,100
324128760342009071209400662419128,Flat 2,Craigs Court,25 Whitehall,SW1A 2DB,1352664668,C,B,78,81,Flat,Enclosed Mid-Terrace,2009-07-12,E09000033,E14000639,Greater London Authority,2009-07-12,rental (private),76,79,180,162,2.0,30,1.8,55,34,293,276,96,95,65.98,Single,Y,1st,N,4.0,2106,100,secondary glazing,Normal,0,2,2,40,0,From main system,Good,Good,(other premises below),N/A,N/A,Full secondary glazing,Good,Good,"Solid brick, with internal insulation",Good,Good,None,N/A,N/A,(another dwelling above),N/A,N/A,"Boiler and radiators, mains gas",Good,Good,"Programmer, room thermostat and TRVs",Average,Average,Low energy lighting in 40% of fixed outlets,Average,Average,mains gas - this is for backwards compatibility only and should not be used,0,heated corridor,,2.86,0.0,N,natural,"Flat 2, Craigs Court, 25 Whitehall",Westminster,Cities of London and Westminster,LONDON,England and Wales: 1900-1929,2009-07-12 09:40:06,rental (private),,,200002413574,Address Matched,100
185272897112009070111565500010258,Flat 3,"21-22, St. James's Place",,SW1A 1NH,2824704568,C,C,70,72,Flat,Detached,2009-07-01,E09000033,E14000639,Greater London Authority,2009-07-01,marketed sale,66,67,176,169,8.7,29,8.4,285,158,945,977,223,223,296.39,Single,Y,3rd,N,6.0,2301,0,INVALID!,Normal,0,8,8,20,1,From main system,Good,Good,(other premises below),N/A,N/A,Single glazed,Very Poor,Very Poor,"System built, as built, no insulation (assumed)",Very Poor,Very Poor,"Room heaters, smokeless fuel",N/A,N/A,(another dwelling above),N/A,N/A,Community scheme,Good,Good,"Flat rate charging, no stat control of room temperature",Very Poor,Very Poor,Low energy lighting in 20% of fixed outlets,Poor,Poor,mains gas - this is for backwards compatibility only and should not be used,0,heated corridor,,2.68,0.0,N,natural,"Flat 3, 21-22, St. James's Place",Westminster,Cities of London and Westminster,LONDON,England and Wales: before 1900,2009-07-01 11:56:55,owner-occupied,,,100023336838,Address Matched,100
304547713212009061107335801910968,Flat 90,"3, Whitehall Court",,SW1A 2EL,9858313668,D,C,66,69,Flat,End-Terrace,2009-06-10,E09000033,E14000639,Greater London Authority,2009-06-11,marketed sale,49,49,271,264,5.4,59,5.3,86,45,427,436,193,193,91.54,Single,N,5th,N,7.0,2302,0,INVALID!,Normal,0,3,3,10,0,From main system,Good,Good,(other premises below),N/A,N/A,Single glazed,Very Poor,Very Poor,"Solid brick, as built, no insulation (assumed)",Very Poor,Very Poor,None,N/A,N/A,(another dwelling above),N/A,N/A,Community scheme,Good,Good,"Flat rate charging, programmer, no room thermostat",Very Poor,Very Poor,Low energy lighting in 10% of fixed outlets,Poor,Poor,oil - this is for backwards compatibility only and should not be used,0,heated corridor,,3.01,0.0,N,natural,"Flat 90, 3, Whitehall Court",Westminster,Cities of London and Westminster,LONDON,England and Wales: before 1900,2009-06-11 07:33:58,owner-occupied,,,100023337031,Address Matched,100
68608090022009060923172334518521,Flat 3,"73, St. James's Street",,SW1A 1PH,2351934468,E,E,48,49,Flat,Mid-Terrace,2009-06-09,E09000033,E14000639,Greater London Authority,2009-06-09,rental (private),64,65,392,386,2.2,60,2.1,50,25,487,504,63,63,36.13,Single,Y,1st,N,7.0,2602,0,single glazing,Normal,0,2,2,0,0,Gas multipoint,Average,Good,(other premises below),N/A,N/A,Single glazed,Very Poor,Very Poor,"Solid brick, as built, no insulation (assumed)",Very Poor,Very Poor,None,N/A,N/A,(another dwelling above),N/A,N/A,"Room heaters, electric",Very Poor,Poor,Appliance thermostats,Good,Good,No low energy lighting,Very Poor,Very Poor,electricity - this is for backwards compatibility only and should not be used,0,unheated corridor,10.0,2.72,0.0,N,natural,"Flat 3, 73, St. James's Street",Westminster,Cities of London and Westminster,LONDON,England and Wales: before 1900,2009-06-09 23:17:23,rental (private),,,100022805203,Address Matched,100
283977360302009051222373761112678,Flat 118a,"4, Whitehall Court",,SW1A 2EP,6381261668,D,C,68,70,Flat,Mid-Terrace,2009-04-23,E09000033,E14000639,Greater London Authority,2009-05-12,marketed sale,63,64,240,234,4.1,40,4.0,87,51,491,500,136,136,101.52,Single,N,3rd,N,9.0,2301,0,INVALID!,Normal,0,4,4,29,1,From main system,Good,Good,(other premises below),N/A,N/A,Single glazed,Very Poor,Very Poor,"Solid brick, as built, no insulation (assumed)",Very Poor,Very Poor,"Room heaters, mains gas",N/A,N/A,(another dwelling above),N/A,N/A,Community scheme,Good,Good,"Flat rate charging, no thermostatic control of room temperature",Very Poor,Very Poor,Low energy lighting in 29% of fixed outlets,Average,Average,mains gas - this is for backwards compatibility only and should not be used,0,heated corridor,,3.22,0.0,N,natural,"Flat 118a, 4, Whitehall Court",Westminster,Cities of London and Westminster,LONDON,England and Wales: before 1900,2009-05-12 22:37:37,owner-occupied,,,100023337099,Address Matched,100
271454234132009042510032645268201,Flat 117,"4, Whitehall Court",,SW1A 2EP,3155201668,D,D,58,61,Flat,Enclosed End-Terrace,2009-04-23,E09000033,E14000639,Greater London Authority,2009-04-25,marketed sale,51,52,263,255,10.0,44,9.8,229,120,1187,1214,200,200,227.79,Single,N,3rd,N,9.0,2301,0,INVALID!,Normal,0,5,5,10,1,From main system,Good,Good,(other premises below),N/A,N/A,Single glazed,Very Poor,Very Poor,"Solid brick, as built, no insulation (assumed)",Very Poor,Very Poor,"Room heaters, mains gas",N/A,N/A,(another dwelling above),N/A,N/A,Community scheme,Good,Good,"Flat rate charging, no thermostatic control of room temperature",Very Poor,Very Poor,Low energy lighting in 10% of fixed outlets,Poor,Poor,mains gas - this is for backwards compatibility only and should not be used,0,heated corridor,,3.21,0.0,N,natural,"Flat 117, 4, Whitehall Court",Westminster,Cities of London and Westminster,LONDON,England and Wales: before 1900,2009-04-25 10:03:26,owner-occupied,,,,,100
271495220262009042510145041178551,Flat 118,"4, Whitehall Court",,SW1A 2EP,5435201668,D,C,68,70,Flat,Mid-Terrace,2009-04-23,E09000033,E14000639,Greater London Authority,2009-04-25,marketed sale,63,64,240,234,4.1,40,4.0,87,51,491,500,136,136,101.52,Single,N,3rd,N,9.0,2301,0,INVALID!,Normal,0,4,4,29,1,From main system,Good,Good,(other premises below),N/A,N/A,Single glazed,Very Poor,Very Poor,"Solid brick, as built, no insulation (assumed)",Very Poor,Very Poor,"Room heaters, mains gas",N/A,N/A,(another dwelling above),N/A,N/A,Community scheme,Good,Good,"Flat rate charging, no thermostatic control of room temperature",Very Poor,Very Poor,Low energy lighting in 29% of fixed outlets,Average,Average,mains gas - this is for backwards compatibility only and should not be used,0,heated corridor,,3.22,0.0,N,natural,"Flat 118, 4, Whitehall Court",Westminster,Cities of London and Westminster,LONDON,England and Wales: before 1900,2009-04-25 10:14:50,owner-occupied,,,100023337042,Address Matched,100
271616662812009042510305300210266,Flat 119,"4, Whitehall Court",,SW1A 2EP,2655201668,D,D,62,64,Flat,Mid-Terrace,2009-04-23,E09000033,E14000639,Greater London Authority,2009-04-25,marketed sale,54,55,347,341,3.7,58,3.7,58,31,482,489,112,112,64.0,Single,N,3rd,N,9.0,2301,0,INVALID!,Normal,0,2,2,13,1,From main system,Good,Good,(other premises below),N/A,N/A,Single glazed,Very Poor,Very Poor,"Solid brick, as built, no insulation (assumed)",Very Poor,Very Poor,"Room heaters, electric",N/A,N/A,(another dwelling above),N/A,N/A,Community scheme,Good,Good,"Flat rate charging, no thermostatic control of room temperature",Very Poor,Very Poor,Low energy lighting in 13% of fixed outlets,Poor,Poor,mains gas - this is for backwards compatibility only and should not be used,0,heated corridor,,3.2,0.0,N,natural,"Flat 119, 4, Whitehall Court",Westminster,Cities of London and Westminster,LONDON,England and Wales: before 1900,2009-04-25 10:30:53,owner-occupied,,,100023337056,Address Matched,100
254153270742009042417180458912578,Flat 15,"25, Whitehall",,SW1A 2BS,3750279568,C,C,72,76,Flat,Detached,2009-04-23,E09000033,E14000639,Greater London Authority,2009-04-24,marketed sale,69,72,249,225,2.4,41,2.1,54,27,333,315,84,84,56.7,Single,Y,3rd,N,6.0,2106,0,INVALID!,Normal,0,3,3,0,0,From main system,Good,Good,(other premises below),N/A,N/A,Single glazed,Very Poor,Very Poor,"Solid brick, as built, no insulation (assumed)",Very Poor,Very Poor,None,N/A,N/A,(another dwelling above),N/A,N/A,"Boiler and radiators, mains gas",Good,Good,"Programmer, room thermostat and TRVs",Average,Average,No low energy lighting,Very Poor,Very Poor,mains gas - this is for backwards compatibility only and should not be used,0,no corridor,,2.5,0.0,N,natural,"Flat 15, 25, Whitehall",Westminster,Cities of London and Westminster,LONDON,England and Wales: before 1900,2009-04-24 17:18:04,owner-occupied,,,200002373317,Address Matched,100
254153237132009032717312710268207,Flat 15,"25, Whitehall",,SW1A 2BS,3750279568,E,D,54,59,Flat,Detached,2009-03-25,E09000033,E14000639,Greater London Authority,2009-03-27,marketed sale,47,51,411,372,4.4,68,4.0,58,29,562,524,79,79,64.5,Single,Y,5th,Y,6.0,2106,0,INVALID!,Normal,0,3,3,0,0,From main system,Good,Good,(other premises below),N/A,N/A,Single glazed,Very Poor,Very Poor,"Solid brick, as built, no insulation (assumed)",Very Poor,Very Poor,None,N/A,N/A,"Flat, no insulation (assumed)",Very Poor,Very Poor,"Boiler and radiators, mains gas",Good,Good,"Programmer, room thermostat and TRVs",Average,Average,No low energy lighting,Very Poor,Very Poor,mains gas - this is for backwards compatibility only and should not be used,0,unheated corridor,9.9,2.4,0.0,N,natural,"Flat 15, 25, Whitehall",Westminster,Cities of London and Westminster,LONDON,England and Wales: 1900-1929,2009-03-27 17:31:27,owner-occupied,,,200002373317,Address Matched,100
247726710842009031313221754919078,Flat 96,"3, Whitehall Court",,SW1A 2EL,9817419568,E,D,54,56,Flat,Enclosed Mid-Terrace,2009-03-13,E09000033,E14000639,Greater London Authority,2009-03-13,rental (private),34,35,401,393,6.8,87,6.7,75,38,661,669,109,109,77.38,Single,N,8th,Y,9.0,2305,0,single glazing,Normal,0,2,2,0,0,From main system,Good,Good,(other premises below),N/A,N/A,Single glazed,Very Poor,Very Poor,"Sandstone, as built, no insulation (assumed)",Very Poor,Very Poor,None,N/A,N/A,"Flat, no insulation (assumed)",Very Poor,Very Poor,Community scheme,Good,Good,"Flat rate charging, programmer and TRVs",Average,Average,No low energy lighting,Very Poor,Very Poor,oil - this is for backwards compatibility only and should not be used,0,heated corridor,,2.92,0.0,N,natural,"Flat 96, 3, Whitehall Court",Westminster,Cities of London and Westminster,LONDON,England and Wales: before 1900,2009-03-13 13:22:17,rental (private),,,100023337037,Address Matched,100
231147693452009022616242104210954,Flat 9,"25, Whitehall",,SW1A 2BS,9490348568,D,C,66,70,Flat,Detached,2009-02-26,E09000033,E14000639,Greater London Authority,2009-02-26,rental (private),61,65,291,260,3.3,48,2.9,61,33,447,422,97,89,67.11,Single,Y,3rd,N,7.0,2106,45,secondary glazing,Normal,0,3,3,14,0,From main system,Good,Good,(other premises below),N/A,N/A,Partial secondary glazing,Poor,Poor,"Solid brick, as built, no insulation (assumed)",Very Poor,Very Poor,None,N/A,N/A,(another dwelling above),N/A,N/A,"Boiler and radiators, mains gas",Good,Good,"Programmer, room thermostat and TRVs",Average,Average,Low energy lighting in 14% of fixed outlets,Poor,Poor,mains gas - this is for backwards compatibility only and should not be used,0,unheated corridor,11.88,2.9,0.0,N,natural,"Flat 9, 25, Whitehall",Westminster,Cities of London and Westminster,LONDON,England and Wales: before 1900,2009-02-26 16:24:21,rental (private),,,200002415848,Address Matched,100
144661122152009022523173607210951,Flat 17,"73, St. James's Street",,SW1A 1PH,9169270568,C,C,72,74,Flat,Enclosed Mid-Terrace,2009-02-25,E09000033,E14000639,Greater London Authority,2009-02-25,rental (private),70,71,304,296,1.9,47,1.8,38,19,288,292,85,85,40.0,Single,Y,3rd,N,6.0,2301,0,single glazing,Normal,0,2,2,0,0,From main system,Good,Very Good,(other premises below),N/A,N/A,Single glazed,Very Poor,Very Poor,"Solid brick, as built, no insulation (assumed)",Very Poor,Very Poor,None,N/A,N/A,(another dwelling above),N/A,N/A,Community scheme with CHP,Good,Very Good,"Flat rate charging, no thermostatic control of room temperature",Very Poor,Very Poor,No low energy lighting,Very Poor,Very Poor,mains gas - this is for backwards compatibility only and should not be used,0,unheated corridor,6.0,2.7,0.0,N,natural,"Flat 17, 73, St. James's Street",Westminster,Cities of London and Westminster,LONDON,England and Wales: before 1900,2009-02-25 23:17:36,rental (private),,,100022805214,Address Matched,100
227600760402009021108250353719308,Flat 5,"27, St. James's Street",,SW1A 1HA,1406767568,D,C,66,69,Flat,Detached,2009-02-10,E09000033,E14000639,Greater London Authority,2009-02-11,rental (private),57,59,300,289,4.8,45,4.6,123,61,273,279,262,262,105.8,Unknown,N,5th,N,7.0,2505,100,secondary glazing,Normal,0,4,4,0,0,"Electric immersion, off-peak",Average,Poor,(other premises below),N/A,N/A,Fully secondary glazed,Good,Good,"System built, as built, no insulation (assumed)",Poor,Poor,None,N/A,N/A,(another dwelling above),N/A,N/A,"Air source heat pump, warm air, electric",Very Good,Very Good,Programmer and at least two room thermostats,Good,Good,No low energy lighting,Very Poor,Very Poor,electricity - this is for backwards compatibility only and should not be used,0,unheated corridor,15.42,2.5,0.0,N,natural,"Flat 5, 27, St. James's Street",Westminster,Cities of London and Westminster,LONDON,England and Wales: 1950-1966,2009-02-11 08:25:03,rental (private),,,10033644162,Address Matched,100
51775900722009020408454527808841,Flat 42,88 St. James's Street,,SW1A 1PL,4202037568,G,G,1,1,Flat,Enclosed Mid-Terrace,2009-01-30,E09000033,E14000639,Greater London Authority,2009-02-04,rental (private),13,6,1021,1207,11.0,155,13.0,63,63,2336,1366,78,78,69.28,Single,N,3rd,N,5.0,2603,,INVALID!,Normal,0,2,2,0,0,Gas multipoint,Average,Good,(other premises below),N/A,N/A,Single glazed,Very Poor,Very Poor,"Solid brick, as built, no insulation (assumed)",Very Poor,Very Poor,"Room heaters, electric",N/A,N/A,"Flat, no insulation (assumed)",Very Poor,Very Poor,"Room heaters, electric",Very Poor,Poor,Programmer and appliance thermostats,Good,Good,No low energy lighting,Very Poor,Very Poor,electricity - this is for backwards compatibility only and should not be used,0,unheated corridor,9.9,2.26,0.0,N,natural,"Flat 42, 88 St. James's Street",Westminster,Cities of London and Westminster,LONDON,England and Wales: before 1900,2009-02-04 08:45:45,rental (private),,,10033526988,Address Matched,100
49628100442008123011413450682018,Flat C,16 Arlington Street,,SW1A 1RD,8463406568,E,D,46,57,Maisonette,Mid-Terrace,2008-12-29,E09000033,E14000639,Greater London Authority,2008-12-30,rental (private),40,50,384,305,8.5,64,6.8,116,64,993,824,143,115,76.35,Unknown,Y,2nd,Y,4.0,2107,7,secondary glazing,Normal,0,5,5,17,0,From main system,Good,Good,(other premises below),N/A,N/A,Partial secondary glazing,Very Poor,Very Poor,"Solid brick, as built, no insulation (assumed)",Very Poor,Very Poor,None,N/A,N/A,"Pitched, no insulation (assumed)",Very Poor,Very Poor,"Boiler and radiators, mains gas",Good,Good,"Programmer, TRVs and bypass",Poor,Poor,Low energy lighting in 17% of fixed outlets,Poor,Poor,mains gas - this is for backwards compatibility only and should not be used,0,unheated corridor,6.0,2.4,0.0,N,natural,"Flat C, 16 Arlington Street",Westminster,Cities of London and Westminster,LONDON,England and Wales: before 1900,2008-12-30 11:41:34,rental (private),,,,,100
30587682832008120609580095068598,Flat 2,5 St. James Street,,SW1A 1EF,8815502568,F,F,28,28,Flat,Detached,2008-12-03,E09000033,E14000639,Greater London Authority,2008-12-06,rental (private),30,30,658,659,6.3,108,6.3,55,27,782,801,220,220,58.3,Single,Y,2nd,N,5.0,2601,100,triple glazing,Normal,0,2,1,0,1,"Electric immersion, standard tariff",Very Poor,Poor,(other premises below),N/A,N/A,Full triple glazing,Good,Good,"Solid brick, as built, no insulation (assumed)",Very Poor,Very Poor,Portable electric heaters,N/A,N/A,(another dwelling above),N/A,N/A,"Room heaters, mains gas",Very Poor,Very Poor,No thermostatic control of room temperature,Poor,Poor,No low energy lighting,Very Poor,Very Poor,mains gas - this is for backwards compatibility only and should not be used,0,unheated corridor,6.9,2.9,0.0,N,natural,"Flat 2, 5 St. James Street",Westminster,Cities of London and Westminster,LONDON,England and Wales: before 1900,2008-12-06 09:58:00,rental (private),,,10033599675,Address Matched,100
40336170962008112019513544418218,Flat 5,1-3 Arlington Street,,SW1A 1RA,1445724568,D,D,55,66,Maisonette,Semi-Detached,2008-11-19,E09000033,E14000639,Greater London Authority,2008-11-20,marketed sale,53,65,246,184,12.0,41,8.6,279,139,1130,1102,430,156,283.9,Single,Y,6th,Y,6.0,2106,100,double glazing installed during or after 2002,More Than Typical,1,8,8,0,1,"From main system, no cylinderstat",Average,Average,(other premises below),N/A,N/A,Fully double glazed,Good,Good,"Timber frame, with internal insulation",Very Poor,Very Poor,"Room heaters, mains gas",N/A,N/A,"Flat, insulated (assumed)",Average,Average,"Boiler and radiators, mains gas",Good,Good,"Programmer, room thermostat and TRVs",Average,Average,No low energy lighting,Very Poor,Very Poor,mains gas - this is for backwards compatibility only and should not be used,0,heated corridor,,2.79,0.0,N,"mechanical, supply and extract","Flat 5, 1-3 Arlington Street",Westminster,Cities of London and Westminster,LONDON,England and Wales: before 1900,2008-11-20 19:51:35,owner-occupied,,,,,100
41327370922008112019450494218948,Flat 4,1-3 Arlington Street,,SW1A 1RA,4942724568,D,D,55,68,Maisonette,Semi-Detached,2008-11-19,E09000033,E14000639,Greater London Authority,2008-11-20,marketed sale,54,68,251,174,9.9,41,6.9,235,118,933,906,450,146,241.3,Single,Y,6th,Y,6.0,2106,100,double glazing installed during or after 2002,More Than Typical,1,8,8,0,1,"From main system, no cylinderstat",Average,Average,(other premises below),N/A,N/A,Fully double glazed,Good,Good,"Timber frame, with internal insulation",Very Poor,Very Poor,"Room heaters, mains gas",N/A,N/A,"Flat, insulated (assumed)",Average,Average,"Boiler and radiators, mains gas",Good,Good,"Programmer, room thermostat and TRVs",Average,Average,No low energy lighting,Very Poor,Very Poor,mains gas - this is for backwards compatibility only and should not be used,0,heated corridor,,2.45,0.0,N,"mechanical, supply and extract","Flat 4, 1-3 Arlington Street",Westminster,Cities of London and Westminster,LONDON,England and Wales: before 1900,2008-11-20 19:45:04,owner-occupied,,,,,100
187944590922008111817445284288558,Flat 4,"39, Whitehall",,SW1A 2BX,5898904568,G,E,13,39,Flat,Mid-Terrace,2008-11-18,E09000033,E14000639,Greater London Authority,2008-11-18,rental (private),35,30,766,874,4.6,115,5.2,25,25,966,524,93,93,39.65,Single,N,3rd,Y,4.0,2602,86,"double glazing, unknown install date",Normal,0,2,2,71,0,"Electric immersion, standard tariff",Average,Poor,(other premises below),N/A,N/A,Partial double glazing,Poor,Poor,"Solid brick, as built, no insulation (assumed)",Very Poor,Very Poor,None,N/A,N/A,"Flat, no insulation (assumed)",Very Poor,Very Poor,"Room heaters, electric",Very Poor,Poor,Appliance thermostats,Good,Good,Low energy lighting in 71% of fixed outlets,Very Good,Very Good,electricity - this is for backwards compatibility only and should not be used,0,unheated corridor,7.98,2.2,0.0,N,natural,"Flat 4, 39, Whitehall",Westminster,Cities of London and Westminster,LONDON,England and Wales: before 1900,2008-11-18 17:44:52,rental (private),,,10033596105,Address Matched,100
188363369832008111817361050968099,Flat 3,"39, Whitehall",,SW1A 2BX,6910014568,F,D,34,59,Flat,Mid-Terrace,2008-11-18,E09000033,E14000639,Greater London Authority,2008-11-18,rental (private),51,48,522,569,3.1,79,3.4,30,30,586,311,93,93,39.65,dual,N,2nd,N,4.0,2602,91,"double glazing, unknown install date",Normal,0,2,2,43,0,"Electric immersion, off-peak",Average,Poor,(other premises below),N/A,N/A,Partial double glazing,Average,Average,"Solid brick, as built, no insulation (assumed)",Very Poor,Very Poor,None,N/A,N/A,(another dwelling above),N/A,N/A,"Room heaters, electric",Very Poor,Poor,Appliance thermostats,Good,Good,Low energy lighting in 43% of fixed outlets,Average,Average,electricity - this is for backwards compatibility only and should not be used,0,unheated corridor,7.98,2.65,0.0,N,natural,"Flat 3, 39, Whitehall",Westminster,Cities of London and Westminster,LONDON,England and Wales: before 1900,2008-11-18 17:36:10,rental (private),,,10033596104,Address Matched,100
42987927852008111820021704989752,Flat 3,41 St James's Place,,SW1A 1NS,7219744568,D,D,66,67,Flat,Detached,2008-11-17,E09000033,E14000639,Greater London Authority,2008-11-18,rental (private),75,76,271,261,1.5,40,1.4,33,16,138,142,184,184,36.6092,Single,N,4th,N,6.0,2506,0,INVALID!,Normal,0,2,2,0,0,"Electric immersion, standard tariff",Very Poor,Very Poor,(other premises below),N/A,N/A,Single glazed,Very Poor,Very Poor,"Solid brick, as built, no insulation (assumed)",Very Poor,Very Poor,"Room heaters, electric",N/A,N/A,(another dwelling above),N/A,N/A,"Air source heat pump, warm air, electric",Average,Very Good,Time and temperature zone control,N/A,N/A,No low energy lighting,Very Poor,Very Poor,electricity - this is for backwards compatibility only and should not be used,0,heated corridor,,2.54,0.0,N,natural,"Flat 3, 41 St James's Place",Westminster,Cities of London and Westminster,LONDON,England and Wales: before 1900,2008-11-18 20:02:17,rental (private),,,10033628141,Address Matched,100
187621710602008111710360758489298,Flat 16,"25, Whitehall",,SW1A 2BS,6648114568,B,B,83,85,House,Semi-Detached,2008-11-11,E09000033,E14000639,Greater London Authority,2008-11-17,rental (private),83,84,156,145,1.2,26,1.1,42,21,158,160,69,69,46.0,Unknown,Y,3rd,N,5.0,2106,0,single glazing,Normal,0,3,3,0,0,From main system,Good,Good,(other premises below),N/A,N/A,Single glazed,Very Poor,Very Poor,"Timber frame, as built, insulated (assumed)",Good,Good,None,N/A,N/A,(another dwelling above),N/A,N/A,"Boiler and radiators, mains gas",Good,Good,"Programmer, room thermostat and TRVs",Average,Average,No low energy lighting,Very Poor,Very Poor,mains gas - this is for backwards compatibility only and should not be used,0,unheated corridor,3.94,2.3,0.0,N,natural,"Flat 16, 25, Whitehall",Westminster,Cities of London and Westminster,LONDON,England and Wales: 1991-1995,2008-11-17 10:36:07,rental (private),,,200002373319,Address Matched,100
182468119832008111012513722068797,Flat 3,"25, St. James's Place",,SW1A 1NH,1712783568,C,C,73,77,Flat,Mid-Terrace,2008-11-07,E09000033,E14000639,Greater London Authority,2008-11-10,marketed sale,69,71,163,153,6.9,27,6.6,269,135,604,630,169,169,256.41,Single,Y,3rd,N,7.0,2106,30,secondary glazing,More Than Typical,0,6,6,0,0,From main system,Good,Good,(other premises below),N/A,N/A,Partial secondary glazing,Poor,Poor,"System built, as built, no insulation (assumed)",Very Poor,Very Poor,None,N/A,N/A,(another dwelling above),N/A,N/A,Community scheme,Good,Good,"Unit charging, programmer and TRVs",Good,Good,No low energy lighting,Very Poor,Very Poor,mains gas - this is for backwards compatibility only and should not be used,0,heated corridor,,2.44,0.0,N,natural,"Flat 3, 25, St. James's Place",Westminster,Cities of London and Westminster,LONDON,England and Wales: 1950-1966,2008-11-10 12:51:37,owner-occupied,,,100022805120,Address Matched,100
174155540642008102911053157382818,Flat 71/A,"3, Whitehall Court",,SW1A 2EL,9649443568,C,C,73,75,Flat,Mid-Terrace,2008-10-29,E09000033,E14000639,Greater London Authority,2008-10-29,rental (private),59,60,196,186,5.0,42,4.9,115,58,319,329,188,188,119.98,Single,N,2nd,N,5.0,2302,20,secondary glazing,Normal,0,3,3,0,0,From main system,Average,Average,(other premises below),N/A,N/A,Partial secondary glazing,Poor,Poor,"Solid brick, as built, no insulation (assumed)",Very Poor,Very Poor,None,N/A,N/A,(another dwelling above),N/A,N/A,Community scheme,Good,Good,"Flat rate charging, programmer, no room thermostat",Very Poor,Very Poor,No low energy lighting,Very Poor,Very Poor,oil - this is for backwards compatibility only and should not be used,0,heated corridor,,2.8,0.0,N,natural,"Flat 71/A, 3, Whitehall Court",Westminster,Cities of London and Westminster,LONDON,England and Wales: before 1900,2008-10-29 11:05:31,rental (private),,,100023337088,Address Matched,100
173314120222008102819075093488368,Flat 3,"25, Whitehall",,SW1A 2BS,6952243568,D,C,68,72,Flat,Mid-Terrace,2008-10-28,E09000033,E14000639,Greater London Authority,2008-10-28,rental (private),64,67,285,257,2.8,47,2.5,54,27,354,335,77,76,58.97,Single,Y,1st,N,5.0,2106,75,secondary glazing,Normal,0,2,2,0,0,From main system,Good,Good,(other premises below),N/A,N/A,Partial secondary glazing,Average,Average,"Solid brick, as built, no insulation (assumed)",Very Poor,Very Poor,"Room heaters, mains gas",N/A,N/A,(another dwelling above),N/A,N/A,"Boiler and radiators, mains gas",Good,Good,"Programmer, room thermostat and TRVs",Average,Average,No low energy lighting,Very Poor,Very Poor,mains gas - this is for backwards compatibility only and should not be used,0,unheated corridor,1.44,3.13,0.0,N,natural,"Flat 3, 25, Whitehall",Westminster,Cities of London and Westminster,LONDON,England and Wales: 1900-1929,2008-10-28 19:07:50,rental (private),,,200002372777,Address Matched,100
35140890262008102100201772198318,Flat 3,35 Spring Gardens,,SW1A 2BA,1712982568,E,C,43,76,Flat,Mid-Terrace,2008-10-21,E09000033,E14000639,Greater London Authority,2008-10-21,rental (private),38,72,464,188,6.7,78,2.7,82,41,806,333,117,93,86.39,Single,Y,3rd,Y,4.0,2104,100,secondary glazing,Normal,0,3,3,0,1,From main system,Good,Good,(other premises below),N/A,N/A,Full secondary glazing,Good,Good,"Solid brick, as built, no insulation (assumed)",Very Poor,Very Poor,"Room heaters, mains gas",N/A,N/A,"Pitched, no insulation",Very Poor,Very Poor,"Boiler and radiators, mains gas",Good,Good,Programmer and room thermostat,Poor,Poor,No low energy lighting,Very Poor,Very Poor,mains gas - this is for backwards compatibility only and should not be used,0,heated corridor,,2.5,0.0,N,natural,"Flat 3, 35 Spring Gardens",Westminster,Cities of London and Westminster,LONDON,England and Wales: before 1900,2008-10-21 00:20:17,rental (private),,,100022803243,Address Matched,100
35801580922008101518052932178878,11 Craigs Court,,,SW1A 2DB,7339852568,F,E,22,49,Flat,Detached,2008-10-13,E09000033,E14000639,Greater London Authority,2008-10-15,rental (private),43,39,476,521,5.4,71,5.9,75,38,1071,572,126,126,75.66,Unknown,N,4th,N,6.0,2603,0,INVALID!,Normal,0,3,3,0,0,"Electric immersion, standard tariff",Average,Poor,(other premises below),N/A,N/A,Single glazed,Very Poor,Very Poor,"Solid brick, as built, no insulation (assumed)",Very Poor,Very Poor,None,N/A,N/A,(another dwelling above),N/A,N/A,"Room heaters, electric",Very Poor,Poor,Programmer and appliance thermostats,Good,Good,No low energy lighting,Very Poor,Very Poor,electricity - this is for backwards compatibility only and should not be used,0,unheated corridor,9.3,2.8,0.0,N,natural,11 Craigs Court,Westminster,Cities of London and Westminster,LONDON,England and Wales: before 1900,2008-10-15 18:05:29,rental (private),,,,,100
164766800922008101212014402408958,Flat 3,"16, Whitehall",,SW1A 2DY,5018032568,D,D,59,61,Flat,Mid-Terrace,2008-10-10,E09000033,E14000639,Greater London Authority,2008-10-12,rental (private),53,53,300,294,5.5,50,5.4,85,53,648,655,115,115,109.59,Single,Y,2nd,N,4.0,2106,100,double glazing installed before 2002,Normal,0,4,4,40,0,From main system,Good,Good,(other premises below),N/A,N/A,Fully double glazed,Average,Average,"Solid brick, with internal insulation",Good,Good,None,N/A,N/A,"Pitched, no insulation (assumed)",Very Poor,Very Poor,"Boiler and radiators, mains gas",Good,Good,"Programmer, room thermostat and TRVs",Average,Average,Low energy lighting in 40% of fixed outlets,Average,Average,mains gas - this is for backwards compatibility only and should not be used,0,unheated corridor,4.21,2.77,0.0,N,natural,"Flat 3, 16, Whitehall",Westminster,Cities of London and Westminster,LONDON,England and Wales: before 1900,2008-10-12 12:01:44,rental (private),,,100022819783,Address Matched,100
153988500742008100821212950280088,Flat 128,"4, Whitehall Court",,SW1A 2EP,6739802568,D,D,58,61,Flat,End-Terrace,2008-10-08,E09000033,E14000639,Greater London Authority,2008-10-08,rental (private),56,57,278,0,6.5,43,6.3,142,73,788,803,131,131,150.2,Unknown,Y,4th,N,10.0,2301,0,single glazing,Normal,0,4,4,5,0,From main system,Good,Very Good,(other premises below),N/A,N/A,Single glazed,Very Poor,Very Poor,"Granite or whinstone, as built, no insulation (assumed)",Very Poor,Very Poor,None,N/A,N/A,(another dwelling above),N/A,N/A,Community scheme with CHP,Good,Very Good,"Flat rate charging, no thermostatic control of room temperature",Very Poor,Very Poor,Low energy lighting in 5% of fixed outlets,Very Poor,Very Poor,mains gas - this is for backwards compatibility only and should not be used,0,unheated corridor,2.05,3.4,0.0,N,natural,"Flat 128, 4, Whitehall Court",Westminster,Cities of London and Westminster,LONDON,England and Wales: before 1900,2008-10-08 21:21:29,rental (private),,,100023337062,Address Matched,100
30587600802008100814381257280738,Flat 2,5 St. James Street,,SW1A 1EF,8815502568,E,D,54,56,Flat,Detached,2008-10-07,E09000033,E14000639,Greater London Authority,2008-10-08,non marketed sale,42,42,471,467,5.2,77,5.2,69,35,417,427,131,131,66.9,dual,N,2nd,N,5.0,2505,100,triple glazing,Normal,0,2,2,0,1,"Electric immersion, off-peak",Average,Poor,(other premises below),N/A,N/A,Full triple glazing,Good,Good,"Sandstone, as built, no insulation (assumed)",Very Poor,Very Poor,"Room heaters, smokeless fuel",N/A,N/A,(another dwelling above),N/A,N/A,"Warm air, electric",Average,Poor,Programmer and at least 2 room thermostats,Good,Good,No low energy lighting,Very Poor,Very Poor,electricity - this is for backwards compatibility only and should not be used,0,unheated corridor,9.2,2.5,0.0,N,"mechanical, extract only","Flat 2, 5 St. James Street",Westminster,Cities of London and Westminster,LONDON,England and Wales: before 1900,2008-10-08 14:38:12,owner-occupied,,,10033599675,Address Matched,100
29929981512008100614313906089559,Flat L,"1-3, Spring Gardens",,SW1A 2BB,5967161568,E,E,46,47,Maisonette,Enclosed End-Terrace,2008-10-06,E09000033,E14000639,Greater London Authority,2008-10-06,marketed sale,58,58,316,310,4.2,48,4.1,90,45,618,642,212,212,87.38,Unknown,N,3rd,Y,5.0,2504,100,"double glazing, unknown install date",Normal,0,3,3,0,0,"Electric immersion, off-peak",Very Good,Poor,(other premises below),N/A,N/A,Fully double glazed,Average,Average,"Solid brick, with internal insulation",Good,Good,"Room heaters, electric",N/A,N/A,"Flat, limited insulation",Poor,Poor,"Warm air, electric",Very Poor,Poor,Programmer and room thermostat,Average,Average,No low energy lighting,Very Poor,Very Poor,electricity - this is for backwards compatibility only and should not be used,0,unheated corridor,3.0,2.8,0.0,N,natural,"Flat L, 1-3, Spring Gardens",Westminster,Cities of London and Westminster,LONDON,England and Wales: before 1900,2008-10-06 14:31:39,owner-occupied,,,10033575880,Address Matched,100
